TransactionID,CustomerID,LocationNormalized,CustAccountBalance,TransactionAmount (INR),spend_balance_ratio
T742111,C7323566,CHANDIGARH,0.01,42398.0,4239800.0
T836117,C5719489,KOLAR,0.01,25500.0,2550000.0
T253453,C3523520,CHANDIGARH,0.01,20000.0,2000000.0
T652735,C6038911,TANK HYDERABAD,0.01,17820.0,1782000.0
T421850,C2816416,MUMBAI,0.01,15715.0,1571500.0
T424045,C7338987,TANK HYDERABAD,0.01,10764.0,1076400.0
T343016,C2223587,CHANDIGARH,0.01,9500.0,950000.0
T782382,C8238539,LUCKNOW,0.01,9000.0,900000.0
T311365,C5527984,FARIDABAD,0.01,8700.0,870000.0
T196759,C1920771,CHENNAI,0.05,42625.0,852500.0
T295993,C7914911,NAVI MUMBAI,0.01,6910.0,691000.0
T321959,C7572985,DELHI,0.01,6080.0,608000.0
T974802,C3772967,DELHI,0.01,5905.0,590500.0
T793839,C8825631,NASHIK,0.01,5690.0,569000.0
T360111,C1522681,MANGALORE D K,0.01,5655.0,565500.0
T872230,C5930460,NEW DELHI,0.01,5550.0,555000.0
T285555,C4099744,KAITHAL,0.01,5280.0,528000.0
T60477,C1714915,NAVI MUMBAI,0.01,4978.5,497850.0
T409747,C6813744,NEW DELHI,0.01,4678.0,467800.0
T141463,C4153580,HAMIRPUR,0.02,8500.0,425000.0
T144661,C4753536,HAMIRPUR,0.02,8000.0,400000.0
T828183,C4332969,NEW DELHI,0.01,3813.0,381300.0
T1031868,C9020016,SIVASAGAR,0.01,3800.0,380000.0
T375799,C8437656,DERA BASSI,0.04,14950.0,373750.0
T415737,C4013763,NEW DELHI,0.01,3674.0,367400.0
T615756,C5826991,HYDERABAD,0.01,3482.12,348212.0
T816638,C6937588,SURAT,0.01,3190.0,319000.0
T940017,C3918352,DELHI,0.01,3160.0,316000.0
T244155,C8141778,MUMBAI,0.01,3152.18,315218.0
T597108,C8213754,NEW DELHI,0.01,3028.34,302834.0
T974419,C2911927,JHANSI,0.01,2994.01,299401.0
T487610,C1899756,KAITHAL,0.01,2844.17,284417.0
T422384,C3916440,MUMBAI,0.01,2760.0,276000.0
T624459,C5047022,SILIGURI,0.01,2698.01,269801.0
T259584,C1941764,MUMBAI,0.01,2675.0,267500.0
T626832,C4047046,SILIGURI,0.01,2606.0,260600.0
T701327,C5178022,PUNE,0.01,2501.0,250100.0
T141093,C8137657,DERA BASSI,0.04,10000.0,250000.0
T930309,C1736361,AMBALA CANTT,0.01,2500.0,250000.0
T956056,C5437636,BANGALORE,0.01,2297.0,229700.0
T957471,C3237640,BANGALORE,0.01,2297.0,229700.0
T648980,C2424871,BHOPAL,0.01,2233.72,223371.99999999997
T624266,C4037056,NEW DELHI,0.01,2230.0,223000.0
T876003,C4633157,NASHIK,0.01,2200.0,220000.0
T736417,C3926754,MUMBAI,0.01,2198.0,219800.0
T69549,C1230675,NAVI MUMBAI,0.01,2138.0,213800.0
T543399,C3333166,NASHIK,0.01,2100.0,210000.0
T151591,C2833119,NASHIK,0.01,2058.48,205848.0
T774508,C6411920,JHANSI,0.01,2032.0,203200.0
T651880,C8324890,BHOPAL,0.01,2007.66,200766.0
T961335,C2437621,BANGALORE,0.01,1905.0,190500.0
T568415,C1024352,THANE,0.01,1827.15,182715.0
T360734,C6037646,DERA BASSI,0.04,7270.0,181750.0
T894595,C2825649,NASHIK,0.01,1769.0,176900.0
T673265,C5284589,THRISSUR,0.02,3500.0,175000.0
T491469,C4239829,MUMBAI,0.01,1718.0,171800.0
T422818,C1116470,MUMBAI,0.01,1710.0,171000.0
T31199,C2715223,SAMALKHA,0.01,1707.0,170700.0
T678445,C2610554,MUMBAI,0.02,3165.0,158250.0
T672201,C7013716,NEW DELHI,0.01,1572.46,157246.0
T688741,C2810584,MUMBAI,0.02,3080.0,154000.0
T823936,C5511966,JHANSI,0.01,1527.84,152784.0
T174294,C8737576,SURAT,0.01,1512.75,151275.0
T278260,C6337579,SURAT,0.01,1512.75,151275.0
T568915,C1539855,MUMBAI,0.01,1499.0,149900.0
T927464,C4237665,BANGALORE,0.01,1400.0,140000.0
T1046905,C6610050,CUTTACK CUTTACK,0.05,6993.6,139872.0
T584624,C1325064,DEHRADUN,0.01,1333.0,133300.0
T113411,C7620133,WINES CHARLAPALLY HYDERABAD,0.1,13040.0,130400.0
T141718,C8920157,WINES CHARLAPALLY HYDERABAD,0.1,13040.0,130400.0
T612417,C8137633,DERA BASSI,0.04,5000.0,125000.0
T785556,C4026752,MUMBAI,0.01,1249.0,124900.0
T853084,C4034153,KOLKATA,0.02,2415.92,120796.0
T363618,C8610583,MUMBAI,0.02,2350.0,117500.0
T368153,C5432019,GURGAON,0.01,1171.25,117125.0
T179275,C7739891,MUMBAI,0.01,1150.0,115000.0
T212937,C4914985,NAVI MUMBAI,0.01,1131.5,113150.0
T847737,C2330456,NEW DELHI,0.01,1127.0,112700.0
T561525,C3727970,FARIDABAD,0.01,1110.0,111000.0
T882,C3310523,MUMBAI,0.02,2220.0,111000.0
T838865,C3034116,KOLKATA,0.02,2210.0,110500.0
T244597,C2517171,MUMBAI,0.03,3308.0,110266.66666666667
T898662,C5125654,NASHIK,0.01,1099.0,109900.0
T880192,C2778056,PUNE,0.01,1092.0,109200.0
T250250,C2537681,DERA BASSI,0.04,4354.0,108850.0
T403714,C8828281,GURGAON,0.02,2167.0,108350.0
T758885,C2139791,KOLKATA,0.52,56159.44,107998.92307692308
T697933,C5425681,NASHIK,0.01,1078.0,107800.0
T610421,C8325050,DEHRADUN,0.01,1064.4,106440.0
T989310,C8626784,PANCHKULA,0.01,1059.8,105980.0
T949021,C8926748,MUMBAI,0.01,1050.0,105000.0
T23784,C2415331,DHANBAD,0.01,1049.0,104900.0
T570419,C1415360,DHANBAD,0.01,1049.0,104900.0
T245643,C8332054,GURGAON,0.01,1009.79,100979.0
T821982,C3332039,GURGAON,0.01,1009.77,100977.0
T584119,C2678043,PUNE,0.01,1002.0,100200.0
T124066,C1332922,NEW DELHI,0.01,1000.0,100000.0
T184484,C6425014,DEHRADUN,0.01,1000.0,100000.0
T236784,C7525035,DEHRADUN,0.01,1000.0,100000.0
T262180,C6020733,MUMBAI,0.01,1000.0,100000.0
T27928,C3131932,FARIDABAD,0.01,1000.0,100000.0
T344684,C3038527,LUCKNOW,0.01,1000.0,100000.0
T505433,C2227935,FARIDABAD,0.01,1000.0,100000.0
T800903,C8425049,DEHRADUN,0.01,1000.0,100000.0
T900437,C7426730,PANCHKULA,0.01,1000.0,100000.0
T994953,C7926755,PANCHKULA,0.01,1000.0,100000.0
T357341,C7137668,DERA BASSI,0.04,3980.0,99500.0
T567414,C6213728,NEW DELHI,0.01,990.0,99000.0
T583187,C1278030,PUNE,0.01,974.0,97400.0
T739786,C8926779,MUMBAI,0.01,969.0,96900.0
T648996,C6510553,MUMBAI,0.02,1920.0,96000.0
T949523,C7037634,BANGALORE,0.01,926.75,92675.0
T868063,C5078018,PUNE,0.01,911.0,91100.0
T221168,C4420721,CHENNAI,0.05,4550.0,91000.0
T824431,C7325024,DEHRADUN,0.01,910.0,91000.0
T254657,C4725087,DEHRADUN,0.01,900.0,90000.0
T651948,C8661135,GURGAON,0.04,3590.0,89750.0
T322213,C4710975,WEST GODAVARI,0.01,892.0,89200.0
T268218,C1010512,MUMBAI,0.02,1783.0,89150.0
T584851,C4311938,JHANSI,0.01,880.0,88000.0
T526306,C7737664,DERA BASSI,0.04,3518.0,87950.0
T59636,C6910585,MUMBAI,0.02,1732.0,86600.0
T691377,C8110521,MUMBAI,0.02,1725.0,86250.0
T503521,C3021612,LUDHIANA,0.01,850.0,85000.0
T972819,C3421643,LUDHIANA,0.01,850.0,85000.0
T803376,C4818340,DELHI,0.01,845.0,84500.0
T141776,C4117178,MUMBAI,0.03,2495.0,83166.66666666667
T768092,C1710520,MUMBAI,0.02,1655.0,82750.0
T604459,C5618332,DELHI,0.01,805.0,80500.0
T116909,C8414985,NAVI MUMBAI,0.01,804.0,80400.0
T355650,C7041788,MUMBAI,0.01,800.0,80000.0
T167024,C5499713,KAITHAL,0.01,795.0,79500.0
T288065,C8340351,BANGALORE,0.04,3058.06,76451.5
T689403,C2278050,PUNE,0.01,757.0,75700.0
T422274,C6437518,MUMBAI,0.14,10500.0,75000.0
T24168,C3525843,BANGALORE,0.01,749.5,74950.0
T602385,C5727049,BARODA-VADODARA,0.01,747.0,74700.0
T674524,C7537671,DERA BASSI,0.04,2960.0,74000.0
T215854,C2720783,CHENNAI,0.05,3650.0,73000.0
T607476,C4737667,DERA BASSI,0.04,2910.0,72750.0
T307039,C5640383,BANGALORE,0.04,2899.0,72475.0
T461711,C4817261,DELHI,0.18,12900.0,71666.66666666667
T788592,C1590936,CHENNAI,1.42,100000.0,70422.5352112676
T924585,C1737657,BANGALORE,0.01,699.0,69900.0
T875910,C5710524,MUMBAI,0.02,1376.0,68800.0
T256144,C7532619,WARANGAL,0.01,684.9,68490.0
T420045,C3541745,MUMBAI,0.01,662.0,66200.0
T20612,C8839686,BANGALORE,0.01,660.0,66000.0
T180950,C4616787,DELHI,0.07,4597.97,65685.28571428571
T205575,C2627915,FARIDABAD,0.01,650.0,65000.0
T485165,C6739883,MUMBAI,0.01,648.0,64800.0
T276060,C7917152,MUMBAI,0.03,1918.0,63933.333333333336
T276894,C4917159,MUMBAI,0.03,1918.0,63933.333333333336
T277206,C5217159,MUMBAI,0.03,1918.0,63933.333333333336
T137882,C2818318,ROORKEE,0.01,623.0,62300.0
T212481,C2616751,DELHI,0.07,4347.0,62099.99999999999
T1036066,C3042623,CHANDIGARH,0.05,3100.0,62000.0
T179553,C4737668,BANGALORE,0.01,608.0,60800.0
T261821,C2510555,MUMBAI,0.02,1215.0,60750.0
T44278,C5917161,MUMBAI,0.03,1816.0,60533.333333333336
T579628,C4636790,NEW DELHI,0.19,11500.0,60526.31578947369
T283723,C2214562,KOLKATA,0.1,6000.0,60000.0
T417925,C2025680,NASHIK,0.01,600.0,60000.0
T522187,C2422369,NEW DELHI,0.94,56000.0,59574.46808510639
T553813,C6741927,DELHI,0.01,583.0,58300.0
T104446,C1420754,MUMBAI,0.01,580.0,58000.0
T255421,C3710573,MUMBAI,0.02,1150.0,57500.0
T44756,C2537657,BANGALORE,0.01,574.04,57403.99999999999
T160206,C4720750,MUMBAI,0.01,570.0,57000.0
T55440,C5126758,MUMBAI,0.01,565.0,56500.0
T240404,C4020784,MUMBAI,0.01,534.0,53400.0
T979999,C1539759,KOLKATA,0.52,27207.0,52321.153846153844
T982210,C3839737,KOLKATA,0.52,27207.0,52321.153846153844
T648538,C2020678,NOIDA,0.48,25000.0,52083.333333333336
T309151,C2641751,MUMBAI,0.01,516.5,51650.0
T106020,C6011336,FARIDABAD,0.03,1533.0,51100.0
T177958,C5420737,CHENNAI,0.05,2512.0,50240.0
T1038322,C8811980,JHANSI,0.01,500.0,50000.0
T175957,C1920746,CHENNAI,0.05,2500.0,50000.0
T381703,C3539340,BANGALORE,0.02,1000.0,50000.0
T525617,C1540332,BANGALORE,0.04,2000.0,50000.0
T713847,C2111944,JHANSI,0.01,500.0,50000.0
T834560,C6026748,PANCHKULA,0.01,500.0,50000.0
T838484,C6326751,PANCHKULA,0.01,500.0,50000.0
T913191,C7610550,MUMBAI,0.02,1000.0,50000.0
T930512,C4025887,BANGALORE,0.01,500.0,50000.0
T976053,C7839492,FARIDABAD,0.01,500.0,50000.0
T217597,C5218376,DELHI,0.01,499.0,49900.0
T518873,C1021233,NOIDA,0.32,15828.0,49462.5
T638487,C6237340,DEHRADUN,0.79,38000.0,48101.26582278481
T100841,C3517180,MUMBAI,0.03,1439.0,47966.66666666667
T110552,C1426777,MUMBAI,0.01,465.0,46500.0
T106122,C3015916,AMRITSAR,0.73,33203.66,45484.465753424665
T917721,C1110547,MUMBAI,0.02,900.0,45000.0
T406107,C2928238,GURGAON,0.02,882.0,44100.0
T759743,C4242916,NEW DELHI,0.19,8350.0,43947.36842105263
T242384,C8486264,BAREILLY,0.23,10000.0,43478.260869565216
T195178,C5617143,MUMBAI,0.03,1300.0,43333.333333333336
T1002971,C8927750,GURGAON,0.07,3030.18,43288.28571428571
T536052,C3822336,NEW DELHI,0.94,40000.0,42553.19148936171
T291120,C1635611,NEW DELHI,0.07,2898.0,41399.99999999999
T673416,C4524151,MUMBAI,0.01,413.5,41350.0
T677093,C5510544,MUMBAI,0.02,825.0,41250.0
T734122,C1339782,KOLKATA,0.52,21025.07,40432.82692307692
T398665,C2525077,DEHRADUN,0.01,404.0,40400.0
T123473,C1114939,NAVI MUMBAI,0.01,400.0,40000.0
T221004,C8820723,CHENNAI,0.05,2000.0,40000.0
T654275,C7725022,DEHRADUN,0.01,400.0,40000.0
T721781,C6271584,THANE,0.01,400.0,40000.0
T136940,C8920734,MUMBAI,0.01,395.0,39500.0
T538160,C6418823,THANE,0.01,378.8,37880.0
T543087,C5537626,DERA BASSI,0.04,1509.0,37725.0
T488707,C7427167,DELHI,0.04,1500.0,37500.0
T751812,C5264969,DEHRADUN,0.08,2981.0,37262.5
T353547,C4626726,MUMBAI,0.01,371.0,37100.0
T356843,C1230632,NAVI MUMBAI,0.01,370.0,37000.0
T179619,C3920786,CHENNAI,0.05,1826.0,36520.0
T306820,C8147351,GURGAON,0.01,363.0,36300.0
T181639,C6120782,CHENNAI,0.05,1814.0,36280.0
T210086,C5019430,KOLAR,0.01,360.0,36000.0
T221120,C5237616,DERA BASSI,0.04,1440.0,36000.0
T440274,C2244061,PURULIA,0.07,2490.0,35571.428571428565
T358138,C1710236,GURGAON,0.02,710.0,35500.0
T825724,C6331822,KOPERKHAIRNE NAVI MUMBAI,0.03,1060.77,35359.0
T287597,C3986257,BAREILLY,0.23,8108.0,35252.17391304348
T352647,C1626745,MUMBAI,0.01,350.0,35000.0
T376780,C6025818,BANGALORE,0.01,350.0,35000.0
T468564,C1426783,MUMBAI,0.01,350.0,35000.0
T525473,C3626720,MUMBAI,0.01,350.0,35000.0
T526316,C7826762,MUMBAI,0.01,350.0,35000.0
T704273,C7126753,MUMBAI,0.01,350.0,35000.0
T972573,C4526782,MUMBAI,0.01,350.0,35000.0
T100934,C5126726,MUMBAI,0.01,348.0,34800.0
T459570,C6140383,BANGALORE,0.04,1378.0,34450.0
T388437,C5022583,BHUBANESWAR,0.05,1720.0,34400.0
T355006,C1741730,MUMBAI,0.01,338.0,33800.0
T363220,C2017137,MUMBAI,0.03,1000.0,33333.333333333336
T266364,C4316861,JUNAGADH,0.29,9605.0,33120.68965517241
T109624,C1413979,THANE,0.02,662.0,33100.0
T560768,C1721762,GREATER NOIDA,0.01,325.0,32500.0
T184970,C2520778,CHENNAI,0.05,1620.0,32400.0
T611828,C6715347,DHANBAD,0.01,323.0,32300.0
T421556,C2518833,THANE,0.01,320.77,32076.999999999996
T687738,C6214578,KOLKATA,0.1,3206.0,32060.0
T181039,C4920714,CHENNAI,0.05,1600.0,32000.0
T579161,C6478024,PUNE,0.01,320.0,32000.0
T660425,C1326745,MUMBAI,0.01,320.0,32000.0
T539915,C4422336,NEW DELHI,0.94,30000.0,31914.89361702128
T629970,C2839736,NEW DELHI,0.83,25989.02,31312.07228915663
T253015,C4226712,MUMBAI,0.01,313.0,31300.0
T423669,C5830987,DECATHLON SPORTS AHMEDABAD,0.32,10000.0,31250.0
T640188,C2834814,BARABANKI,0.02,624.0,31200.0
T422984,C6312147,BHUBANESHWAR,0.01,308.0,30800.0
T164723,C4499770,KAITHAL,0.01,306.62,30662.0
T40011,C8799762,KAITHAL,0.01,306.62,30662.0
T523939,C8499792,KAITHAL,0.01,306.62,30662.0
T524428,C1599728,KAITHAL,0.01,306.62,30662.0
T639405,C7899717,KAITHAL,0.01,306.62,30662.0
T6623,C5299769,KAITHAL,0.01,306.62,30662.0
T666563,C5399721,KAITHAL,0.01,306.62,30662.0
T668539,C4399718,KAITHAL,0.01,306.62,30662.0
T1015129,C8734886,ERNAKULAM,0.02,610.0,30500.0
T41503,C7837662,BANGALORE,0.01,305.0,30500.0
T612376,C5021612,LUDHIANA,0.01,300.0,30000.0
T632132,C1016449,MUMBAI,0.01,300.0,30000.0
T694980,C5825669,NASHIK,0.01,300.0,30000.0
T76555,C1726770,MUMBAI,0.01,300.0,30000.0
T912297,C8321640,LUDHIANA,0.01,300.0,30000.0
T986664,C6921780,GREATER NOIDA,0.01,300.0,30000.0
T191898,C3334968,MUMBAI,0.5,14999.0,29998.0
T800399,C1718342,DELHI,0.01,299.0,29900.0
T629993,C2726718,MUMBAI,0.01,298.0,29800.0
T438801,C6120474,BANGALORE,0.48,14000.0,29166.666666666668
T541386,C8639784,KOLKATA,0.52,15000.0,28846.153846153844
T193663,C9035544,NOIDA,0.85,24467.0,28784.70588235294
T303844,C2218846,NEW DELHI,0.16,4600.0,28750.0
T348716,C7317158,MUMBAI,0.03,850.0,28333.333333333336
T444665,C6534882,ERNAKULAM,0.02,561.38,28069.0
T391240,C5926776,MUMBAI,0.01,280.0,28000.0
T391737,C3826787,MUMBAI,0.01,280.0,28000.0
T62254,C1715626,HYDERABAD,0.01,279.52,27951.999999999996
T766120,C3515685,HYDERABAD,0.01,279.5,27950.0
T527956,C8737670,DERA BASSI,0.04,1100.0,27500.0
T699521,C1637633,DERA BASSI,0.04,1100.0,27500.0
T438512,C6111339,FARIDABAD,0.03,820.6,27353.333333333336
T127115,C4120756,CHENNAI,0.05,1360.0,27200.0
T732196,C2739788,KOLKATA,0.52,14016.71,26955.211538461535
T440463,C8642445,MUMBAI,0.65,17500.0,26923.076923076922
T712956,C1942659,CHANDIGARH,0.05,1345.14,26902.8
T666809,C1084585,THRISSUR,0.02,534.0,26700.0
T198232,C2917183,MUMBAI,0.03,795.0,26500.0
T63785,C2417173,MUMBAI,0.03,793.0,26433.333333333336
T136647,C3439152,ALIGARH,0.05,1300.0,26000.0
T180690,C6120760,CHENNAI,0.05,1300.0,26000.0
T221459,C7720750,CHENNAI,0.05,1290.0,25800.0
T634234,C5729175,CHENNAI,0.09,2280.0,25333.333333333336
T1007552,C2010241,GURGAON,0.02,500.0,25000.0
T218598,C2271522,THANE,0.01,250.0,25000.0
T404801,C6428292,GURGAON,0.02,500.0,25000.0
T534305,C8010238,GURGAON,0.02,500.0,25000.0
T898909,C1521625,LUDHIANA,0.01,250.0,25000.0
T130885,C1713635,MUMBAI,0.06,1499.0,24983.333333333336
T757748,C7337474,GHAZIABAD,0.77,19150.0,24870.12987012987
T409899,C5628222,GURGAON,0.02,495.0,24750.0
T313795,C7525641,NASHIK,0.01,247.0,24700.0
T432383,C5516353,BHARUCH,0.35,8474.0,24211.428571428572
T464630,C3610215,GURGAON,0.02,483.0,24150.0
T339963,C8535621,NEW DELHI,0.07,1650.0,23571.42857142857
T9915,C5088841,KOLKATA,0.06,1400.04,23334.0
T219371,C1611318,FARIDABAD,0.03,699.0,23300.0
T839864,C3734190,KOLKATA,0.02,460.0,23000.0
T911211,C4727759,GURGAON,0.07,1593.0,22757.142857142855
T201098,C8941214,HYDERABAD,1.32,30000.0,22727.272727272728
T269782,C7629764,ROHTAK,0.01,225.0,22500.0
T722308,C8664989,DEHRADUN,0.08,1800.0,22500.0
T920005,C2414835,LUDHIANA,0.01,225.0,22500.0
T932486,C7535580,DELHI,0.44,9864.0,22418.18181818182
T638148,C8021654,LUDHIANA,0.01,224.0,22400.0
T909308,C6037657,BANGALORE,0.01,222.0,22200.0
T1032883,C3637648,BANGALORE,0.01,220.0,22000.0
T183029,C8520766,CHENNAI,0.05,1100.0,22000.0
T311423,C4432679,WARANGAL,0.01,220.0,22000.0
T853237,C5446827,NEWDELHI,0.03,646.0,21533.333333333336
T545725,C4022337,NEW DELHI,0.94,20000.0,21276.595744680853
T546955,C9022353,NEW DELHI,0.94,20000.0,21276.595744680853
T317336,C2317117,MUMBAI,0.03,638.0,21266.666666666668
T415403,C6327162,DELHI,0.04,832.66,20816.5
T371337,C3427188,DELHI,0.04,832.54,20813.5
T233974,C8237611,DERA BASSI,0.04,830.0,20750.0
T682287,C8030658,NAVI MUMBAI,0.01,205.0,20500.0
T313677,C3649946,PARK MAHAPE NAVI MUMBAI,0.13,2655.0,20423.076923076922
T98246,C2417172,MUMBAI,0.03,610.0,20333.333333333336
T1009770,C7911992,JHANSI,0.01,200.0,20000.0
T1033145,C3611940,JHANSI,0.01,200.0,20000.0
T143271,C6253536,HAMIRPUR,0.02,400.0,20000.0
T199189,C5625065,DEHRADUN,0.01,200.0,20000.0
T274048,C7229774,ROHTAK,0.01,200.0,20000.0
T518751,C7911989,JHANSI,0.01,200.0,20000.0
T585283,C8611977,JHANSI,0.01,200.0,20000.0
T585980,C8411979,JHANSI,0.01,200.0,20000.0
T591064,C2415358,DHANBAD,0.01,200.0,20000.0
T650478,C5025838,BANGALORE,0.01,200.0,20000.0
T795704,C5325631,NASHIK,0.01,200.0,20000.0
T81335,C2511937,JHANSI,0.01,200.0,20000.0
T82566,C4111961,JHANSI,0.01,200.0,20000.0
T839766,C9029786,ROHTAK,0.01,200.0,20000.0
T723388,C8115337,DHANBAD,0.01,198.0,19800.0
T924544,C1527936,FARIDABAD,0.01,198.0,19800.0
T932083,C8434734,NEW DELHI,0.01,198.0,19800.0
T830376,C1129166,CHENNAI,0.09,1750.0,19444.444444444445
T115409,C8546885,NEWDELHI,0.03,583.22,19440.666666666668
T185262,C8220747,CHENNAI,0.05,970.0,19400.0
T302820,C3886261,BAREILLY,0.23,4460.47,19393.347826086956
T342451,C6928646,SURAT,0.13,2500.0,19230.76923076923
T278840,C2839317,BANGALORE,0.02,383.0,19150.0
T781234,C7221718,BANGALORE,3.97,75091.0,18914.609571788413
T782369,C2721765,BANGALORE,3.97,75091.0,18914.609571788413
T279974,C8721234,NOIDA,0.32,5884.0,18387.5
T491653,C3842264,DELHI,0.07,1283.0,18328.571428571428
T364081,C1626367,MEERUT,1.51,27270.0,18059.60264900662
T648859,C7118386,DELHI,0.01,180.0,18000.0
T978224,C8339716,KOLKATA,0.52,9207.0,17705.76923076923
T228084,C1839970,RAMSIN,1.54,26999.0,17531.81818181818
T216234,C4420744,CHENNAI,0.05,870.0,17400.0
T388340,C3410517,MUMBAI,0.02,348.0,17400.0
T141388,C7886259,BAREILLY,0.23,4000.0,17391.304347826088
T402384,C8533246,SOUTHALL,4.71,81800.0,17367.303609341827
T357952,C5217152,MUMBAI,0.03,518.0,17266.666666666668
T604381,C8240340,BANGALORE,0.04,688.0,17200.0
T178867,C4720760,CHENNAI,0.05,855.0,17100.0
T493053,C3637652,DERA BASSI,0.04,682.5,17062.5
T223851,C1020771,CHENNAI,0.05,850.0,17000.0
T189968,C8639928,RAMSIN,1.54,26060.0,16922.077922077922
T190409,C5939946,RAMSIN,1.54,26060.0,16922.077922077922
T658386,C5123725,VISAKHAPATNAM,0.74,12500.0,16891.891891891893
T284643,C5113971,THANE,0.02,337.0,16850.0
T865525,C2621749,BANGALORE,3.97,66799.0,16825.94458438287
T865902,C4921769,BANGALORE,3.97,66799.0,16825.94458438287
T115408,C5691023,INDORE,0.12,2000.0,16666.666666666668
T152739,C4911344,FARIDABAD,0.03,500.0,16666.666666666668
T191654,C8911321,FARIDABAD,0.03,500.0,16666.666666666668
T405609,C3711332,FARIDABAD,0.03,500.0,16666.666666666668
T497397,C4111332,FARIDABAD,0.03,500.0,16666.666666666668
T68844,C6611368,FARIDABAD,0.03,500.0,16666.666666666668
T187206,C1339140,ALIGARH,0.05,816.0,16320.0
T948043,C7050643,CHENNAI,0.34,5500.0,16176.470588235294
T115104,C3991068,INDORE,0.12,1936.0,16133.333333333334
T446894,C3116371,HOSHIARPUR,0.01,161.28,16128.0
T181720,C3220744,CHENNAI,0.05,800.0,16000.0
T184677,C7020713,CHENNAI,0.05,800.0,16000.0
T198671,C1111324,FARIDABAD,0.03,480.0,16000.0
T568954,C2778017,PUNE,0.01,160.0,16000.0
T577403,C3321782,BANGALORE,3.97,63387.0,15966.498740554156
T971532,C6121775,BANGALORE,3.97,62899.0,15843.576826196473
T131654,C4818819,THANE,0.01,158.29,15828.999999999998
T356758,C7937636,DERA BASSI,0.04,630.0,15750.0
T80294,C4617152,MUMBAI,0.03,470.0,15666.666666666668
T143364,C6227964,FARIDABAD,0.01,155.45,15544.999999999998
T242406,C7342729,GURGAON,0.31,4805.0,15500.0
T153984,C3040328,BANGALORE,0.04,618.29,15457.249999999998
T121179,C1238735,HYDERABAD,2.01,31000.0,15422.885572139305
T266368,C1213633,NEW DELHI,0.39,6000.0,15384.615384615385
T110686,C7041779,NASHIK,0.01,153.0,15300.0
T255371,C1461190,GURGAON,0.04,605.72,15143.0
T776789,C6816866,WARANGAL,0.1,1512.94,15129.4
T936388,C9026772,PANCHKULA,0.01,150.0,15000.0
T847775,C5125645,NASHIK,0.01,147.0,14700.0
T780253,C4039066,NEW DELHI,0.19,2790.0,14684.21052631579
T942158,C3328642,SURAT,0.13,1907.0,14669.23076923077
T144720,C1117174,MUMBAI,0.03,430.0,14333.333333333334
T716370,C5132677,GURGAON,0.02,286.0,14300.0
T310767,C3929686,TALUK KANCHEEPURAM DIST,0.07,1000.0,14285.714285714284
T998468,C8029651,TALUK KANCHEEPURAM DIST,0.07,1000.0,14285.714285714284
T137947,C2340553,NASIRABAD,0.75,10500.0,14000.0
T177410,C1820717,CHENNAI,0.05,700.0,14000.0
T178251,C4520734,CHENNAI,0.05,700.0,14000.0
T660843,C2622426,NAVI MUMBAI,0.31,4323.0,13945.161290322581
T801130,C1174524,BANGALORE,0.35,4871.0,13917.142857142859
T772244,C6621713,BANGALORE,3.97,54788.0,13800.50377833753
T1012929,C3121752,BANGALORE,3.97,54779.0,13798.23677581864
T137187,C1627578,NR CHURCH NAJAFGARG NEW DELHI,0.55,7570.0,13763.636363636362
T312556,C2716460,TRISSUR,0.39,5306.62,13606.717948717947
T889701,C5561153,MUMBAI,0.75,10151.0,13534.666666666666
T892173,C1761167,MUMBAI,0.75,10151.0,13534.666666666666
T182111,C4220737,CHENNAI,0.05,674.0,13480.0
T230247,C5227947,FARIDABAD,0.01,134.0,13400.0
T41397,C5112464,SONIPAT,1.53,20433.66,13355.333333333332
T639901,C7536753,NEW DELHI,0.19,2500.0,13157.894736842105
T825874,C4742946,BANDRA EAST MUMBAI,0.19,2500.0,13157.894736842105
T489254,C7942586,KATGHORA,4.9,64351.0,13132.857142857141
T491181,C8242566,KATGHORA,4.9,64351.0,13132.857142857141
T145536,C6820450,BANGALORE,0.48,6299.0,13122.916666666668
T198777,C1686248,BAREILLY,0.23,3000.0,13043.478260869564
T199734,C2786262,BAREILLY,0.23,3000.0,13043.478260869564
T406644,C6050536,GURGAON,0.09,1170.0,13000.0
T656856,C3924118,MUMBAI,0.01,128.72,12872.0
T691866,C3437624,DERA BASSI,0.04,510.0,12750.0
T660069,C4335180,JALANDHAR,0.12,1521.0,12675.0
T668323,C6635130,JALANDHAR,0.12,1521.0,12675.0
T335379,C3578026,NASHIK,0.15,1888.04,12586.933333333334
T68276,C8741243,HYDERABAD,1.32,16614.0,12586.363636363636
T432513,C7717171,MUMBAI,0.03,375.0,12500.0
T798864,C3718350,DELHI,0.01,125.0,12500.0
T1036971,C4450556,GURGAON,0.09,1124.0,12488.888888888889
T401934,C5828292,GURGAON,0.02,249.0,12450.0
T496713,C2311030,THANE,0.12,1480.0,12333.333333333334
T726574,C4828676,SURAT,0.13,1600.0,12307.692307692307
T68712,C8041988,MUMBAI,0.69,8490.0,12304.347826086958
T939218,C8912970,TIRUPATHI,0.15,1833.09,12220.6
T1011854,C5941419,AHMEDABAD,2.0,24398.0,12199.0
T891946,C1335679,NEW DELHI,0.07,850.0,12142.857142857141
T199553,C4913788,DELHI,1.65,20000.0,12121.212121212122
T186696,C3026189,PARBHANI,0.06,721.0,12016.666666666668
T180483,C2720773,CHENNAI,0.05,600.0,12000.0
T180864,C7120739,CHENNAI,0.05,600.0,12000.0
T184879,C6120746,CHENNAI,0.05,600.0,12000.0
T184959,C4020754,CHENNAI,0.05,600.0,12000.0
T700324,C3837675,DERA BASSI,0.04,480.0,12000.0
T750464,C5361154,MUMBAI,0.75,9000.0,12000.0
T31624,C4318823,THANE,0.01,119.22,11922.0
T79860,C7132631,GURGAON,0.02,238.2,11910.0
T378220,C7616452,TRISSUR,0.39,4634.0,11882.051282051281
T893745,C3616418,TRISSUR,0.39,4620.48,11847.384615384613
T842672,C7910263,NEW DELHI,0.19,2247.0,11826.315789473683
T70073,C6028472,NEAR BATA MORE KOLKATA,0.11,1300.0,11818.181818181818
T918197,C4830556,BHOPAL,0.12,1415.0,11791.666666666668
T613169,C7135592,NOIDA,0.85,10000.0,11764.705882352942
T1032940,C6939990,HAMIRPUR,0.89,10442.0,11732.58426966292
T605969,C3527425,NASHIK,2.1,24500.0,11666.666666666666
T24695,C6437550,MUMBAI,0.14,1626.0,11614.285714285714
T573958,C1636665,DELHI,1.8,20720.58,11511.433333333334
T118559,C5651948,BHAJAN PURA DELHI,0.22,2500.0,11363.636363636364
T415374,C5210752,KARNAL,0.08,900.0,11250.0
T76860,C4832612,GURGAON,0.02,225.0,11250.0
T928073,C7139365,BANGALORE,0.02,225.0,11250.0
T930467,C8139317,BANGALORE,0.02,225.0,11250.0
T993625,C4225962,PANIPAT,2.23,25000.0,11210.762331838565
T501497,C1839371,BANGALORE,0.02,224.0,11200.0
T469904,C6042777,GURGAON,0.31,3452.0,11135.483870967742
T139388,C7825852,BHOPAL,0.76,8453.11,11122.513157894737
T761922,C6939721,NEW DELHI,0.83,9200.0,11084.33734939759
T406625,C2428278,GURGAON,0.02,221.0,11050.0
T217941,C3642978,BANDRA EAST MUMBAI,0.19,2099.0,11047.368421052632
T819278,C9027780,DELHI,0.1,1100.0,11000.0
T466277,C5011323,FARIDABAD,0.03,329.0,10966.666666666668
T237424,C4720719,MUMBAI,0.01,109.0,10900.0
T726467,C6827769,GURGAON,0.07,755.0,10785.714285714284
T515679,C6031619,MUMBAI,0.93,9969.0,10719.354838709676
T766565,C7342660,NAMAKKAL,0.14,1499.0,10707.142857142857
T247127,C5153154,MUMBAI,0.25,2670.5,10682.0
T472131,C4711339,FARIDABAD,0.03,320.0,10666.666666666668
T247704,C1741957,DELHI,1.61,17000.0,10559.006211180124
T751379,C2442915,NEW DELHI,0.19,2000.0,10526.315789473683
T375970,C6232628,GURGAON,0.02,210.0,10500.0
T666784,C2736211,CALICUT,0.18,1880.0,10444.444444444445
T359326,C7240552,NAGPUR,0.29,3006.96,10368.827586206897
T78509,C2941174,CHENNAI,0.58,6000.0,10344.827586206897
T412663,C7738440,VADODARA,1.34,13800.0,10298.507462686566
T27151,C2734427,ZIRAKPUR,0.78,8000.0,10256.410256410256
T1030109,C7241724,MUMBAI,0.01,102.0,10200.0
T226436,C5137648,DERA BASSI,0.04,404.0,10100.0
T880401,C2822422,BANGALORE,0.19,1907.0,10036.842105263158
T559828,C4632044,PUNE,2.02,20212.0,10005.940594059406
T1008728,C1325041,DEHRADUN,0.01,100.0,10000.0
T1026312,C2721612,LUDHIANA,0.01,100.0,10000.0
T15375,C8221677,LUDHIANA,0.01,100.0,10000.0
T183238,C4111316,FARIDABAD,0.03,300.0,10000.0
T223626,C5132658,GURGAON,0.02,200.0,10000.0
T249894,C2211357,FARIDABAD,0.03,300.0,10000.0
T490128,C6511390,FARIDABAD,0.03,300.0,10000.0
T491082,C3734936,MUMBAI,0.5,5000.0,10000.0
T495439,C7921664,LUDHIANA,0.01,100.0,10000.0
T561426,C1021653,LUDHIANA,0.01,100.0,10000.0
T594486,C3521690,LUDHIANA,0.01,100.0,10000.0
T60183,C1771574,THANE,0.01,100.0,10000.0
T932713,C5925033,DEHRADUN,0.01,100.0,10000.0
T957030,C6939840,DELHI,0.01,100.0,10000.0
T487885,C7335531,HUBLI,0.87,8696.0,9995.402298850575
T374098,C5491082,INDORE,0.12,1195.0,9958.333333333334
T719143,C8832622,GURGAON,0.02,199.0,9950.0
T184944,C7020765,CHENNAI,0.05,490.0,9800.0
T923500,C3942984,NEW DELHI,0.19,1841.0,9689.473684210527
T184952,C2620712,CHENNAI,0.05,480.0,9600.0
T455058,C2537676,DERA BASSI,0.04,383.0,9575.0
T828085,C1926715,MUMBAI,0.01,95.0,9500.0
T624655,C6410234,NEW DELHI,0.19,1799.0,9468.421052631578
T1014683,C7826367,MEERUT,1.51,14265.0,9447.019867549669
T183870,C2220740,CHENNAI,0.05,470.0,9400.0
T221050,C8037668,DERA BASSI,0.04,375.0,9375.0
T421563,C8039285,PUNE,0.04,375.0,9375.0
T462601,C7611329,FARIDABAD,0.03,280.0,9333.333333333334
T723067,C1461174,MUMBAI,0.75,7000.0,9333.333333333334
T18164,C6718419,INDORE,2.69,25000.0,9293.68029739777
T217389,C4920759,CHENNAI,0.05,463.0,9260.0
T253931,C3526512,JAJPUR,0.05,460.0,9200.0
T734816,C1018974,NELLORE,0.03,276.0,9200.0
T52161,C3640476,KANCHIPURAM,0.64,5850.0,9140.625
T1035613,C7037637,DERA BASSI,0.04,364.0,9100.0
T436461,C1916768,TANENGLONG,1.09,9894.0,9077.064220183485
T427149,C2921238,NOIDA,0.32,2895.0,9046.875
T215477,C5920780,CHENNAI,0.05,450.0,9000.0
T420261,C1032641,GURGAON,0.02,180.0,9000.0
T807748,C5539271,PUNE,0.04,360.0,9000.0
T676972,C7735622,NEW DELHI,0.07,625.0,8928.571428571428
T182461,C8820766,CHENNAI,0.05,445.0,8900.0
T47577,C1337583,DELHI,0.35,3111.5,8890.0
T217952,C4815864,EAST KHASI HILLLS,0.72,6357.0,8829.166666666668
T337432,C1871523,THANE,0.01,88.0,8800.0
T421035,C1627160,DELHI,0.04,350.0,8750.0
T127518,C1142485,MUMBAI,0.65,5686.0,8747.692307692307
T206291,C7831776,NEW DELHI,3.1,27000.0,8709.677419354839
T822391,C1834754,EAST MUMBAI,0.42,3653.92,8699.809523809525
T323413,C5486232,BAREILLY,0.23,2000.0,8695.652173913044
T208619,C3016829,JUNAGADH,0.29,2500.0,8620.689655172415
T583397,C2423089,DELHI,2.5,21416.1,8566.439999999999
T199290,C8222859,NOIDA,0.69,5884.0,8527.536231884058
T1000707,C3132622,BEHROR,0.47,3997.0,8504.255319148937
T349459,C3937611,DERA BASSI,0.04,340.0,8500.0
T349727,C3437686,DERA BASSI,0.04,340.0,8500.0
T352743,C6837682,DERA BASSI,0.04,340.0,8500.0
T166332,C7580181,VODAFONE STORE MUMBAI,0.29,2460.0,8482.758620689656
T115434,C1928949,MADURAI,0.09,757.5,8416.666666666668
T623965,C3822813,NOIDA,0.69,5800.0,8405.797101449276
T240604,C6865743,GURGAON,0.6,5000.0,8333.333333333334
T463750,C8049912,PARK MAHAPE NAVI MUMBAI,0.13,1083.0,8330.76923076923
T337562,C2113130,KARNAL,0.71,5898.0,8307.042253521127
T131125,C8213633,MUMBAI,0.06,497.0,8283.333333333334
T221697,C4620771,CHENNAI,0.05,410.0,8200.0
T647290,C3728413,NEAR BATA MORE KOLKATA,0.11,900.0,8181.818181818182
T819623,C2439012,NEW DELHI,0.19,1525.0,8026.315789473684
T309061,C8928492,NEAR BATA MORE KOLKATA,0.11,880.18,8001.636363636363
T177406,C3220751,CHENNAI,0.05,400.0,8000.0
T180846,C4829214,BANGALORE,0.05,400.0,8000.0
T181358,C8029240,BANGALORE,0.05,400.0,8000.0
T155058,C2142640,CHANDIGARH,0.05,399.5,7990.0
T377628,C3310936,BANGALORE,0.24,1909.5,7956.25
T313872,C5135917,TEZPUR,0.02,159.0,7950.0
T812122,C3342791,GURGAON,0.31,2450.0,7903.225806451613
T196074,C3128482,NEAR BATA MORE KOLKATA,0.11,865.79,7870.818181818181
T826503,C5012936,TIRUPATHI,0.15,1179.0,7860.0
T406191,C8633266,SOUTHALL,4.71,36710.0,7794.055201698514
T13709,C1732760,VADODARA VADODARA,2.54,19786.0,7789.763779527559
T947612,C4090942,CHENNAI,1.42,10989.0,7738.732394366198
T377813,C2316464,TRISSUR,0.39,3015.89,7733.051282051281
T1038783,C7428643,SURAT,0.13,1000.0,7692.307692307692
T251827,C5528669,SURAT,0.13,1000.0,7692.307692307692
T403445,C1428627,SURAT,0.13,1000.0,7692.307692307692
T431779,C1828618,SURAT,0.13,1000.0,7692.307692307692
T498181,C8928648,SURAT,0.13,1000.0,7692.307692307692
T739426,C2413682,NEW DELHI,0.39,3000.0,7692.307692307692
T935757,C4741285,MANDIR KOLKATA,0.57,4350.0,7631.578947368422
T959398,C2410766,KARNAL,0.08,606.9,7586.25
T909689,C4834617,BANGALORE,0.79,5990.0,7582.278481012658
T117964,C2760035,MUMBAI,0.34,2577.0,7579.411764705882
T346179,C9037690,DERA BASSI,0.04,303.0,7575.0
T1033551,C5626518,NOIDA,0.41,3104.0,7570.731707317073
T1035616,C6826545,NOIDA,0.41,3104.0,7570.731707317073
T776937,C6528179,ERODE,0.38,2868.99,7549.973684210526
T652783,C4136725,NEW DELHI,0.19,1425.0,7500.0
T894896,C5810246,GURGAON,0.02,150.0,7500.0
T304006,C4352974,KOLKATA,0.1,747.5,7475.0
T906893,C5452926,KOLKATA,0.1,747.5,7475.0
T447144,C2819583,MUMBAI,0.13,969.0,7453.846153846153
T895945,C6770128,JODHPUR,0.47,3500.0,7446.808510638299
T428797,C2034087,KOLKATA,0.49,3630.0,7408.163265306122
T171763,C2317146,MUMBAI,0.03,222.0,7400.0
T246204,C2642415,MUMBAI,0.65,4798.0,7381.538461538461
T913889,C7437560,DELHI,0.35,2583.0,7380.000000000001
T59943,C4441517,THANE,0.46,3375.0,7336.95652173913
T784715,C4297427,GURGAON,4.09,30000.0,7334.963325183375
T784992,C8097452,GURGAON,4.09,30000.0,7334.963325183375
T535291,C1737636,DERA BASSI,0.04,293.0,7325.0
T553591,C7937647,DERA BASSI,0.04,293.0,7325.0
T553792,C8137629,DERA BASSI,0.04,293.0,7325.0
T555516,C3837613,DERA BASSI,0.04,293.0,7325.0
T1043254,C1513739,AHMEDABAD,1.26,9187.0,7291.269841269841
T1041940,C1729645,TALUK KANCHEEPURAM DIST,0.07,510.0,7285.714285714285
T356895,C5537666,DERA BASSI,0.04,290.0,7250.0
T986540,C6737649,DERA BASSI,0.04,290.0,7250.0
T470557,C2310158,GURGAON,0.35,2523.0,7208.571428571429
T493092,C6933215,SOUTHALL,4.71,33800.0,7176.2208067940555
T240086,C3497644,NASHIK,0.4,2864.37,7160.924999999999
T208585,C6427758,GURGAON,0.07,500.0,7142.857142857142
T584616,C3635650,NEW DELHI,0.07,500.0,7142.857142857142
T859631,C3225666,VISAKHAPATNAM,0.5,3570.0,7140.0
T953897,C4778058,NASHIK,0.15,1068.0,7120.0
T671604,C8742445,MUMBAI,0.65,4621.92,7110.6461538461535
T53726,C8083122,COIMBATORE,0.89,6305.0,7084.269662921348
T115049,C5039055,NEW DELHI,0.19,1345.0,7078.9473684210525
T457866,C6990918,CHENNAI,1.42,10000.0,7042.253521126761
T250929,C6613572,MUMBAI,0.27,1898.0,7029.62962962963
T221176,C1937665,DERA BASSI,0.04,280.0,7000.0
T743167,C2726536,NOIDA,0.41,2865.95,6990.121951219512
T868556,C7135825,LUDHIANA,0.05,349.0,6980.0
T797591,C5032611,WARANGAL,0.01,69.0,6900.0
T999129,C5232624,WARANGAL,0.01,69.0,6900.0
T555231,C3439032,NEW DELHI,0.19,1306.0,6873.684210526316
T494097,C4042253,DELHI,0.07,480.0,6857.142857142857
T898482,C2136385,SANT RAVIDAS NAGAR,0.19,1300.0,6842.105263157895
T992812,C8942455,MUMBAI,0.65,4431.0,6816.923076923077
T205544,C2284585,THRISSUR,0.02,136.0,6800.0
T319279,C3040130,CHANDIGARH,0.15,1020.0,6800.0
T245068,C5419319,SILVASSA,0.34,2300.0,6764.7058823529405
T513730,C8835937,TEZPUR,0.02,135.0,6750.0
T691861,C2335930,TEZPUR,0.02,135.0,6750.0
T305614,C8020473,BANGALORE,0.48,3225.0,6718.75
T389533,C2739036,NEW DELHI,0.19,1275.0,6710.526315789473
T724733,C5634987,MUMBAI,0.5,3347.0,6694.0
T77904,C3829843,ANANTAPUR,0.13,870.0,6692.307692307692
T263531,C4011354,FARIDABAD,0.03,200.0,6666.666666666667
T505788,C2038954,JAIPUR,0.57,3800.0,6666.666666666667
T779012,C7818576,INDORE,0.06,400.0,6666.666666666667
T465146,C5120825,MUMBAI,0.37,2440.0,6594.594594594595
T959012,C1037422,DELHI,0.39,2553.0,6546.153846153846
T984946,C7863618,BANKA,2.44,15966.0,6543.44262295082
T24613,C1639241,PUNE,0.04,260.0,6500.0
T759085,C8037678,DERA BASSI,0.04,260.0,6500.0
T760360,C2737655,DERA BASSI,0.04,260.0,6500.0
T761557,C8937623,DERA BASSI,0.04,260.0,6500.0
T218504,C7531758,NEW DELHI,3.1,20000.0,6451.612903225806
T545059,C9012385,VISAKHAPATNAM,0.54,3471.0,6427.777777777777
T526037,C2233163,INDORE,2.28,14600.0,6403.508771929825
T1038368,C1711943,JHANSI,0.01,64.0,6400.0
T119465,C4238828,GORAKHPUR,0.33,2111.0,6396.969696969697
T428178,C8237533,MUMBAI,0.14,884.51,6317.928571428571
T356423,C7030690,CHENNAI,1.11,7000.0,6306.3063063063055
T562887,C7736369,SANT RAVIDAS NAGAR,0.19,1198.0,6305.263157894737
T1038366,C1211952,JHANSI,0.01,63.0,6300.0
T240376,C4134550,NEW DELHI,0.29,1824.0,6289.6551724137935
T398695,C5137558,DELHI,0.35,2190.0,6257.142857142858
T216058,C5810217,GURGAON,0.02,125.0,6250.0
T565845,C6427632,GURGAON,0.32,2000.0,6250.0
T89844,C5810262,GURGAON,0.02,125.0,6250.0
T239727,C5997617,NASHIK,0.4,2499.0,6247.5
T675879,C5137645,DERA BASSI,0.04,248.0,6200.0
T802268,C7340026,SALEM,0.3,1858.0,6193.333333333334
T677683,C3974315,GHAZIABAD,0.89,5500.0,6179.775280898876
T111552,C8233382,DELHI,0.81,5000.0,6172.839506172839
T182682,C2820739,CHENNAI,0.05,308.0,6160.0
T627029,C8120266,PALI,0.27,1660.0,6148.148148148148
T586220,C3664968,DEHRADUN,0.08,491.0,6137.5
T5319,C6013886,VARNASI,0.4,2449.3,6123.25
T936775,C3514050,SRIKAKULAM,0.76,4648.0,6115.789473684211
T897613,C3126530,NOIDA,0.41,2500.0,6097.5609756097565
T347552,C4128172,NANDED,0.14,853.0,6092.857142857142
T104437,C6823771,CHENNAI,0.11,670.0,6090.909090909091
T369084,C1734557,NEW DELHI,0.1,606.9,6068.999999999999
T232053,C3323230,GAUTAM BUDDHA NAGAR,0.29,1754.0,6048.275862068966
T377719,C4416438,TRISSUR,0.39,2350.0,6025.641025641025
T176761,C4220712,CHENNAI,0.05,300.0,6000.0
T183860,C3820759,CHENNAI,0.05,300.0,6000.0
T22122,C4637691,DERA BASSI,0.04,240.0,6000.0
T739447,C7734937,MUMBAI,0.5,2997.0,5994.0
T356170,C8742777,GURGAON,0.31,1850.0,5967.741935483871
T233775,C2214464,NELLORE,0.45,2682.56,5961.2444444444445
T141712,C1739180,ALIGARH,0.05,297.0,5940.0
T405865,C2928652,GHAZIABAD,3.38,20015.0,5921.597633136095
T597502,C1090947,CHENNAI,1.42,8400.0,5915.492957746479
T822707,C2610285,GURGAON,0.02,118.0,5900.0
T409410,C5429061,MORADABAD,0.14,820.0,5857.142857142857
T955734,C6024152,KARNAL,0.36,2090.0,5805.555555555556
T227759,C5286236,BAREILLY,0.23,1334.0,5800.0
T268848,C6297617,NASHIK,0.4,2308.0,5770.0
T1023544,C7035548,NOIDA,0.85,4893.88,5757.505882352942
T932776,C6120247,DELHI,0.12,690.0,5750.0
T484743,C8142512,GURGAON,0.47,2700.0,5744.68085106383
T924124,C8223845,LUDHIANA,0.54,3094.0,5729.62962962963
T384017,C1716467,TRISSUR,0.39,2215.0,5679.48717948718
T41253,C2339256,PUNE,0.04,227.0,5675.0
T468849,C2424148,DAVANGERE,0.16,900.0,5625.0
T61670,C3431775,FARIDABAD,0.57,3191.0,5598.245614035088
T391057,C6842751,GURGAON,0.31,1734.0,5593.548387096775
T948366,C7742774,GURGAON,0.31,1734.0,5593.548387096775
T113407,C6113143,KARNAL,0.71,3969.0,5590.140845070423
T898240,C4522439,BANGALORE,0.19,1057.0,5563.157894736842
T317927,C5518530,THANE,0.2,1110.0,5550.0
T69740,C7234530,NEW DELHI,0.29,1600.0,5517.241379310345
T227045,C8913927,THANE,0.02,110.0,5500.0
T440651,C4812447,PANIPAT,0.01,55.0,5500.0
T170311,C8739336,NEW DELHI,0.23,1256.0,5460.869565217391
T130975,C6013019,PRAKASAM DIST (AP),0.36,1962.0,5450.0
T559,C1137841,NEW DELHI,0.07,380.0,5428.571428571428
T558976,C1739748,NEW DELHI,0.83,4504.0,5426.506024096386
T866102,C8521744,BANGALORE,3.97,21499.0,5415.36523929471
T374251,C2823025,GURGAON,0.78,4222.42,5413.358974358975
T177356,C7928672,SURAT,0.13,700.0,5384.615384615385
T396932,C5228676,SURAT,0.13,700.0,5384.615384615385
T515503,C6531683,MUMBAI,0.93,4999.0,5375.268817204301
T176059,C2917790,PATNA,0.75,4013.0,5350.666666666667
T684598,C1810616,KOLLAM,0.49,2611.37,5329.326530612245
T58754,C8134670,FARIDKOT,0.14,745.0,5321.428571428571
T545971,C3922347,NEW DELHI,0.94,5000.0,5319.148936170213
T598649,C7228683,SURAT,0.13,690.0,5307.692307692308
T503996,C6122413,BANGALORE,0.19,1000.0,5263.157894736842
T506493,C2722477,BANGALORE,0.19,1000.0,5263.157894736842
T642540,C5636772,NEW DELHI,0.19,1000.0,5263.157894736842
T832223,C9034988,MUMBAI,0.5,2600.0,5200.0
T430810,C5745529,ERODE,0.35,1808.0,5165.714285714286
T436341,C2665929,DOMBIVALI,0.68,3500.0,5147.058823529412
T415366,C8227813,MUMBAI,0.07,360.0,5142.857142857142
T287535,C4051429,COIMBATORE,0.39,2000.0,5128.205128205128
T288622,C1551423,COIMBATORE,0.39,2000.0,5128.205128205128
T295367,C5351468,COIMBATORE,0.39,2000.0,5128.205128205128
T326965,C3851452,COIMBATORE,0.39,2000.0,5128.205128205128
T340813,C7551462,COIMBATORE,0.39,2000.0,5128.205128205128
T341446,C3351432,COIMBATORE,0.39,2000.0,5128.205128205128
T247918,C5817433,NOIDA,0.87,4450.0,5114.942528735633
T334299,C6228622,GHAZIABAD,3.38,17250.0,5103.550295857988
T228104,C4660032,MUMBAI,0.34,1717.0,5050.0
T152914,C3760128,KOTA,0.1,500.0,5000.0
T185059,C9020747,CHENNAI,0.05,250.0,5000.0
T236903,C4225661,NASHIK,0.01,50.0,5000.0
T25925,C6532046,NAVI MUMBAI,0.82,4100.0,5000.0
T353854,C5637632,DERA BASSI,0.04,200.0,5000.0
T38180,C6329227,BANGALORE,0.05,250.0,5000.0
T585446,C5632626,WARANGAL,0.01,50.0,5000.0
T656305,C3332622,WARANGAL,0.01,50.0,5000.0
T722161,C4532650,WARANGAL,0.01,50.0,5000.0
T8553,C1219432,KOLAR,0.01,50.0,5000.0
T870018,C7637664,BANGALORE,0.01,50.0,5000.0
T902582,C4210234,GURGAON,0.02,100.0,5000.0
T904200,C1637641,BANGALORE,0.01,50.0,5000.0
T922794,C3437690,BANGALORE,0.01,50.0,5000.0
T930623,C2037647,BANGALORE,0.01,50.0,5000.0
T921188,C8922219,DELHI,0.07,350.0,4999.999999999999
T262285,C2323986,DELHI,0.29,1448.0,4993.103448275862
T205269,C7323231,GAUTAM BUDDHA NAGAR,0.29,1439.0,4962.068965517242
T166229,C6924868,NOIDA,2.63,13040.0,4958.174904942966
T434179,C7465971,DOMBIVALI,0.68,3350.0,4926.470588235294
T423480,C5927145,GHAZIABAD,0.38,1869.0,4918.421052631579
T566322,C8430930,PUNE,10.22,50000.0,4892.367906066536
T244502,C5214464,NELLORE,0.45,2198.0,4884.444444444444
T35786,C4575450,GUNTUR,0.45,2195.0,4877.777777777777
T288031,C3620674,KARIMNAGAR,0.35,1706.0,4874.285714285715
T241966,C6956959,EAST GODAVARI,1.28,6200.0,4843.75
T449557,C7210850,NEW DELHI,1.55,7500.0,4838.709677419355
T734339,C3422435,BANGALORE,0.19,915.0,4815.789473684211
T115208,C6617667,BANGALORE,0.41,1972.0,4809.756097560976
T257419,C6840549,BANGALORE,0.05,240.0,4800.0
T885161,C4324192,DAVANGERE,0.16,764.95,4780.9375
T963307,C6635233,DURG,0.48,2290.0,4770.833333333334
T223378,C3720389,MUMBAI,1.05,5000.0,4761.9047619047615
T441875,C6130730,VARANASI,1.18,5569.0,4719.491525423729
T306530,C4237957,PUNE,6.19,29145.0,4708.400646203554
T351762,C1533679,NOIDA,0.44,2070.0,4704.545454545455
T353014,C2133632,NOIDA,0.44,2070.0,4704.545454545455
T614882,C1832025,PUNE,2.02,9500.0,4702.970297029703
T70276,C4237956,MUMBAI,10.65,50000.0,4694.835680751174
T245220,C8636353,SANT RAVIDAS NAGAR,0.19,890.0,4684.210526315789
T496421,C3734989,MUMBAI,0.5,2340.0,4680.0
T329416,C5941865,SOUTH 24 PARGANS,0.85,3969.0,4669.411764705883
T859846,C7025679,VISAKHAPATNAM,0.5,2333.0,4666.0
T909089,C7752926,KOLKATA,0.1,465.08,4650.799999999999
T586872,C8723068,AHMEDABAD,0.65,3020.0,4646.153846153846
T589226,C8436930,SHIVAMOGGA,0.2,928.0,4640.0
T435993,C7761129,GURGAON,0.04,184.0,4600.0
T866475,C1624285,BANGALORE,0.05,230.0,4600.0
T140556,C1430456,MUMBAI,5.46,25000.0,4578.754578754579
T308384,C4130413,MUMBAI,5.46,25000.0,4578.754578754579
T302207,C4052923,KOLKATA,0.1,455.65,4556.499999999999
T991568,C6957744,JUNCTON VISAKHAPATNAM,1.11,5000.0,4504.504504504504
T546427,C6032622,WARANGAL,0.01,45.0,4500.0
T555521,C4332665,WARANGAL,0.01,45.0,4500.0
T684707,C8532634,WARANGAL,0.01,45.0,4500.0
T696910,C8532684,WARANGAL,0.01,45.0,4500.0
T742300,C2732691,WARANGAL,0.01,45.0,4500.0
T783233,C2832611,WARANGAL,0.01,45.0,4500.0
T923725,C7532689,WARANGAL,0.01,45.0,4500.0
T36458,C8715482,BARNALA,0.87,3900.0,4482.758620689655
T871832,C8337488,GHAZIABAD,0.77,3451.0,4481.818181818182
T355678,C2890935,CHENNAI,1.42,6350.0,4471.830985915493
T183497,C2823967,DELHI,0.29,1296.0,4468.9655172413795
T188870,C8823938,DELHI,0.29,1296.0,4468.9655172413795
T188875,C3223955,DELHI,0.29,1296.0,4468.9655172413795
T189630,C6523980,DELHI,0.29,1296.0,4468.9655172413795
T189929,C2923938,DELHI,0.29,1296.0,4468.9655172413795
T192049,C4223944,DELHI,0.29,1296.0,4468.9655172413795
T20305,C8235426,MUMBAI,0.36,1600.0,4444.444444444444
T692850,C5439157,HANUMANGARH,0.27,1200.0,4444.444444444444
T977131,C3236287,DELHI,3.88,17196.0,4431.958762886598
T1043662,C7871519,THANE,0.01,44.0,4400.0
T47338,C6542714,TEHSIL-PUNE PUNE,0.36,1582.5,4395.833333333334
T579512,C6328469,NEAR BATA MORE KOLKATA,0.11,483.0,4390.909090909091
T941051,C2837414,DELHI,0.39,1712.0,4389.74358974359
T470992,C6311318,FARIDABAD,0.03,130.49,4349.666666666667
T534573,C5623291,GAUTAM BUDDHA NAGAR,0.29,1260.0,4344.827586206897
T3633,C3415049,GHAZIABAD,1.75,7590.0,4337.142857142857
T805853,C4440079,SALEM,0.3,1300.0,4333.333333333334
T386915,C5237451,FIROZPUR,0.67,2900.0,4328.358208955224
T16001,C5413453,BANGALORE,0.72,3108.0,4316.666666666667
T422457,C3125337,THANE,0.01,43.0,4300.0
T835556,C8625018,HOWRAH,0.93,3988.0,4288.1720430107525
T670816,C2421244,NOIDA,0.32,1372.0,4287.5
T972591,C7161154,MUMBAI,0.75,3205.0,4273.333333333333
T64987,C6523325,AHMEDABAD,14.73,62943.25,4273.1330617786825
T69413,C2523334,AHMEDABAD,14.73,62943.25,4273.1330617786825
T565035,C4834062,NEW DELHI,2.06,8790.0,4266.9902912621355
T960123,C2326532,NOIDA,0.41,1749.0,4265.8536585365855
T243605,C8418514,BHOPAL,0.29,1237.0,4265.517241379311
T125918,C4936466,COIMBATORE,0.94,4000.0,4255.319148936171
T213774,C3635255,DURG,0.48,2039.0,4247.916666666667
T52281,C3390949,CHENNAI,1.42,6000.0,4225.352112676057
T584010,C7542773,GURGAON,0.31,1306.17,4213.451612903226
T575344,C4822452,BANGALORE,0.19,799.0,4205.263157894737
T54166,C7653189,MUMBAI,0.25,1046.56,4186.24
T868913,C2622484,BANGALORE,0.19,795.0,4184.210526315789
T367295,C2670441,BETUL,3.23,13500.0,4179.566563467492
T434152,C8016453,BHIWADI,4.31,18000.0,4176.334106728538
T386127,C8454172,GOHANA,0.48,2000.0,4166.666666666667
T39634,C3841128,GURGAON,0.18,750.0,4166.666666666667
T123235,C1118433,NEW DELHI,0.65,2706.0,4163.076923076923
T946927,C5726142,PARBHANI,0.06,249.0,4150.0
T672459,C1932764,MUMBAI,0.41,1700.0,4146.341463414635
T589929,C8724191,KARNAL,0.36,1487.0,4130.555555555556
T94703,C1541526,THANE,0.46,1900.0,4130.434782608695
T315640,C7539279,PUNE,0.04,165.0,4125.0
T968787,C7823346,BELLARY,0.17,700.0,4117.647058823529
T981662,C1223337,BELLARY,0.17,700.0,4117.647058823529
T843464,C1024159,DAVANGERE,0.16,653.0,4081.25
T577844,C7090935,CHENNAI,1.42,5793.0,4079.5774647887324
T804714,C1840017,SALEM,0.3,1220.0,4066.666666666667
T694547,C1142620,NAMAKKAL,0.14,568.0,4057.142857142857
T106580,C2829163,DELHI,0.84,3400.0,4047.6190476190477
T581192,C5612126,RUDRAPUR,4.45,18000.0,4044.943820224719
T531416,C2723150,BANGALORE,0.78,3145.52,4032.7179487179487
T129322,C8733178,ROAD SAKET NEW DELHI,0.15,600.0,4000.0
T663969,C7370178,JODHPUR,0.47,1874.0,3987.2340425531916
T819647,C6340834,BANGALORE,0.1,396.0,3960.0
T9340,C6540813,BANGALORE,0.1,396.0,3960.0
T358656,C2240382,NEW DELHI,1.13,4460.44,3947.29203539823
T657867,C8631650,BENGALOORU,24.43,95977.0,3928.65329512894
T671989,C7031668,BENGALOORU,24.43,95977.0,3928.65329512894
T733464,C4246116,BANGALORE,0.42,1650.0,3928.571428571429
T569691,C5270161,JODHPUR,0.47,1836.0,3906.3829787234044
T569747,C8170119,JODHPUR,0.47,1836.0,3906.3829787234044
T248083,C4141957,MUMBAI,0.69,2695.0,3905.7971014492755
T565048,C6516930,DELHI,0.01,39.0,3900.0
T936079,C7641265,DELHI,1.67,6499.0,3891.616766467066
T980403,C8916715,FARIDABAD,0.97,3772.9,3889.5876288659797
T730845,C6023348,BELLARY,0.17,661.0,3888.235294117647
T1007845,C7490955,CHENNAI,1.42,5498.0,3871.8309859154933
T801186,C1535614,PUNE,0.18,696.5,3869.444444444445
T593957,C3327386,NAVI MUMBAI,0.28,1082.27,3865.2499999999995
T822194,C3824351,MANGALORE,2.46,9500.0,3861.788617886179
T411411,C1540861,BANGALORE,0.1,386.0,3860.0
T575850,C7340849,BANGALORE,0.1,386.0,3860.0
T631508,C8716487,TRISSUR,0.39,1505.0,3858.974358974359
T752249,C7528164,NANDED,0.14,540.0,3857.142857142857
T1033555,C5016531,LUCKNOW,0.52,1998.0,3842.3076923076924
T245656,C8026183,PARBHANI,0.06,230.34,3839.0
T429437,C8718592,INDORE,0.06,230.0,3833.3333333333335
T724862,C3460016,MUMBAI,0.34,1300.0,3823.5294117647054
T726584,C3960034,MUMBAI,0.34,1300.0,3823.5294117647054
T389646,C1833131,INDORE,2.28,8700.0,3815.789473684211
T867875,C7322489,BANGALORE,0.19,724.0,3810.5263157894738
T926771,C6939478,LUCKNOW,0.44,1674.0,3804.5454545454545
T689313,C4436734,DELHI,0.89,3383.0,3801.123595505618
T522221,C1523235,GAUTAM BUDDHA NAGAR,0.29,1096.0,3779.3103448275865
T186856,C7013927,THANE,0.02,75.0,3750.0
T789467,C5964911,DEHRADUN,0.08,300.0,3750.0
T88838,C6010772,KARNAL,0.08,300.0,3750.0
T960811,C7924044,NEW DELHI,0.32,1200.0,3750.0
T1004256,C7337375,GHAZIABAD,0.32,1193.0,3728.125
T552858,C6514513,KOLKATA,0.1,372.0,3720.0
T709763,C8040713,AHMEDABAD,2.77,10278.0,3710.4693140794225
T127107,C5434955,MUMBAI,0.5,1841.0,3682.0
T81195,C2334522,NEW DELHI,0.29,1067.0,3679.3103448275865
T686838,C3741827,DELHI,0.68,2500.0,3676.4705882352937
T734032,C8041820,DELHI,0.68,2500.0,3676.4705882352937
T377759,C4941772,FARIDABAD,0.52,1910.66,3674.346153846154
T693204,C3532743,MUMBAI,0.41,1500.0,3658.536585365854
T237945,C1021771,PUNE,0.45,1643.0,3651.111111111111
T668510,C5336917,SHIVAMOGGA,0.2,728.0,3640.0
T54735,C5535888,HYDERABAD,0.58,2095.0,3612.068965517242
T785818,C8020833,SOUTH KONANAKE BANGALORE,0.32,1152.0,3600.0
T970504,C6034876,NAVI MUMBAI,0.19,680.0,3578.9473684210525
T763898,C1342674,NAMAKKAL,0.14,499.0,3564.2857142857138
T932833,C4639086,MUMBAI,0.24,855.0,3562.5
T253219,C7040180,CHANDIGARH,0.15,532.87,3552.4666666666667
T146490,C3090933,CHENNAI,1.42,5000.0,3521.1267605633807
T412184,C6920124,GHAZIABAD,0.49,1721.0,3512.2448979591836
T554039,C6120746,DELHI,0.37,1298.0,3508.1081081081084
T595698,C3318530,THANE,0.2,700.0,3500.0
T171751,C5336342,CHENNAI,0.1,349.0,3490.0
T622448,C2021018,NEW DELHI,0.43,1500.0,3488.3720930232557
T957878,C1921079,NEW DELHI,0.43,1500.0,3488.3720930232557
T788192,C8213063,THOOTHUKUDI,0.53,1845.0,3481.132075471698
T342186,C3340389,GOLAGHAT,1.34,4662.0,3479.10447761194
T223881,C1034926,MUMBAI,0.5,1739.0,3478.0
T110067,C4616990,SHAHABAD,10.07,34989.0,3474.5779543197614
T128164,C2416942,SHAHABAD,10.07,34989.0,3474.5779543197614
T145879,C6816991,SHAHABAD,10.07,34989.0,3474.5779543197614
T148860,C1016977,SHAHABAD,10.07,34989.0,3474.5779543197614
T148865,C2116959,SHAHABAD,10.07,34989.0,3474.5779543197614
T151430,C2416924,SHAHABAD,10.07,34989.0,3474.5779543197614
T499872,C5437412,DELHI,0.39,1350.0,3461.5384615384614
T568716,C6332118,DELHI,0.2,690.0,3450.0
T225147,C6215824,EAST KHASI HILLLS,0.72,2483.13,3448.791666666667
T321314,C4015860,EAST KHASI HILLLS,0.72,2483.13,3448.791666666667
T514259,C6915869,EAST KHASI HILLLS,0.72,2483.13,3448.791666666667
T71924,C9039164,HANUMANGARH,0.27,930.0,3444.4444444444443
T505845,C3620680,KARIMNAGAR,0.35,1200.0,3428.571428571429
T506638,C2720679,KARIMNAGAR,0.35,1200.0,3428.571428571429
T667403,C4369038,CHENNAI,0.17,582.0,3423.529411764706
T468872,C8436934,SHIVAMOGGA,0.2,684.0,3420.0
T92274,C7710075,GURGAON,0.65,2220.0,3415.3846153846152
T293134,C8026588,JAJPUR,0.05,170.0,3400.0
T1034302,C7773935,SOUTH 24 PARGANAS,1.01,3429.0,3395.049504950495
T726501,C3020566,GURGAON,1.15,3880.0,3373.913043478261
T558678,C3542290,DELHI,0.07,235.0,3357.142857142857
T345421,C2818030,MUMBAI,0.69,2300.0,3333.3333333333335
T917033,C4018513,INDORE,0.06,200.0,3333.3333333333335
T938747,C2626189,PARBHANI,0.06,200.0,3333.3333333333335
T880863,C4328682,SURAT,0.13,430.0,3307.6923076923076
T954104,C3732863,KARUR,0.56,1845.0,3294.642857142857
T175686,C2937049,MANDAPETA,1.1,3624.0,3294.5454545454545
T591284,C3018338,DELHI,0.01,32.83,3282.9999999999995
T760877,C1292531,MEDAK,0.61,2000.0,3278.688524590164
T590221,C4829990,THANE WEST,1.0,3277.92,3277.92
T446201,C3912355,VISAKHAPATNAM,0.54,1770.0,3277.7777777777774
T96298,C6337337,MUMBAI,0.59,1928.03,3267.8474576271187
T390535,C5639090,SIVASAGAR,5.15,16786.0,3259.4174757281553
T395311,C1018436,AHMEDABAD,1.89,6106.04,3230.708994708995
T288989,C4786263,BAREILLY,0.23,742.3,3227.3913043478256
T872754,C8024139,MUMBAI,2.08,6682.82,3212.8942307692305
T49640,C9042863,MUMBAI,1.49,4775.0,3204.6979865771814
T1035994,C3311953,JHANSI,0.01,32.0,3200.0
T181450,C9016831,WARANGAL,0.1,320.0,3200.0
T1017248,C8436411,COIMBATORE,0.94,3000.0,3191.489361702128
T745328,C5470152,JODHPUR,0.47,1497.5,3186.170212765958
T630317,C7916583,BHUBANESHWAR,0.88,2799.01,3180.693181818182
T861088,C8438727,HYDERABAD,2.01,6382.0,3175.124378109453
T169382,C4924826,MUMBAI,0.07,222.0,3171.428571428571
T338502,C7829176,CHENNAI,0.09,285.0,3166.666666666667
T557217,C2140540,NAGPUR,0.29,911.38,3142.689655172414
T406963,C2842426,MUMBAI,0.65,2036.0,3132.3076923076924
T293704,C1019864,BIJNOR,0.07,219.0,3128.5714285714284
T976387,C1116753,FARIDABAD,0.97,3034.5,3128.3505154639174
T171322,C1936362,BANGALORE,0.32,1000.0,3125.0
T645718,C4730960,DECATHLON SPORTS AHMEDABAD,0.32,1000.0,3125.0
T839499,C6440492,KANCHIPURAM,0.64,2000.0,3125.0
T969806,C4410166,RAIPUR,0.53,1651.0,3115.094339622641
T626764,C2339738,KOLKATA,0.52,1617.0,3109.6153846153843
T895486,C1722436,BANGALORE,0.19,590.0,3105.2631578947367
T267745,C2337669,BANGALORE,0.01,31.0,3100.0
T122357,C2638556,KOLKATA,2.45,7533.92,3075.069387755102
T652071,C3434923,DELHI,3.26,9998.0,3066.871165644172
T414497,C2511917,PUNE,0.98,3000.0,3061.2244897959185
T131911,C3718883,THANE,0.01,30.59,3059.0
T845661,C7924151,DAVANGERE,0.16,489.0,3056.25
T165779,C4993861,RANGA REDDY,1.23,3750.0,3048.7804878048782
T846021,C4024926,NEW DELHI,0.9,2737.0,3041.111111111111
T835699,C1664377,AGRA,1.69,5137.4,3039.8816568047337
T495576,C3142222,DELHI,0.07,212.0,3028.5714285714284
T365662,C8933261,MUZAFFARPUR,0.55,1662.0,3021.8181818181815
T85316,C3723674,PUNE,0.79,2383.5,3017.0886075949365
T552678,C8439776,NEW DELHI,0.83,2503.0,3015.66265060241
T239907,C3124183,DAVANGERE,0.16,481.0,3006.25
T1000573,C1032621,WARANGAL,0.01,30.0,3000.0
T150966,C4737611,DERA BASSI,0.04,120.0,3000.0
T214818,C4532625,WARANGAL,0.01,30.0,3000.0
T291629,C3932666,WARANGAL,0.01,30.0,3000.0
T488714,C8732650,WARANGAL,0.01,30.0,3000.0
T573609,C6727148,DELHI,0.04,120.0,3000.0
T628499,C2132641,WARANGAL,0.01,30.0,3000.0
T732590,C4234955,MUMBAI,0.5,1500.0,3000.0
T771857,C7916973,DELHI,0.01,30.0,3000.0
T783939,C7932657,WARANGAL,0.01,30.0,3000.0
T237979,C6512377,VISAKHAPATNAM,0.54,1619.0,2998.148148148148
T772461,C8274555,BANGALORE,0.35,1045.0,2985.714285714286
T722605,C3218553,MUMBAI,0.67,2000.0,2985.0746268656717
T440835,C2840839,BANGALORE,3.64,10844.0,2979.120879120879
T445485,C1240849,BANGALORE,3.64,10844.0,2979.120879120879
T568578,C6722467,BANGALORE,0.19,566.0,2978.9473684210525
T616613,C1425432,PATNA,1.41,4200.0,2978.723404255319
T841219,C5322128,SAHEBGANJ,0.04,118.0,2950.0
T253644,C6020077,AJMER,0.15,442.4,2949.3333333333335
T277306,C1523389,BELLARY,0.17,500.0,2941.176470588235
T651693,C4960064,MUMBAI,0.34,1000.0,2941.176470588235
T698064,C2541831,DELHI,0.68,2000.0,2941.176470588235
T365933,C4413676,GUNTUR,0.83,2440.0,2939.7590361445787
T231331,C3680125,VODAFONE STORE MUMBAI,0.29,839.0,2893.1034482758623
T734865,C8442977,NEW DELHI,0.19,549.0,2889.4736842105262
T967391,C6828477,NEAR BATA MORE KOLKATA,0.11,317.0,2881.818181818182
T75695,C7134936,MUMBAI,0.5,1440.0,2880.0
T804774,C5737377,MUMBAI,0.59,1697.0,2876.2711864406783
T972011,C5642478,MUMBAI,0.65,1869.0,2875.3846153846152
T280320,C6386225,BAREILLY,0.23,660.0,2869.565217391304
T718377,C6438643,BANGALORE,0.7,2000.0,2857.1428571428573
T214651,C6835638,NEW DELHI,0.07,200.0,2857.142857142857
T397215,C1827878,MUMBAI,0.07,200.0,2857.142857142857
T815517,C8923165,BANGALORE,0.78,2226.88,2854.974358974359
T851655,C8734822,NAVI MUMBAI,0.19,540.0,2842.1052631578946
T99876,C1941148,CHENNAI,0.58,1645.0,2836.206896551724
T1030556,C3022251,PATNA,5.29,15000.0,2835.538752362949
T318853,C8826155,PARBHANI,0.06,170.0,2833.3333333333335
T961145,C8518938,NELLORE,0.03,85.0,2833.3333333333335
T319638,C3142944,ROAD PUNE,0.17,480.0,2823.529411764706
T446382,C8840835,BANGALORE,0.1,282.0,2820.0
T697485,C8112582,PANCHKULA,0.71,2000.0,2816.9014084507044
T998377,C6612540,PANCHKULA,0.71,2000.0,2816.9014084507044
T256517,C3239231,VISAKHAPATNAM,5.37,15044.0,2801.489757914339
T662319,C5817680,KOLKATA,0.25,700.0,2800.0
T952787,C2323078,DELHI,2.5,6999.0,2799.6
T955434,C8923072,DELHI,2.5,6999.0,2799.6
T678862,C1512436,GHAZIABAD,0.2,559.0,2795.0
T327003,C3236216,CALICUT,0.18,503.0,2794.4444444444443
T802001,C8849214,MIDNAPORE,0.2,558.78,2793.8999999999996
T907219,C3234617,BANGALORE,0.79,2206.0,2792.405063291139
T742024,C1539750,BANGALORE,0.45,1255.0,2788.8888888888887
T342171,C3534648,FARIDKOT,0.14,390.0,2785.7142857142853
T971480,C2510460,KOLKATA,0.23,640.0,2782.608695652174
T107491,C8034736,EAST MUMBAI,0.42,1165.0,2773.809523809524
T820256,C3322655,NORTH 24 PARGANAS,0.94,2595.0,2760.6382978723404
T343675,C2540883,BANGALORE,0.1,276.0,2760.0
T575480,C8629815,MUMBAI,0.65,1790.0,2753.846153846154
T740250,C5818551,THANE,0.2,550.0,2750.0
T1009593,C2858451,MORMUGAO,4.91,13499.0,2749.2871690427696
T295242,C6511751,MOHALI,1.73,4750.0,2745.664739884393
T790177,C4649230,MIDNAPORE,0.2,549.0,2745.0
T884711,C8336547,NALANDA,2.09,5719.0,2736.3636363636365
T534359,C6639490,LUCKNOW,0.44,1200.0,2727.2727272727275
T255929,C4691072,INDORE,0.12,327.0,2725.0
T71117,C3610720,PUNE,0.45,1224.95,2722.1111111111113
T86120,C8222430,BANGALORE,0.19,517.0,2721.0526315789475
T955762,C8315811,NEW DELHI,0.66,1795.0,2719.6969696969695
T153754,C7837053,MANDAPETA,1.1,2976.0,2705.454545454545
T565075,C5633190,INDORE,2.28,6158.0,2700.8771929824566
T707096,C4837613,BANGALORE,0.01,27.0,2700.0
T834097,C4853660,GURGAON,1.49,4000.0,2684.5637583892617
T531630,C1722491,BANGALORE,0.19,510.0,2684.2105263157896
T140625,C2723388,NEW DELHI,4.37,11690.0,2675.0572082379863
T425855,C7236224,CALICUT,0.18,480.11,2667.277777777778
T132959,C1260073,MUMBAI,0.34,902.0,2652.941176470588
T632661,C4739746,NEW DELHI,0.83,2198.2,2648.433734939759
T842391,C1323344,BELLARY,0.17,450.0,2647.0588235294117
T143542,C8499264,TAMENGLONG,0.33,870.0,2636.363636363636
T390585,C8236731,NEW DELHI,0.19,500.0,2631.578947368421
T433594,C3836791,NEW DELHI,0.19,500.0,2631.578947368421
T455734,C2239024,NEW DELHI,0.19,500.0,2631.578947368421
T504271,C7434875,NAVI MUMBAI,0.19,500.0,2631.578947368421
T504875,C6634857,NAVI MUMBAI,0.19,500.0,2631.578947368421
T622100,C4139087,NEW DELHI,0.19,500.0,2631.578947368421
T87763,C7511591,GOREGAON (E) MUMBAI,6.09,16000.0,2627.2577996715927
T819061,C5424134,DAVANGERE,0.16,420.0,2625.0
T567507,C1022477,BANGALORE,0.19,496.9,2615.2631578947367
T219622,C6218559,THANE,0.2,523.0,2615.0
T580307,C6429171,CHENNAI,0.09,235.0,2611.1111111111113
T41140,C5217627,KOLKATA,0.25,652.0,2608.0
T666211,C4413759,ERNAKULAM,4.26,11100.0,2605.6338028169016
T740821,C1139783,NEW DELHI,0.83,2160.0,2602.409638554217
T1002432,C7137677,BANGALORE,0.01,26.0,2600.0
T411590,C6825089,NORTH 24 PARGANAS,0.03,78.0,2600.0
T982651,C6310038,ERNAKULAM,5.65,14673.0,2596.9911504424776
T335937,C5718511,BHOPAL,0.29,752.0,2593.1034482758623
T655741,C5269076,CHENNAI,0.17,440.0,2588.235294117647
T161905,C7256074,NEW DELHI,65.69,170000.0,2587.9129243416046
T191449,C1219082,DELHI,0.35,905.0,2585.714285714286
T157349,C3034664,BANGALORE,0.79,2034.0,2574.683544303797
T849302,C8518021,BANGALORE,0.66,1699.0,2574.242424242424
T222923,C4837543,MUMBAI,0.14,360.0,2571.428571428571
T773644,C7632626,PANCHKULA,0.39,1000.0,2564.102564102564
T453867,C4640830,NOIDA,0.9,2299.0,2554.4444444444443
T484546,C4642529,GURGAON,0.47,1200.0,2553.191489361702
T167966,C3422422,BANGALORE,0.19,484.0,2547.3684210526317
T19577,C4933536,CHENNAI,6.13,15500.0,2528.5481239804244
T594310,C3623146,BANGALORE,0.78,1966.0,2520.5128205128203
T577184,C6624636,GORAKHPUR,20.2,50830.0,2516.3366336633662
T687061,C3260014,MUMBAI,0.34,851.0,2502.941176470588
T215569,C6537984,MUMBAI,10.65,26632.0,2500.657276995305
T188396,C4913912,THANE,0.02,50.0,2500.0
T194288,C4531465,BANGALORE,0.04,100.0,2500.0
T233409,C4865783,GURGAON,0.6,1500.0,2500.0
T258805,C3332156,DELHI,0.2,500.0,2500.0
T418231,C9041845,DELHI,0.68,1700.0,2500.0
T431175,C8231431,BANGALORE,0.04,100.0,2500.0
T43224,C4420139,GURGAON,0.02,50.0,2500.0
T445418,C8341882,DELHI,0.68,1700.0,2500.0
T469760,C5132632,WARANGAL,0.01,25.0,2500.0
T537513,C6832663,WARANGAL,0.01,25.0,2500.0
T544433,C6388181,DELHI,0.01,25.0,2500.0
T566060,C5632654,WARANGAL,0.01,25.0,2500.0
T593029,C2832656,WARANGAL,0.01,25.0,2500.0
T598127,C6232653,WARANGAL,0.01,25.0,2500.0
T640493,C4332648,WARANGAL,0.01,25.0,2500.0
T642196,C4132612,WARANGAL,0.01,25.0,2500.0
T647755,C4032616,WARANGAL,0.01,25.0,2500.0
T648023,C5532632,WARANGAL,0.01,25.0,2500.0
T669979,C2436970,SHIVAMOGGA,0.2,500.0,2500.0
T670214,C3324187,KARNAL,0.36,900.0,2500.0
T717995,C7732645,WARANGAL,0.01,25.0,2500.0
T738688,C1618521,THANE,0.2,500.0,2500.0
T74622,C9020123,GURGAON,0.02,50.0,2500.0
T783200,C4832626,WARANGAL,0.01,25.0,2500.0
T94451,C3420136,GURGAON,0.02,50.0,2500.0
T970846,C8831444,BANGALORE,0.04,100.0,2500.0
T815608,C7024180,DAVANGERE,0.16,399.0,2493.75
T560210,C8356747,KANPUR,2.0,4982.65,2491.325
T656561,C1734526,NEW DELHI,0.29,720.0,2482.7586206896553
T639891,C1119760,AHMEDNAGAR,0.26,645.0,2480.7692307692305
T665355,C7317623,KOLKATA,0.25,620.0,2480.0
T93320,C4534669,FARIDABAD,5.04,12486.97,2477.5734126984125
T584417,C5061139,GURGAON,0.04,99.0,2475.0
T859640,C8737479,GHAZIABAD,0.77,1905.0,2474.025974025974
T190856,C7923050,AHMEDABAD,0.65,1607.0,2472.3076923076924
T395501,C5140820,BANGALORE,3.64,8999.0,2472.252747252747
T405268,C1229681,THANE,0.32,790.23,2469.46875
T938964,C8037460,DELHI,0.39,960.0,2461.5384615384614
T240024,C6827971,VARANASI,0.75,1845.51,2460.68
T853567,C6130278,JHAJJAR,0.41,1006.0,2453.658536585366
T209093,C7129042,KALYAN THANE,1.1,2699.0,2453.6363636363635
T350586,C5617259,NEW DELHI,3.66,8941.0,2442.896174863388
T810369,C4423623,CHENNAI,0.9,2188.5,2431.6666666666665
T818115,C7434573,NEW DELHI,0.29,705.0,2431.034482758621
T747929,C6922440,BANGALORE,0.19,461.0,2426.315789473684
T680889,C3223142,BANGALORE,0.78,1892.15,2425.8333333333335
T491478,C6374544,BANGALORE,0.35,848.0,2422.857142857143
T299807,C2371825,BANGALORE,16.15,39000.0,2414.8606811145514
T684825,C1519723,AHMEDNAGAR,0.26,626.0,2407.6923076923076
T1016577,C6827592,PUNE,1.62,3900.0,2407.4074074074074
T155704,C6827978,HYDERABAD,1.13,2714.0,2401.769911504425
T38227,C7934946,MUMBAI,0.5,1200.0,2400.0
T995948,C2213943,GURGAON,0.25,600.0,2400.0
T507402,C6922968,SHAHJAHANPUR,0.52,1244.0,2392.3076923076924
T888609,C8740435,KANCHIPURAM,0.64,1528.55,2388.359375
T42393,C1239025,SIVASAGAR,5.15,12300.0,2388.349514563107
T37442,C8134731,EAST MUMBAI,0.42,999.0,2378.5714285714284
T895071,C4122433,BANGALORE,0.19,450.0,2368.4210526315787
T132423,C7337341,MUMBAI,1.2,2830.0,2358.3333333333335
T648998,C8228167,BAREILLY,2.64,6200.0,2348.4848484848485
T657476,C3028144,BAREILLY,2.64,6200.0,2348.4848484848485
T47359,C6537915,MUMBAI,10.65,25000.0,2347.417840375587
T624813,C7719446,AMRITSAR,6.39,15000.0,2347.417840375587
T847587,C3333141,INDORE,2.28,5349.0,2346.0526315789475
T211999,C3481564,MUMBAI,0.9,2110.0,2344.4444444444443
T357663,C8367240,MAHENDERGARH,0.64,1500.0,2343.75
T56879,C7619943,SRIPERUMBUDUR,0.96,2250.0,2343.75
T738082,C7236391,BANGALORE,0.32,750.0,2343.75
T975569,C8534949,MUMBAI,0.5,1170.0,2340.0
T325325,C1013639,PUNE,0.73,1700.0,2328.7671232876714
T566438,C5923262,GAUTAM BUDDHA NAGAR,0.29,675.0,2327.586206896552
T605867,C1723241,GAUTAM BUDDHA NAGAR,0.29,675.0,2327.586206896552
T609377,C8023232,GAUTAM BUDDHA NAGAR,0.29,675.0,2327.586206896552
T619422,C5640174,CHANDIGARH,0.15,349.0,2326.666666666667
T704627,C7621064,NEW DELHI,0.43,1000.0,2325.5813953488373
T895026,C3521063,NEW DELHI,0.43,1000.0,2325.5813953488373
T1044117,C7125047,KOLKATA,0.11,255.0,2318.181818181818
T97077,C2788317,WARANGAL,0.16,370.3,2314.375
T263159,C5549930,PARK MAHAPE NAVI MUMBAI,0.13,300.0,2307.6923076923076
T510183,C7940685,GUWAHATI,17.42,40200.0,2307.6923076923076
T789604,C1142440,MUMBAI,0.65,1500.0,2307.6923076923076
T12570,C6587112,PERAMBALUR,1.24,2849.0,2297.5806451612902
T133924,C3830367,NAVI MUMBAI,0.23,528.0,2295.6521739130435
T113809,C8336445,PATHANAMTHITTA,2.94,6749.0,2295.578231292517
T131924,C2628120,DELHI,0.92,2106.0,2289.1304347826085
T115764,C8927578,PUNE,1.62,3697.0,2282.0987654320984
T948757,C6349266,MIDNAPORE,0.2,456.0,2280.0
T193485,C3242429,MUMBAI,0.65,1481.0,2278.4615384615386
T686239,C4135523,HUBLI,0.87,1981.92,2278.0689655172414
T270591,C2912389,VISAKHAPATNAM,0.54,1229.0,2275.9259259259256
T260279,C5912457,GHAZIABAD,0.2,455.0,2275.0
T928113,C2234653,BANGALORE,0.79,1797.0,2274.6835443037976
T794034,C8435527,DELHI,0.44,1000.0,2272.7272727272725
T410126,C1933959,BANGALORE,0.75,1700.0,2266.6666666666665
T534514,C1818091,BANGALORE,0.66,1492.0,2260.6060606060605
T103193,C6624169,DAVANGERE,0.16,360.0,2250.0
T246128,C6797666,NASHIK,0.4,899.0,2247.5
T1032004,C6141319,NOIDA,0.9,2019.0,2243.3333333333335
T454097,C1036342,SANT RAVIDAS NAGAR,0.19,426.0,2242.1052631578946
T179563,C4280123,VODAFONE STORE MUMBAI,0.29,650.0,2241.379310344828
T232058,C2325031,HOWRAH,0.93,2084.0,2240.860215053763
T68750,C5723372,AHMEDABAD,14.73,33000.04,2240.3285811269516
T70135,C2023382,AHMEDABAD,14.73,33000.04,2240.3285811269516
T301432,C1520564,CHENGANNUR,0.75,1680.0,2240.0
T753161,C2939322,HOSUR,0.39,872.0,2235.897435897436
T709108,C7660042,MUMBAI,0.34,760.0,2235.2941176470586
T833406,C6561190,MUMBAI,0.75,1667.0,2222.6666666666665
T1016585,C3542128,TEZPUR,0.93,2067.0,2222.5806451612902
T173002,C8217138,JEWELLARS THANE,0.9,2000.0,2222.222222222222
T667235,C8723017,GURGAON,0.78,1730.66,2218.7948717948716
T451753,C3118686,JAMSHEDPUR,0.63,1396.0,2215.873015873016
T527533,C8463665,BANKA,2.44,5398.0,2212.2950819672133
T695757,C4423191,BANGALORE,0.78,1722.09,2207.807692307692
T428857,C5441818,DELHI,0.68,1500.0,2205.882352941176
T906359,C3742149,ALLAHABAD,0.34,750.0,2205.882352941176
T169649,C2023333,AHMEDABAD,14.73,32489.0,2205.634758995248
T176578,C1423339,AHMEDABAD,14.73,32489.0,2205.634758995248
T177650,C8923367,AHMEDABAD,14.73,32489.0,2205.634758995248
T390784,C6839087,SIVASAGAR,5.15,11334.0,2200.776699029126
T30132,C1223054,DELHI,2.5,5500.0,2200.0
T68248,C6634590,NEW DELHI,0.29,638.0,2200.0
T608080,C6419333,BAGALKOT,7.84,17195.0,2193.2397959183672
T830604,C5036351,BANGALORE,0.32,700.0,2187.5
T761604,C2633142,INDORE,2.28,4975.0,2182.0175438596493
T178131,C3926568,JAJPUR,0.05,109.0,2180.0
T158916,C5268841,GHAZIABAD,0.38,826.74,2175.6315789473683
T129780,C1430374,NAVI MUMBAI,0.23,500.0,2173.913043478261
T304248,C2939383,NEW DELHI,0.23,500.0,2173.913043478261
T935052,C2941530,THANE,0.46,1000.0,2173.913043478261
T798940,C4620579,CHENGANNUR,0.75,1630.0,2173.3333333333335
T118958,C5314762,MUMBAI,0.24,521.0,2170.8333333333335
T813074,C3627542,PUNE,1.62,3500.0,2160.4938271604938
T400355,C1222913,SHAHJAHANPUR,0.52,1121.0,2155.7692307692305
T436837,C1622985,SHAHJAHANPUR,0.52,1121.0,2155.7692307692305
T607858,C2622978,SHAHJAHANPUR,0.52,1121.0,2155.7692307692305
T559522,C8716157,VEERA DESAI ROAD MUMBAI,12.87,27700.0,2152.2921522921524
T563089,C2716137,VEERA DESAI ROAD MUMBAI,12.87,27700.0,2152.2921522921524
T591954,C6732171,DELHI,0.2,430.0,2150.0
T830753,C3125027,HOWRAH,0.93,1995.0,2145.1612903225805
T142296,C5234991,MUMBAI,0.5,1069.0,2138.0
T138577,C8129374,RAJASTHAN COLLEGE JAIPUR,2.3,4915.0,2136.9565217391305
T54385,C5339020,SIVASAGAR,5.15,11000.0,2135.922330097087
T382899,C3026245,BANGALORE,0.26,555.0,2134.6153846153848
T787215,C4717631,KOLKATA,0.25,532.0,2128.0
T218193,C1225454,PATNA,1.41,3000.0,2127.6595744680853
T232680,C7025461,PATNA,1.41,3000.0,2127.6595744680853
T466841,C2236256,CALICUT,0.18,382.0,2122.222222222222
T464649,C1842417,MUMBAI,0.65,1378.0,2120.0
T532845,C2561132,MUMBAI,0.75,1590.0,2120.0
T545444,C1561150,MUMBAI,0.75,1590.0,2120.0
T841283,C6335241,DOHA,5.34,11300.0,2116.104868913858
T366358,C6828862,ROHTAK,0.24,507.5,2114.5833333333335
T82043,C3329173,CHENNAI,0.09,190.0,2111.1111111111113
T145492,C7020452,BANGALORE,0.48,1010.0,2104.166666666667
T335945,C4665723,GURGAON,0.6,1260.0,2100.0
T123971,C4218884,COIMBATORE,5.58,11690.0,2094.9820788530465
T278330,C8534616,BANGALORE,0.79,1653.57,2093.126582278481
T710126,C6422031,MAHENDRAGARH,0.24,500.0,2083.3333333333335
T658393,C7838786,HYDERABAD,2.01,4165.22,2072.248756218906
T887597,C7940453,KANCHIPURAM,0.64,1326.0,2071.875
T822753,C8720535,CHENGANNUR,0.75,1548.0,2064.0
T926905,C4861173,MUMBAI,0.75,1548.0,2064.0
T293767,C2024188,DAVANGERE,0.16,330.0,2062.5
T109155,C4986386,YAMUNANAGAR,0.97,2000.0,2061.855670103093
T119321,C4713054,PRAKASAM DIST (AP),0.36,742.0,2061.1111111111113
T712409,C1440862,BANGALORE,0.1,206.0,2060.0
T751638,C3324121,DAVANGERE,0.16,328.73,2054.5625
T593972,C1730375,PUNE,1.93,3963.86,2053.813471502591
T332528,C6523120,BANGALORE,0.78,1600.0,2051.2820512820513
T333086,C6523181,BANGALORE,0.78,1600.0,2051.2820512820513
T60696,C5949913,PARK MAHAPE NAVI MUMBAI,0.13,265.0,2038.4615384615383
T620563,C5140512,NASIRABAD,0.75,1527.0,2036.0
T932597,C2932821,KARUR,0.56,1140.0,2035.7142857142856
T442618,C5817338,JAMSHEDPUR,0.89,1800.0,2022.4719101123594
T296482,C2313721,LUCKNOW,0.5,1008.63,2017.26
T433248,C7570048,VISAKHAPATNAM,0.53,1068.0,2015.0943396226414
T878057,C3129071,MORADABAD,0.14,282.0,2014.285714285714
T427070,C5445531,ERODE,0.35,704.0,2011.4285714285716
T317260,C1234765,EAST MUMBAI,0.42,842.0,2004.7619047619048
T114279,C2639125,ALIGARH,0.05,100.0,2000.0
T139616,C1939168,ALIGARH,0.05,100.0,2000.0
T141696,C2539130,ALIGARH,0.05,100.0,2000.0
T215699,C5139122,ALIGARH,0.05,100.0,2000.0
T215981,C2832670,WARANGAL,0.01,20.0,2000.0
T251084,C8229216,BANGALORE,0.05,100.0,2000.0
T291054,C2932638,WARANGAL,0.01,20.0,2000.0
T30654,C3714562,KOLKATA,0.1,200.0,2000.0
T350892,C5941965,MUMBAI,0.01,20.0,2000.0
T576613,C1413192,BIJNOR,0.1,200.0,2000.0
T604542,C5517834,GHAZIABAD,1.0,2000.0,2000.0
T608960,C8232188,DELHI,0.2,400.0,2000.0
T618632,C7432648,WARANGAL,0.01,20.0,2000.0
T627597,C8532636,WARANGAL,0.01,20.0,2000.0
T660076,C4825676,NASHIK,0.01,20.0,2000.0
T818373,C3327784,DELHI,0.1,200.0,2000.0
T842243,C8132676,WARANGAL,0.01,20.0,2000.0
T98332,C6829257,BANGALORE,0.05,100.0,2000.0
T423491,C3038247,PRATAPGARH,0.17,339.74,1998.470588235294
T389504,C4929118,DELHI,0.84,1672.55,1991.1309523809523
T95560,C6737352,MUMBAI,0.59,1165.42,1975.2881355932207
T174429,C7727727,VIZIANAGARAM,7.71,15200.0,1971.4656290531777
T757689,C7635912,KAPURTHALA,2.03,4000.0,1970.4433497536947
T526407,C3514573,KOLKATA,0.1,197.0,1970.0
T150391,C2834730,EAST MUMBAI,0.42,826.0,1966.6666666666667
T557545,C6342446,MUMBAI,0.65,1277.0,1964.6153846153845
T228829,C3917684,KOLKATA,0.25,491.0,1964.0
T67205,C5433121,BARDHAMAN,0.28,549.0,1960.7142857142856
T259113,C4023928,DELHI,0.29,568.0,1958.6206896551726
T120401,C1125756,NEW DELHI,0.48,940.0,1958.3333333333335
T1032358,C2429833,MUMBAI,0.65,1270.0,1953.8461538461538
T952272,C3323189,BANGALORE,0.78,1523.81,1953.602564102564
T752472,C1522071,GHAZIABAD,1.43,2792.05,1952.4825174825178
T134008,C6227739,VIZIANAGARAM,7.71,14990.0,1944.2282749675746
T228029,C7718530,MUMBAI,0.67,1297.0,1935.820895522388
T165472,C5532672,PUNE,0.8,1548.0,1935.0
T662534,C5257745,FARIDABAD,0.94,1810.0,1925.531914893617
T693040,C4418546,THANE,0.2,385.0,1925.0
T23267,C8124682,NAINITAL,0.26,500.0,1923.076923076923
T398385,C6428635,SURAT,0.13,250.0,1923.076923076923
T66698,C8042445,MUMBAI,0.65,1250.0,1923.076923076923
T821069,C8728170,KURALI,0.26,500.0,1923.076923076923
T292712,C5319857,NEW DELHI,0.68,1306.0,1920.5882352941176
T387272,C5917268,NEW DELHI,3.66,7023.0,1918.8524590163934
T670163,C5824181,KARNAL,0.36,690.0,1916.6666666666667
T163014,C4628646,RANGA REDDY,0.13,249.0,1915.3846153846152
T2736,C5622431,AHMEDABAD,27.68,53000.0,1914.7398843930637
T644712,C5225411,PATNA,1.41,2699.0,1914.1843971631206
T331989,C4085991,BANGALORE,4.27,8166.75,1912.5878220140517
T397893,C6410382,BANGALORE,1.13,2153.0,1905.3097345132744
T70419,C7034539,NEW DELHI,0.29,551.0,1900.0000000000002
T363623,C5832629,WARANGAL,0.01,19.0,1900.0
T282901,C7486266,BAREILLY,0.23,436.96,1899.8260869565215
T435550,C8420247,GURGAON,0.38,721.0,1897.3684210526314
T502270,C5735843,HYDERABAD,0.58,1100.0,1896.5517241379312
T733270,C2041182,CHENNAI,0.58,1100.0,1896.5517241379312
T451819,C6940826,NOIDA,0.9,1699.0,1887.7777777777778
T172197,C6317159,BHOPAL,1.46,2750.0,1883.5616438356165
T554864,C8928961,THANE,9.58,18039.56,1883.043841336117
T996446,C3121958,THANE,2.79,5251.77,1882.3548387096776
T198526,C1860025,MUMBAI,0.34,640.0,1882.3529411764705
T311653,C7237925,MUMBAI,10.65,20000.0,1877.9342723004695
T217817,C1336554,DELHI,7.99,15000.0,1877.3466833541927
T102684,C7910188,MUMBAI,0.32,600.0,1875.0
T891747,C5120815,SOUTH KONANAKE BANGALORE,0.32,600.0,1875.0
T532432,C4642752,GURGAON,0.31,580.96,1874.0645161290324
T293245,C1441978,DELHI,1.61,3000.0,1863.3540372670807
T606590,C5623216,GAUTAM BUDDHA NAGAR,0.29,540.0,1862.0689655172414
T160692,C8226575,JAJPUR,0.05,93.0,1860.0
T178144,C1026571,JAJPUR,0.05,93.0,1860.0
T219772,C3526534,JAJPUR,0.05,93.0,1860.0
T293367,C7426579,JAJPUR,0.05,93.0,1860.0
T81052,C8326543,JAJPUR,0.05,93.0,1860.0
T554945,C3727959,HYDERABAD,1.13,2100.0,1858.4070796460178
T75712,C4024814,MUMBAI,0.07,130.0,1857.1428571428569
T326795,C6113116,KARNAL,0.71,1315.0,1852.1126760563382
T998167,C2017183,BHOPAL,1.46,2692.0,1843.8356164383563
T221022,C4742989,BANDRA EAST MUMBAI,0.19,350.0,1842.1052631578948
T105784,C4634631,BANGALORE,0.79,1453.0,1839.240506329114
T734402,C3532785,SAS NAGAR,1.09,2000.0,1834.8623853211009
T393168,C2710084,YAMUNANAGAR,0.55,1008.63,1833.8727272727272
T442019,C5818516,INDORE,0.06,110.0,1833.3333333333335
T417000,C7829966,THANE WEST,1.0,1830.0,1830.0
T2517,C6558933,KANPUR NAGAR,10.28,18790.0,1827.8210116731518
T720719,C8330577,NASIRABAD,0.98,1786.0,1822.4489795918369
T338488,C9070455,BETUL,3.23,5885.0,1821.9814241486067
T1044820,C4228480,NEAR BATA MORE KOLKATA,0.11,200.0,1818.1818181818182
T165897,C4937272,GURGAON,0.55,1000.0,1818.181818181818
T994043,C5439732,FATEHABAD,0.53,962.0,1815.0943396226414
T859415,C1416519,BANGALORE,0.07,127.0,1814.2857142857142
T426583,C6532537,MUMBAI,4.41,8000.0,1814.0589569160998
T222759,C8827572,PUNE,1.62,2932.0,1809.8765432098764
T580583,C6970130,JODHPUR,0.47,850.0,1808.5106382978724
T327851,C7634441,ZIRAKPUR,0.78,1407.32,1804.2564102564102
T372539,C3950267,MUMBAI,13.99,25224.0,1803.002144388849
T191604,C1542562,HYDERABAD,9.43,17000.0,1802.7571580063627
T345703,C2027470,NASHIK,2.1,3780.0,1800.0
T304173,C2512122,DELHI,0.39,700.0,1794.871794871795
T828527,C8860030,MUMBAI,0.34,609.1,1791.4705882352941
T747736,C2927537,PUNE,1.62,2900.0,1790.1234567901233
T102814,C5631318,BANGALORE,0.78,1396.1,1789.8717948717947
T381529,C6839691,GURGAON,0.68,1216.0,1788.2352941176468
T333553,C8712172,NAWANSHAHR,0.28,500.0,1785.7142857142856
T334156,C4712155,NAWANSHAHR,0.28,500.0,1785.7142857142856
T38582,C8526358,ROURKELA,0.28,500.0,1785.7142857142856
T838831,C1139326,NAVI MUMBAI,0.56,1000.0,1785.7142857142856
T833281,C6470174,JODHPUR,0.47,835.0,1776.595744680851
T82876,C1441190,CHENNAI,0.58,1030.0,1775.8620689655174
T203388,C6222482,BANGALORE,0.19,337.34,1775.4736842105262
T303292,C6925418,PATNA,1.41,2500.0,1773.049645390071
T480236,C3138330,DELHI,10.72,18994.0,1771.828358208955
T491313,C4742470,MUMBAI,0.65,1151.0,1770.7692307692307
T18367,C7241166,SURAT,0.57,1008.0,1768.4210526315792
T808909,C3531312,BANGALORE,0.78,1379.0,1767.9487179487178
T706394,C2673961,SOUTH 24 PARGANAS,1.01,1785.0,1767.3267326732673
T928959,C6839350,CHITTO0R,1.11,1960.0,1765.7657657657655
T709761,C7041515,THANE,0.46,812.0,1765.2173913043478
T378678,C7342918,ROAD PUNE,0.17,300.0,1764.705882352941
T769455,C7436061,ERNAKULAM,1.69,2976.0,1760.9467455621302
T1002677,C7741263,MANDIR KOLKATA,0.57,1000.0,1754.3859649122808
T740775,C4542956,ROAD PUNE,0.17,298.0,1752.941176470588
T1004448,C2032635,BEHROR,0.47,823.0,1751.0638297872342
T536160,C4114542,KOLKATA,0.1,175.0,1750.0
T58072,C6632262,MUMBAI,0.4,699.0,1747.5
T486486,C7134586,NEW DELHI,0.29,506.01,1744.8620689655174
T1025394,C2185474,DELHI,0.49,854.0,1742.857142857143
T669500,C7410477,KOLKATA,0.23,400.0,1739.1304347826085
T850061,C7040639,BHOJPUR,0.87,1512.75,1738.7931034482758
T851610,C5740615,BHOJPUR,0.87,1512.75,1738.7931034482758
T551576,C3612317,VISAKHAPATNAM,0.54,938.0,1737.037037037037
T95615,C6437376,MUMBAI,0.59,1023.5,1734.7457627118645
T553352,C6610436,GURGAON,0.52,902.0,1734.6153846153845
T152889,C1010064,DELHI,1.73,3000.0,1734.1040462427745
T336896,C6639717,AHMEDABAD,1.05,1820.0,1733.3333333333333
T319493,C5130132,ALLAHABAD,0.41,709.0,1729.268292682927
T203352,C6913574,ALAPPUZHA,0.48,829.34,1727.7916666666667
T187476,C2886249,BAREILLY,0.23,396.82,1725.3043478260868
T964134,C8416880,JUNAGADH,0.29,500.0,1724.1379310344828
T258370,C3411362,THANE,0.29,499.0,1720.689655172414
T233631,C3017490,NOIDA,0.87,1495.0,1718.3908045977012
T386238,C7123085,GURGAON,0.78,1336.54,1713.5128205128203
T207534,C1117457,NOIDA,0.87,1490.0,1712.6436781609195
T632498,C2116587,BHUBANESHWAR,0.88,1504.0,1709.090909090909
T37596,C2331369,BALLIA,0.31,529.0,1706.4516129032259
T283633,C4826983,THANE DISTRICT,3.52,6000.0,1704.5454545454545
T461520,C6213743,LUCKNOW,0.5,850.0,1700.0
T934948,C9024350,GURGAON,0.2,340.0,1700.0
T838939,C4427543,PUNE,1.62,2749.0,1696.9135802469134
T5826,C2239290,KAITHAL,3.53,5990.0,1696.8838526912182
T752512,C9037415,GHAZIABAD,0.77,1306.0,1696.103896103896
T633103,C3626878,BANGALORE,3.71,6284.0,1693.800539083558
T64660,C2930330,HYDERABAD,2.65,4487.5,1693.3962264150944
T695600,C9036241,CALICUT,0.18,304.0,1688.888888888889
T388405,C1134018,NEW DELHI,2.06,3461.27,1680.2281553398059
T388710,C1334041,NEW DELHI,2.06,3461.27,1680.2281553398059
T685095,C2951828,NOIDA,0.25,420.0,1680.0
T724527,C7732051,MUMBAI,2.59,4336.0,1674.1312741312743
T246733,C1130426,MUMBAI,5.46,9130.0,1672.161172161172
T710624,C1938620,BANGALORE,0.7,1170.0,1671.4285714285716
T443820,C2414038,SRIKAKULAM,0.76,1270.0,1671.0526315789473
T289928,C2474288,BANGALORE,0.13,217.09,1669.923076923077
T635031,C4011145,BANGALORE,1.5,2501.0,1667.3333333333333
T553979,C4935672,PUNE,0.18,300.0,1666.6666666666667
T609469,C1466852,CHENNAI,0.6,1000.0,1666.6666666666667
T956204,C7818935,NELLORE,0.03,50.0,1666.6666666666667
T444939,C9018157,NAGPUR,0.26,433.0,1665.3846153846152
T594565,C8824385,MANGALORE,2.46,4086.0,1660.9756097560976
T912899,C4525611,VISAKHAPATNAM,0.5,830.0,1660.0
T720480,C5231328,BANGALORE,0.78,1293.13,1657.8589743589744
T576207,C3613329,SAIBABA MANDIR MUMBAI,0.82,1359.0,1657.3170731707319
T50879,C5336263,CALICUT,0.18,298.3,1657.2222222222224
T415860,C3120427,BANGALORE,0.48,795.0,1656.25
T746182,C4018473,GURGAON,6.83,11312.0,1656.2225475841874
T299605,C6813044,PRAKASAM DIST (AP),0.36,591.25,1642.361111111111
T738298,C6939192,DELHI,1.68,2758.0,1641.6666666666667
T295541,C8335555,NOIDA,0.85,1395.0,1641.1764705882354
T571262,C1085914,BANGALORE,4.27,7000.0,1639.3442622950822
T173911,C5192538,MEDAK,0.61,1000.0,1639.344262295082
T29744,C1717257,NEW DELHI,3.66,6000.0,1639.344262295082
T317147,C5517487,MUMBAI,9.79,15990.0,1633.2992849846785
T330621,C8710354,SULTANPUR,0.04,65.0,1625.0
T677761,C2410129,MUMBAI,0.32,520.0,1625.0
T890234,C7536022,NOIDA,0.37,600.0,1621.6216216216217
T965605,C8239369,DELHI,2.41,3900.0,1618.2572614107883
T507759,C8831679,MUMBAI,0.93,1500.0,1612.9032258064515
T1030193,C4913745,LUCKNOW,0.5,806.0,1612.0
T1017522,C5832072,PUNE,2.02,3243.2,1605.5445544554455
T947659,C2727589,PUNE,1.62,2599.64,1604.716049382716
T475532,C1334528,NEW DELHI,0.29,465.0,1603.448275862069
T264764,C4325264,PUNE,0.36,576.0,1600.0
T738367,C7134968,MUMBAI,0.5,800.0,1600.0
T848283,C3017635,KOLKATA,0.25,400.0,1600.0
T85035,C3764959,DEHRADUN,0.08,128.0,1600.0
T958027,C4133058,BANGALORE,1.58,2528.0,1600.0
T220561,C8929211,CHENNAI,0.94,1500.0,1595.744680851064
T669723,C5514915,MUMBRA,2.07,3299.0,1593.719806763285
T545709,C7618315,NOIDA,0.61,972.0,1593.4426229508197
T419576,C4322838,NOIDA,0.69,1099.0,1592.753623188406
T69980,C3060131,KOTA,0.1,159.0,1590.0
T281169,C1918634,JAMSHEDPUR,0.63,1000.0,1587.3015873015872
T89474,C1612473,SONIPAT,1.53,2420.0,1581.6993464052287
T43529,C4786283,THANE EAST,0.45,711.0,1580.0
T504459,C3136737,NEW DELHI,0.19,300.0,1578.9473684210527
T452162,C8813761,LUCKNOW,0.5,789.0,1578.0
T311743,C7970180,JODHPUR,0.47,740.5,1575.531914893617
T225354,C1036386,SANT RAVIDAS NAGAR,0.19,299.0,1573.6842105263158
T990161,C8355756,MUMBAI,1.92,3020.0,1572.9166666666667
T81219,C1510928,BANGALORE,0.24,376.64,1569.3333333333333
T803816,C4028187,KURALI,0.26,408.0,1569.2307692307693
T773528,C7073491,SURAT,1.51,2359.61,1562.655629139073
T220616,C3424089,NEW DELHI,0.32,500.0,1562.5
T228697,C7124067,NEW DELHI,0.32,500.0,1562.5
T539219,C1040413,KANCHIPURAM,0.64,1000.0,1562.5
T551364,C6340453,KANCHIPURAM,0.64,1000.0,1562.5
T554164,C1440476,KANCHIPURAM,0.64,1000.0,1562.5
T831044,C7120878,SOUTH KONANAKE BANGALORE,0.32,500.0,1562.5
T443925,C2115389,NAGPUR,12.81,20000.0,1561.28024980484
T195042,C3420865,DELHI,12.17,19000.0,1561.2161051766639
T55550,C8132684,BANGALORE,0.41,640.0,1560.9756097560976
T164095,C5139080,SIVASAGAR,5.15,8034.0,1560.0
T876216,C3224156,DAVANGERE,0.16,249.52,1559.5
T12316,C7410477,GURGAON,0.52,810.0,1557.6923076923076
T621156,C5136330,SANT RAVIDAS NAGAR,0.19,295.86,1557.157894736842
T926526,C2632169,KOTTAYAM,4.7,7309.0,1555.1063829787233
T560910,C5216155,VEERA DESAI ROAD MUMBAI,12.87,20000.0,1554.001554001554
T800282,C8224379,ROHTAK,42.93,66686.0,1553.365944560913
T40425,C4122469,BANGALORE,0.19,294.0,1547.3684210526314
T1041465,C6229624,TALUK KANCHEEPURAM DIST,0.07,108.0,1542.8571428571427
T900244,C5919425,ANDROTH,7.96,12270.0,1541.4572864321608
T203138,C2249967,PARK MAHAPE NAVI MUMBAI,0.13,200.0,1538.4615384615383
T271022,C3849990,PARK MAHAPE NAVI MUMBAI,0.13,200.0,1538.4615384615383
T359732,C5622520,DEHRADUN,0.65,1000.0,1538.4615384615383
T424071,C8042463,MUMBAI,0.65,1000.0,1538.4615384615383
T641086,C5028668,SURAT,0.13,200.0,1538.4615384615383
T500024,C8822918,SHAHJAHANPUR,0.52,796.0,1530.7692307692307
T172153,C3329992,KAITHAL,0.85,1299.0,1528.235294117647
T191829,C2231563,GANDHINAGAR,0.63,961.55,1526.2698412698412
T179615,C2831145,BENGALURU,2.36,3591.0,1521.6101694915255
T434510,C3529161,DELHI,5.48,8330.0,1520.0729927007299
T877435,C7717657,KOLKATA,0.25,380.0,1520.0
T249026,C3729621,CHENNAI,0.38,577.0,1518.421052631579
T251837,C5129625,CHENNAI,0.38,577.0,1518.421052631579
T304277,C3519141,BARAMATI,32.93,50000.0,1518.3723048891588
T173940,C2334542,NEW DELHI,0.29,440.0,1517.2413793103449
T207272,C5141241,HYDERABAD,1.32,2000.0,1515.151515151515
T302550,C8341275,HYDERABAD,1.32,2000.0,1515.151515151515
T422809,C4441217,HYDERABAD,1.32,2000.0,1515.151515151515
T638536,C1832187,KOTTAYAM,4.7,7114.0,1513.6170212765958
T284341,C5929115,CHENNAI,0.09,136.0,1511.111111111111
T796861,C7952992,KOLKATA,0.1,151.0,1510.0
T216421,C1386262,BAREILLY,0.23,347.0,1508.695652173913
T224047,C7588392,CHENNAI,0.62,934.5,1507.258064516129
T410982,C6099418,TRICHY,0.82,1233.05,1503.719512195122
T30976,C6420474,CHENNAI,13.15,19760.0,1502.6615969581749
T676934,C5017855,MUMBAI,1.36,2043.4,1502.5
T307235,C8816465,BANGALORE,1.01,1515.25,1500.2475247524753
T411290,C8828132,KURALI,0.26,390.0,1500.0
T46404,C7228131,KURALI,0.26,390.0,1500.0
T58571,C8610278,GURGAON,0.02,30.0,1500.0
T751587,C2949246,MIDNAPORE,0.2,300.0,1500.0
T346054,C3329732,NORTH 24 PARGANAS,0.32,479.0,1496.875
T13276,C8516792,SONIPAT,1.57,2342.0,1491.71974522293
T26921,C6316734,SONIPAT,1.57,2342.0,1491.71974522293
T33015,C4116752,SONIPAT,1.57,2342.0,1491.71974522293
T33039,C5316756,SONIPAT,1.57,2342.0,1491.71974522293
T171320,C7468827,GHAZIABAD,0.38,566.0,1489.4736842105262
T113053,C3627555,GURGAON,12.76,18989.0,1488.166144200627
T737160,C9017686,KOLKATA,0.25,372.0,1488.0
T831618,C2329138,KASARAGOD,8.69,12913.0,1485.9608745684695
T807821,C9042770,GURGAON,0.31,460.0,1483.8709677419356
T1018992,C3297614,NASHIK,0.4,592.3,1480.7499999999998
T128321,C1725023,HOWRAH,0.93,1375.0,1478.494623655914
T742608,C2435964,KAPURTHALA,2.03,3000.0,1477.832512315271
T141752,C7564326,TOHANA,0.44,650.0,1477.2727272727273
T833085,C1897690,NASHIK,0.4,590.0,1475.0
T95536,C6410225,NEW DELHI,0.19,280.0,1473.6842105263158
T974133,C1336636,DELHI,4.75,7000.0,1473.6842105263158
T970840,C2239182,BALLABGARH,0.53,780.0,1471.698113207547
T370780,C7065970,DOMBIVALI,0.68,1000.0,1470.5882352941176
T304792,C1435020,GAUTAM BUDDHA NAGAR,3.0,4400.0,1466.6666666666667
T507861,C7539463,DELHI,1.3,1900.0,1461.5384615384614
T280553,C4214482,AMBERNATH,4.79,7000.0,1461.3778705636744
T515324,C3790943,CHENNAI,1.42,2067.0,1455.6338028169014
T361233,C1841978,MUMBAI,0.69,1004.0,1455.072463768116
T149475,C3241523,THANE,0.46,668.0,1452.1739130434783
T447700,C8542755,GURGAON,0.31,450.0,1451.6129032258063
T902937,C6034890,MUMBAI,2.99,4326.0,1446.8227424749164
T533855,C1790925,CHENNAI,1.42,2053.0,1445.774647887324
T639549,C7129472,MUMBAI,7.84,11300.0,1441.3265306122448
T352774,C2314039,DELHI,38.68,55654.0,1438.8314374353672
T705256,C3518556,THANE,0.61,875.15,1434.672131147541
T862202,C1725085,HOWRAH,0.93,1334.0,1434.4086021505375
T723179,C2842473,MUMBAI,0.65,930.0,1430.7692307692307
T851899,C8442182,ALLAHABAD,0.34,486.3,1430.2941176470588
T329941,C4314067,KOTTAYAM,6.61,9450.0,1429.6520423600605
T315032,C8333916,NEW DELHI,0.21,300.0,1428.5714285714287
T578831,C3312166,NAWANSHAHR,0.28,400.0,1428.5714285714284
T590544,C3244026,PURULIA,0.07,100.0,1428.5714285714284
T63007,C5739765,AHMEDABAD,1.05,1500.0,1428.5714285714284
T642960,C4042252,DELHI,0.07,100.0,1428.5714285714284
T822844,C2936743,DELHI,0.89,1270.0,1426.9662921348315
T357259,C3797241,THANE,5.25,7485.0,1425.7142857142858
T266166,C1036145,DELHI,5.02,7146.0,1423.5059760956176
T713179,C3429350,UDAIPUR,8.43,12000.0,1423.4875444839859
T937453,C1082649,GHAZIABAD,3.83,5440.0,1420.3655352480419
T273332,C4330020,WEST GODAVARI,0.18,255.0,1416.6666666666667
T5172,C5523068,DELHI,2.5,3540.0,1416.0
T27292,C7013519,MUMBAI,0.54,764.5,1415.7407407407406
T475044,C3124650,GORAKHPUR,20.2,28520.17,1411.889603960396
T733764,C3623022,AHMEDABAD,0.65,917.72,1411.876923076923
T625794,C2923178,BANGALORE,0.78,1100.0,1410.2564102564102
T354209,C1641292,MANDIR KOLKATA,0.57,800.0,1403.5087719298247
T196092,C6324127,MUMBAI,2.08,2913.93,1400.9278846153845
T1048422,C5114584,NEW DELHI,23.24,32500.0,1398.4509466437178
T816952,C6035689,CHENNAI,17.88,25000.0,1398.2102908277407
T157615,C8931323,BANGALORE,0.78,1088.97,1396.1153846153845
T808441,C6260089,MUMBAI,0.34,474.0,1394.1176470588234
T819682,C4541514,CHITTO0R,2.87,4000.0,1393.7282229965156
T15479,C7125236,PUNE,0.36,500.0,1388.888888888889
T222257,C7942780,TEHSIL-PUNE PUNE,0.36,500.0,1388.888888888889
T244499,C4113417,BANGALORE,0.72,999.0,1387.5
T58926,C8688313,CHENNAI,0.62,860.0,1387.0967741935483
T59746,C1888383,CHENNAI,0.62,860.0,1387.0967741935483
T77543,C8433387,DELHI,0.81,1123.0,1386.4197530864196
T662854,C8940541,NAGPUR,0.29,402.0,1386.2068965517242
T318155,C6530163,ALLAHABAD,0.41,567.0,1382.9268292682927
T950881,C2535553,HUBLI,0.87,1203.0,1382.7586206896551
T62723,C4334727,EAST MUMBAI,0.42,579.0,1378.5714285714287
T97060,C5922862,NOIDA,0.69,950.0,1376.8115942028987
T353048,C2640031,PATNA,1.02,1404.0,1376.4705882352941
T465633,C4132756,SAS NAGAR,1.09,1500.0,1376.1467889908256
T287841,C4817179,BHOPAL,1.46,2005.0,1373.2876712328768
T612495,C1523242,GAUTAM BUDDHA NAGAR,0.29,398.0,1372.4137931034484
T921483,C1514555,KOLKATA,0.1,137.0,1370.0
T575954,C4413082,DELHI,0.19,260.0,1368.421052631579
T790607,C1922431,BANGALORE,0.19,259.9,1367.8947368421052
T964065,C6512781,DELHI,0.88,1200.0,1363.6363636363637
T953529,C3211775,BANGALORE,4.94,6725.0,1361.3360323886639
T744753,C8015566,NEW DELHI,0.56,761.0,1358.9285714285713
T663421,C5562439,PARAVOOR,11.45,15548.0,1357.9039301310045
T1027775,C7922413,BANGALORE,0.19,258.0,1357.8947368421052
T899027,C6040414,KANCHIPURAM,0.64,867.72,1355.8125
T186401,C5511638,NAVI MUMBAI,5.71,7740.0,1355.5166374781086
T188880,C3411685,NAVI MUMBAI,5.71,7740.0,1355.5166374781086
T190316,C6511611,NAVI MUMBAI,5.71,7740.0,1355.5166374781086
T324878,C3823064,GURGAON,0.78,1056.73,1354.7820512820513
T1005889,C5925648,AHMEDABAD,110.96,149999.99,1351.8384102379237
T267063,C8335022,GURGAON,2.96,4000.0,1351.3513513513515
T125006,C4057770,JUNCTON VISAKHAPATNAM,1.11,1499.0,1350.4504504504503
T615225,C4616441,NEW DELHI,4.3,5800.0,1348.8372093023256
T6032,C3422431,BANGALORE,0.19,256.0,1347.3684210526317
T232528,C2588715,MUMBAI,4.66,6276.0,1346.7811158798283
T77663,C6217381,THANE,0.53,713.54,1346.3018867924527
T913310,C3624589,BHUBANESHWAR,0.94,1262.0,1342.5531914893618
T569991,C8226368,KOLKATA,0.26,349.0,1342.3076923076922
T313475,C1847980,MOHALI,1.94,2600.0,1340.2061855670104
T734286,C8934964,MUMBAI,0.5,670.0,1340.0
T711062,C7338511,BANGALORE,22.41,30000.0,1338.6880856760374
T192423,C1924178,MUMBAI,2.08,2782.0,1337.5
T402280,C5142481,MUMBAI,0.65,868.0,1335.3846153846152
T1016570,C8625641,VISAKHAPATNAM,0.5,667.0,1334.0
T659633,C6030683,MUMBAI,0.15,200.0,1333.3333333333335
T403424,C6333945,BANGALORE,0.75,1000.0,1333.3333333333333
T922921,C3144292,AHMEDABAD,3.61,4813.2,1333.2963988919666
T451343,C2170478,BETUL,3.23,4298.0,1330.6501547987616
T666679,C5914923,MUMBRA,2.07,2748.0,1327.536231884058
T716147,C6340156,CHANDIGARH,0.15,199.0,1326.6666666666667
T431098,C2832030,KATEMANIVALI KALYAN THANE THANE,0.7,927.0,1324.2857142857144
T638994,C1323222,GAUTAM BUDDHA NAGAR,0.29,383.56,1322.6206896551726
T151456,C5514065,GURGAON,0.09,119.0,1322.2222222222222
T401850,C4715548,NOIDA,0.15,198.0,1320.0
T67993,C3340254,ALLAHABAD,3.12,4106.0,1316.0256410256409
T209819,C1423033,GURGAON,0.78,1023.33,1311.9615384615386
T365653,C5115235,JAYABHEVI KAMAN HYDERABAD,9.87,12944.55,1311.5045592705167
T822883,C1011366,THANE,0.29,380.0,1310.344827586207
T806233,C2142070,BHOPAL,0.68,890.0,1308.8235294117646
T694552,C3726580,GHAZIABAD,0.13,170.0,1307.6923076923076
T715998,C3230357,GURGAON,71.45,93240.08,1304.9696291112666
T210056,C8626554,NOIDA,0.41,535.0,1304.878048780488
T14597,C8418467,INDORE,2.69,3500.0,1301.1152416356877
T858364,C9026522,GHAZIABAD,0.13,169.0,1300.0
T222170,C3530423,MUMBAI,5.46,7084.0,1297.4358974358975
T319108,C4923082,DELHI,2.5,3239.0,1295.6
T534996,C1341224,HYDERABAD,1.32,1710.0,1295.4545454545455
T716099,C5499287,TAMENGLONG,0.33,427.0,1293.9393939393938
T368616,C7834587,NEW DELHI,0.29,375.0,1293.103448275862
T567289,C4028650,SURAT,0.13,168.0,1292.3076923076922
T217358,C2542428,MUMBAI,0.65,839.0,1290.7692307692307
T401420,C6612932,FARIDABAD,24.41,31490.0,1290.0450634985662
T985209,C4540682,BHOJPUR,0.87,1121.75,1289.367816091954
T198022,C2518492,NEW DELHI,0.65,837.0,1287.6923076923076
T271806,C1034544,NEW DELHI,0.29,373.0,1286.2068965517242
T358745,C4234725,EAST MUMBAI,0.42,540.0,1285.7142857142858
T340004,C1339767,AHMEDABAD,1.05,1350.0,1285.7142857142856
T205485,C7431737,NEW DELHI,3.1,3978.0,1283.225806451613
T464376,C3320871,VIZIANAGARAM,17.45,22390.0,1283.0945558739256
T286493,C1340113,DOHA,28.11,36052.55,1282.5524724297404
T721278,C2842965,ROAD PUNE,0.17,218.0,1282.3529411764705
T319362,C4623184,BANGALORE,0.78,1000.0,1282.051282051282
T491133,C8299423,TRICHY,0.82,1050.0,1280.4878048780488
T739911,C5226511,NOIDA,0.41,525.0,1280.4878048780488
T25835,C8418437,INDORE,2.69,3444.0,1280.2973977695167
T159543,C4350661,CHENNAI,0.34,435.0,1279.4117647058822
T834573,C8524781,THANE,5.04,6430.06,1275.8055555555557
T644345,C3428470,MUMBAI,19.6,25000.0,1275.5102040816325
T684533,C7623937,DELHI,4.96,6325.92,1275.3870967741937
T192208,C8325423,PATNA,1.41,1797.0,1274.4680851063831
T389779,C1631362,BANGALORE,0.78,991.32,1270.923076923077
T602142,C2728833,VISAKHAPATNAM,5.19,6589.0,1269.5568400770712
T194659,C2731537,GANDHINAGAR,0.63,799.0,1268.2539682539682
T467141,C1790985,CHENNAI,1.42,1800.0,1267.605633802817
T55731,C1090943,CHENNAI,1.42,1800.0,1267.605633802817
T685668,C6135527,HUBLI,0.87,1102.72,1267.4942528735633
T639481,C5734768,LUDHIANA,3.95,4999.0,1265.5696202531644
T1002372,C2135271,DOHA,5.34,6753.0,1264.6067415730338
T174160,C8214948,DARBHANGA,2.09,2642.0,1264.1148325358852
T921386,C5521255,CHENNAI,8.72,11010.0,1262.6146788990825
T1046769,C3460111,KOTA,0.1,126.0,1260.0
T29826,C1126864,BANGALORE,3.71,4662.0,1256.6037735849056
T651401,C6540277,CHENNAI,3.82,4796.0,1255.497382198953
T763080,C5640746,GAYA,9.56,12000.0,1255.2301255230125
T54687,C4738431,VADODARA,1.34,1680.51,1254.1119402985073
T450410,C7712316,VISAKHAPATNAM,0.54,677.0,1253.7037037037037
T737642,C1838866,RANGA REDDY,11.19,14000.0,1251.117068811439
T782384,C8128815,VISAKHAPATNAM,5.19,6490.0,1250.4816955684007
T191590,C5461424,AHMEDABAD,1.24,1550.0,1250.0
T287914,C2735140,CHENNAI,0.04,50.0,1250.0
T516044,C2840482,KANCHIPURAM,0.64,800.0,1250.0
T62857,C1224143,DAVANGERE,0.16,200.0,1250.0
T645709,C8324128,DAVANGERE,0.16,200.0,1250.0
T672802,C4810770,KARNAL,0.08,100.0,1250.0
T756280,C8531468,BANGALORE,0.04,50.0,1250.0
T758287,C2731438,BANGALORE,0.04,50.0,1250.0
T798213,C3236346,BANGALORE,0.32,400.0,1250.0
T832003,C8110176,MUMBAI,0.32,400.0,1250.0
T846055,C2331445,BANGALORE,0.04,50.0,1250.0
T927003,C4124176,DAVANGERE,0.16,200.0,1250.0
T972717,C6231411,BANGALORE,0.04,50.0,1250.0
T735228,C7739318,CHITTO0R,1.11,1384.7,1247.4774774774774
T105274,C2298861,BANGALORE,3.58,4460.0,1245.8100558659219
T825435,C8619481,ANDROTH,7.96,9913.0,1245.3517587939698
T960421,C5739391,DELHI,2.41,3000.0,1244.8132780082988
T752285,C1920732,DELHI,2.74,3409.25,1244.2518248175181
T599665,C1217683,KOLKATA,0.25,311.0,1244.0
T1002164,C2730281,ITARSI,5.64,7012.0,1243.2624113475179
T613940,C3921589,VARANASI,11.17,13873.0,1241.987466427932
T81158,C2922013,GHAZIABAD,1.43,1771.7,1238.951048951049
T761345,C6210465,GURGAON,0.49,606.9,1238.5714285714284
T214525,C8036250,CALICUT,0.18,222.62,1236.7777777777778
T33313,C8442480,MUMBAI,0.65,803.75,1236.5384615384614
T445539,C4042784,GURGAON,0.31,383.0,1235.483870967742
T193607,C2423218,GAUTAM BUDDHA NAGAR,0.29,358.2,1235.1724137931035
T50559,C4540764,DELHI,0.77,950.0,1233.7662337662337
T617935,C4515931,AMRITSAR,0.73,900.0,1232.876712328767
T1024606,C6814714,KOLKATA,8.24,10130.0,1229.3689320388348
T845218,C7029068,MORADABAD,0.14,172.0,1228.5714285714284
T655870,C7334970,DELHI,3.26,4000.0,1226.993865030675
T207651,C2320777,NEW DELHI,4.32,5300.0,1226.8518518518517
T35873,C1311430,CHENNAI,0.15,184.0,1226.6666666666667
T843312,C5156974,EAST GODAVARI,1.28,1570.0,1226.5625
T739774,C6137424,GHAZIABAD,0.77,943.5,1225.3246753246754
T313941,C5952128,AMRITSAR,0.12,147.0,1225.0
T406850,C5452140,AMRITSAR,0.12,147.0,1225.0
T534016,C7952144,AMRITSAR,0.12,147.0,1225.0
T886851,C4452136,AMRITSAR,0.12,147.0,1225.0
T921213,C3052140,AMRITSAR,0.12,147.0,1225.0
T13875,C4142658,NEW DELHI,3.19,3900.0,1222.5705329153604
T746129,C8717250,DELHI,0.18,220.0,1222.2222222222222
T71442,C4223319,AHMEDABAD,14.73,17999.0,1221.928038017651
T571302,C5537646,MUMBAI,0.23,281.0,1221.7391304347825
T717960,C2422419,BANGALORE,0.19,232.0,1221.0526315789473
T498819,C3123056,NOIDA,16.38,20000.0,1221.001221001221
T315481,C2633187,INDORE,2.28,2783.0,1220.6140350877195
T953956,C1318086,MUMBAI,0.69,842.0,1220.2898550724638
T1005503,C3325675,AHMEDABAD,110.96,135361.0,1219.9080749819755
T1005423,C5825642,AHMEDABAD,110.96,135360.0,1219.8990627253065
T316177,C8936321,MUMBAI,1.23,1500.0,1219.5121951219512
T164398,C6127647,DELHI,9.4,11450.0,1218.0851063829787
T1006220,C1225649,AHMEDABAD,110.96,135000.0,1216.6546503244413
T697865,C6342151,ALLAHABAD,0.34,413.0,1214.705882352941
T707508,C5142135,ALLAHABAD,0.34,413.0,1214.705882352941
T710516,C1590553,SECUNDERABAD,32.55,39500.0,1213.5176651305685
T191944,C4333544,CHENNAI,6.13,7433.0,1212.5611745513866
T1003750,C8823886,NOIDA,1.65,2000.0,1212.1212121212122
T340493,C2020464,BANGALORE,0.48,580.0,1208.3333333333335
T101939,C2990988,CHENNAI,1.42,1712.0,1205.6338028169014
T92939,C8017638,KOLKATA,0.25,301.0,1204.0
T342706,C8239880,BANGALORE,7.81,9396.47,1203.133162612036
T1043522,C9060138,KOTA,0.1,120.0,1200.0
T282685,C2626562,JAJPUR,0.05,60.0,1200.0
T449985,C6526559,JAJPUR,0.05,60.0,1200.0
T486656,C5442922,ROAD PUNE,0.17,204.0,1200.0
T660204,C8436238,CALICUT,0.18,216.0,1200.0
T673587,C5236247,CALICUT,0.18,216.0,1200.0
T624103,C2890948,CHENNAI,1.42,1700.0,1197.1830985915494
T677208,C3985525,HYDERABAD,5.56,6656.0,1197.1223021582734
T106852,C7814972,DARBHANGA,2.09,2500.0,1196.1722488038279
T735197,C8417460,NOIDA,0.87,1040.0,1195.4022988505747
T260572,C6118424,BANGALORE,1.59,1898.0,1193.7106918238994
T794164,C6332346,BANGALORE,3.1,3699.38,1193.348387096774
T981600,C5741214,MANDIR KOLKATA,0.57,680.0,1192.982456140351
T283922,C2541738,FARIDABAD,0.52,620.0,1192.3076923076924
T424319,C7333966,NEW DELHI,0.21,250.0,1190.4761904761906
T653821,C7833935,NEW DELHI,0.21,250.0,1190.4761904761906
T838389,C4434779,EAST MUMBAI,0.42,500.0,1190.4761904761906
T572286,C3132036,PUNE,2.02,2400.0,1188.118811881188
T749242,C1224171,DAVANGERE,0.16,190.0,1187.5
T299295,C3511048,NEW DELHI,1.01,1199.0,1187.128712871287
T360384,C1982712,MAIN RD P N PALAYAM COIMBATORE,2.05,2433.0,1186.829268292683
T534323,C8927960,HYDERABAD,1.13,1341.0,1186.7256637168143
T797201,C8836360,LUDHIANA,133.35,158134.0,1185.856767904012
T584980,C2534847,NAVI MUMBAI,0.19,225.0,1184.2105263157894
T695295,C8516923,DEORIA,0.25,296.0,1184.0
T984767,C8327434,THANE,0.82,970.0,1182.9268292682927
T684163,C8131546,NOIDA,4.0,4728.0,1182.0
T640326,C4810442,GURGAON,0.52,614.23,1181.2115384615386
T643552,C1810461,GURGAON,0.52,614.23,1181.2115384615386
T445852,C1017357,DELHI,0.85,1003.0,1180.0
T273935,C3211784,MOHALI,1.73,2040.0,1179.1907514450868
T211142,C3035363,FARIDABAD,0.54,635.5,1176.8518518518517
T730672,C1042946,ROAD PUNE,0.17,200.0,1176.4705882352941
T47837,C3216941,DEORIA,0.25,294.0,1176.0
T505141,C7717680,KOLKATA,0.25,294.0,1176.0
T939688,C2416937,DEORIA,0.25,294.0,1176.0
T353848,C4233624,NOIDA,0.44,517.0,1175.0
T659744,C5735354,FARIDABAD,0.54,633.0,1172.2222222222222
T86049,C1835317,FARIDABAD,0.54,633.0,1172.2222222222222
T826198,C4210115,MUMBAI,0.32,375.0,1171.875
T1005893,C7425634,AHMEDABAD,110.96,130000.0,1171.5933669790916
T293915,C1868870,GHAZIABAD,0.38,445.0,1171.0526315789473
T335701,C7026377,ROURKELA,0.28,327.0,1167.8571428571427
T693655,C6114759,MUMBAI,0.24,280.0,1166.6666666666667
T869294,C6140189,CHANDIGARH,0.15,175.0,1166.6666666666667
T926954,C8365738,GURGAON,0.6,700.0,1166.6666666666667
T343093,C5191728,SURAT,0.47,548.0,1165.9574468085107
T352483,C5933679,NOIDA,0.44,513.0,1165.909090909091
T800623,C2624343,ROHTAK,42.93,50000.0,1164.6866992778941
T725322,C2014032,SRIKAKULAM,0.76,885.0,1164.4736842105262
T895828,C4421055,NEW DELHI,0.43,500.0,1162.7906976744187
T303578,C1641223,HYDERABAD,1.32,1531.0,1159.8484848484848
T445578,C7522839,NOIDA,0.69,800.0,1159.4202898550725
T823724,C2336790,BANGALORE,5.61,6499.0,1158.4670231729056
T5326,C2216078,NAVI MUMBAI,4.0,4626.0,1156.5
T1002978,C1890944,CHENNAI,1.42,1639.72,1154.7323943661972
T747504,C5828633,SURAT,0.13,150.0,1153.8461538461538
T790650,C6828186,KURALI,0.26,300.0,1153.8461538461538
T777334,C8865711,GURGAON,0.6,690.0,1150.0
T472085,C7826031,GUWAHATI,0.87,1000.0,1149.4252873563219
T379008,C8819864,NEW DELHI,0.68,780.0,1147.0588235294117
T479862,C2434947,BANGALORE,2.18,2500.0,1146.788990825688
T147946,C4868864,GHAZIABAD,0.38,435.42,1145.842105263158
T892164,C6333990,NEW DELHI,0.21,240.0,1142.857142857143
T810003,C1627578,PUNE,1.62,1850.0,1141.9753086419753
T34895,C1429329,DELHI,6.13,7000.0,1141.9249592169658
T464481,C8442442,MUMBAI,0.65,741.0,1140.0
T254728,C1546245,KURUKSHETRA,2.63,2998.0,1139.9239543726237
T384289,C8353119,MUMBAI,0.25,284.73,1138.92
T236193,C3919971,SRIPERUMBUDUR,0.96,1093.0,1138.5416666666667
T774149,C7442412,MUMBAI,0.65,740.0,1138.4615384615383
T40178,C5928366,PURBA MEDINIPUR,0.44,500.0,1136.3636363636363
T651612,C3838723,HYDERABAD,2.01,2283.0,1135.8208955223881
T834945,C4419432,DELHI,1.45,1646.0,1135.1724137931035
T866676,C8611419,RAIGARH,6.09,6900.0,1133.0049261083743
T430978,C2010192,RAIPUR,0.53,600.0,1132.0754716981132
T810207,C2325266,NEW DELHI,4.42,5000.0,1131.2217194570137
T811511,C7925235,NEW DELHI,4.42,5000.0,1131.2217194570137
T553350,C3526581,GHAZIABAD,0.13,147.0,1130.7692307692307
T499808,C3442471,MUMBAI,0.65,731.0,1124.6153846153845
T259711,C3774360,GHAZIABAD,0.89,1000.0,1123.5955056179776
T660134,C6826868,BAREILLY,0.49,550.0,1122.4489795918369
T249459,C1229915,KAITHAL,0.85,954.0,1122.3529411764707
T288555,C4316076,THANE,1.33,1490.0,1120.3007518796992
T643975,C5040873,BANGALORE,0.1,112.0,1120.0
T375735,C1510035,HOWRAH,17.71,19815.0,1118.859401468097
T523798,C3485921,BANGALORE,8.92,9965.5,1117.2085201793723
T127490,C8437342,MUMBAI,1.2,1340.0,1116.6666666666667
T57441,C7633062,NOWGAON,0.43,480.0,1116.2790697674418
T357432,C7432224,DEHRADUN,4.15,4631.76,1116.0867469879518
T502962,C7631454,GURGAON,0.26,290.0,1115.3846153846152
T506949,C2731478,GURGAON,0.26,290.0,1115.3846153846152
T627413,C8721539,NAVI MUMBAI,5.8,6468.89,1115.3258620689655
T173199,C5213090,PRAKASAM DIST (AP),0.36,401.48,1115.2222222222224
T138938,C7229843,CHANDIGARH,15.36,17106.0,1113.671875
T193788,C5723088,AHMEDABAD,0.65,723.46,1113.0153846153846
T593372,C2342015,NAGPUR,1.08,1201.0,1112.037037037037
T775827,C7624141,KARNAL,0.36,400.28,1111.888888888889
T974693,C8221454,KANPUR,0.94,1045.0,1111.7021276595744
T1007805,C1417265,DELHI,0.18,200.0,1111.111111111111
T1033054,C4721733,PUNE,0.45,500.0,1111.111111111111
T150468,C8517234,DELHI,0.18,200.0,1111.111111111111
T19791,C7817215,DELHI,0.18,200.0,1111.111111111111
T19815,C5017258,DELHI,0.18,200.0,1111.111111111111
T29521,C5821778,PUNE,0.45,500.0,1111.111111111111
T339283,C3417249,DELHI,0.18,200.0,1111.111111111111
T900043,C8420927,DELHI,0.27,299.0,1107.4074074074074
T844071,C3620691,HOSHANGABAD,5.96,6600.0,1107.3825503355704
T446949,C7730014,GHAZIABAD,2.24,2479.0,1106.6964285714284
T327535,C1515542,NEW DELHI,6.34,7000.0,1104.1009463722398
T765003,C4467056,MUVATTUPUZHA,13.59,14999.0,1103.6791758646063
T113160,C6633230,MUZAFFARPUR,0.55,606.9,1103.4545454545453
T279556,C6756260,NELLORE,4.0,4403.0,1100.75
T211899,C4132654,WARANGAL,0.01,11.0,1100.0
T340180,C3832632,WARANGAL,0.01,11.0,1100.0
T549706,C7532642,WARANGAL,0.01,11.0,1100.0
T554212,C2632611,WARANGAL,0.01,11.0,1100.0
T629277,C5732686,WARANGAL,0.01,11.0,1100.0
T650044,C9036988,SHIVAMOGGA,0.2,220.0,1100.0
T845956,C1132622,WARANGAL,0.01,11.0,1100.0
T155923,C8535339,BOISAR,1.72,1890.0,1098.8372093023256
T748767,C1727075,HYDERABAD,1.53,1680.0,1098.0392156862745
T166271,C2394219,DELHI,1.94,2126.0,1095.8762886597938
T1406,C8326960,THANE DISTRICT,3.52,3855.0,1095.1704545454545
T872995,C5223791,KOLKATA,2.28,2490.0,1092.1052631578948
T518026,C6317624,KOLKATA,0.25,273.0,1092.0
T530036,C8810057,YAMUNANAGAR,0.55,600.0,1090.9090909090908
T448088,C2890955,CHENNAI,1.42,1549.0,1090.8450704225352
T957759,C4533064,BANGALORE,1.58,1723.0,1090.506329113924
T999276,C2322685,NORTH 24 PARGANAS,0.94,1025.0,1090.4255319148938
T305874,C7423260,GAUTAM BUDDHA NAGAR,0.29,316.0,1089.6551724137933
T434344,C7932041,PUNE,2.02,2200.0,1089.1089108910892
T493792,C6126554,CHENNAI,0.09,98.0,1088.888888888889
T422150,C6386466,JAIPUR,2.48,2700.0,1088.7096774193549
T1036983,C4733033,DELHI,0.92,1000.0,1086.9565217391305
T402296,C9020045,NEW DELHI,0.92,1000.0,1086.9565217391305
T404725,C6520027,NEW DELHI,0.92,1000.0,1086.9565217391305
T276395,C1127911,BANGALORE,8.93,9695.0,1085.6662933930572
T49141,C5486423,SAHIBABAD,0.48,521.0,1085.4166666666667
T318136,C5542121,ALLAHABAD,0.34,368.5,1083.8235294117646
T123118,C3836232,CALICUT,0.18,195.0,1083.3333333333335
T2788,C5814742,MUMBAI,0.24,260.0,1083.3333333333335
T495686,C5042929,ROAD PUNE,0.17,184.0,1082.3529411764705
T536038,C6142959,ROAD PUNE,0.17,184.0,1082.3529411764705
T549572,C5142940,ROAD PUNE,0.17,184.0,1082.3529411764705
T554003,C2142936,ROAD PUNE,0.17,184.0,1082.3529411764705
T559186,C8942978,ROAD PUNE,0.17,184.0,1082.3529411764705
T739222,C4142414,MUMBAI,0.65,700.0,1076.923076923077
T283515,C6039638,MANDAPETA,0.3,323.0,1076.6666666666667
T792492,C1421525,DELHI,1.38,1485.0,1076.0869565217392
T300726,C7441567,THANE,0.46,495.0,1076.086956521739
T1048041,C3714574,NEW DELHI,23.24,25000.0,1075.7314974182445
T169848,C7525087,HOWRAH,0.93,1000.0,1075.268817204301
T516153,C2031626,MUMBAI,0.93,1000.0,1075.268817204301
T888352,C5010150,VIJAYAWADA,23.74,25499.0,1074.094355518113
T411073,C6020088,NEW DELHI,0.92,988.0,1073.9130434782608
T647912,C7021541,DELHI,1.38,1481.0,1073.1884057971015
T972665,C3321453,KANPUR,0.94,1008.6,1072.9787234042553
T253440,C3815525,NEW DELHI,0.56,600.0,1071.4285714285713
T864817,C7520534,CHENGANNUR,0.75,799.0,1065.3333333333333
T222744,C8033192,GHAZIABAD,0.36,383.0,1063.888888888889
T183609,C3736461,COIMBATORE,0.94,1000.0,1063.8297872340427
T392737,C2570146,JODHPUR,0.47,500.0,1063.8297872340427
T605691,C4429238,CHENNAI,0.94,1000.0,1063.8297872340427
T657422,C3329225,CHENNAI,0.94,1000.0,1063.8297872340427
T785884,C5029229,CHENNAI,0.94,1000.0,1063.8297872340427
T1006787,C1590976,CHENNAI,1.42,1510.0,1063.380281690141
T139578,C3739777,NEW DELHI,0.83,882.05,1062.710843373494
T446920,C2320820,VIZIANAGARAM,17.45,18490.0,1059.598853868195
T545266,C2842916,ROAD PUNE,0.17,180.0,1058.8235294117646
T311717,C2916148,PANCHKULA,1.12,1185.0,1058.0357142857142
T198397,C7910475,GURGAON,0.52,550.0,1057.6923076923076
T514088,C5822949,SHAHJAHANPUR,0.52,550.0,1057.6923076923076
T825795,C7230280,BHUBANESHWAR,5.05,5332.0,1055.8415841584158
T355790,C3320429,AGRA,10.19,10732.0,1053.189401373896
T290167,C6532028,PUNE,2.02,2126.8,1052.871287128713
T872470,C4922442,BANGALORE,0.19,200.0,1052.6315789473683
T250077,C3810082,DELHI,1.73,1817.67,1050.6763005780347
T519679,C3640811,BANGALORE,0.1,105.0,1050.0
T148409,C3431450,DELHI,0.61,640.0,1049.1803278688524
T164927,C4934159,MUMBAI,12.73,13336.1,1047.6119402985075
T392707,C2122479,BANGALORE,0.19,199.0,1047.3684210526317
T61950,C7720211,GURGAON,0.38,398.0,1047.3684210526317
T63635,C1330971,GURGAON,5.76,6031.0,1047.048611111111
T855966,C1731439,DELHI,0.61,638.68,1047.016393442623
T823472,C4339439,DELHI,1.3,1360.0,1046.1538461538462
T28114,C6416763,SONIPAT,1.57,1640.0,1044.5859872611466
T604077,C6236229,CALICUT,0.18,188.0,1044.4444444444446
T162603,C4822837,NOIDA,0.69,720.0,1043.4782608695652
T131426,C2534917,MUMBAI,0.5,520.0,1040.0
T258867,C2318887,NAVI MUMBAI,1.91,1983.6,1038.5340314136126
T866403,C5028170,KURALI,0.26,270.0,1038.4615384615383
T471175,C7710857,NEW DELHI,1.55,1607.25,1036.9354838709678
T259074,C6980155,VODAFONE STORE MUMBAI,0.29,300.2,1035.1724137931035
T490393,C4034523,NEW DELHI,0.29,300.0,1034.4827586206898
T550718,C8923221,GAUTAM BUDDHA NAGAR,0.29,300.0,1034.4827586206898
T584305,C6423252,GAUTAM BUDDHA NAGAR,0.29,300.0,1034.4827586206898
T766492,C4341152,CHENNAI,0.58,600.0,1034.4827586206898
T643259,C2323763,VISAKHAPATNAM,0.74,765.0,1033.7837837837837
T69311,C2940768,FARIDABAD,2.29,2365.5,1032.9694323144104
T534249,C5537987,MUMBAI,10.65,10992.0,1032.112676056338
T908259,C2741078,KANGRA,2.74,2827.0,1031.7518248175181
T493338,C6316665,BANGALORE,2.26,2330.0,1030.9734513274336
T832160,C7942434,MUMBAI,0.65,670.1,1030.923076923077
T439613,C7530683,CHENNAI,1.11,1143.0,1029.7297297297296
T801158,C3211748,GURGAON,1.14,1173.0,1028.9473684210527
T205635,C1537390,MUMBAI,0.59,606.9,1028.6440677966102
T360794,C1933669,SOLAN,4.9,5039.5,1028.469387755102
T151222,C1522442,BANGALORE,0.19,195.38,1028.3157894736842
T406923,C7513685,PUNE,0.73,750.0,1027.3972602739727
T363949,C3014330,DEHRADUN,5.81,5966.0,1026.8502581755595
T1043934,C3518492,INDORE,2.69,2760.0,1026.0223048327139
T946474,C6432071,MUMBAI,2.59,2657.0,1025.868725868726
T314787,C2339289,VISAKHAPATNAM,5.37,5499.0,1024.022346368715
T935982,C2088736,NORTH 24 PARGANAS,10.86,11108.0,1022.8360957642726
T653527,C6813750,AHMEDABAD,1.26,1288.0,1022.2222222222222
T701470,C8623480,NEW DELHI,4.81,4900.0,1018.7110187110188
T703816,C5023421,NEW DELHI,4.81,4900.0,1018.7110187110188
T704987,C5823425,NEW DELHI,4.81,4900.0,1018.7110187110188
T654462,C4718486,HYDERABAD,1.09,1110.0,1018.3486238532109
T889988,C1525884,NEW DELHI,15.56,15830.0,1017.3521850899742
T174433,C8742446,MUMBAI,0.65,659.0,1013.8461538461538
T879725,C2514486,UNA,1.09,1102.0,1011.0091743119266
T518194,C1525754,WAYANAD,0.99,1000.0,1010.1010101010102
T65252,C7722247,VISAKHAPATNAM,3.78,3814.0,1008.9947089947091
T950362,C8327150,DELHI,1.55,1562.0,1007.741935483871
T875032,C4423778,KOLKATA,2.28,2297.0,1007.4561403508773
T471294,C2133963,GANDHINAGAR,6.95,7000.0,1007.1942446043165
T396172,C3318557,RAIPUR,2.88,2900.0,1006.9444444444445
T1047634,C1227437,THANE,0.82,825.0,1006.0975609756098
T781382,C1418462,GURGAON,6.83,6846.0,1002.3426061493411
T26334,C3936630,VIJAYAWADA,10.8,10820.0,1001.8518518518517
T47885,C2538648,BANGALORE,0.7,700.0,1000.0000000000001
T6765,C1940583,NAGPUR,0.29,290.0,1000.0000000000001
T155059,C8742731,TEHSIL-PUNE PUNE,0.36,360.0,1000.0
T165483,C3639340,NEW DELHI,0.23,230.0,1000.0
T182313,C1239185,ALIGARH,0.05,50.0,1000.0
T204610,C4320135,GURGAON,0.02,20.0,1000.0
T272361,C6556755,KANPUR,2.0,2000.0,1000.0
T27523,C6728648,SURAT,0.13,130.0,1000.0
T320841,C1813918,THANE,0.02,20.0,1000.0
T332100,C2853515,HAMIRPUR,0.02,20.0,1000.0
T371205,C8634784,EAST MUMBAI,0.42,420.0,1000.0
T39448,C6983580,CHANDIGARH,0.51,510.0,1000.0
T48891,C8832153,DELHI,0.2,200.0,1000.0
T501901,C8510424,NOIDA,3.62,3620.0,1000.0
T514753,C4783542,CHANDIGARH,0.51,510.0,1000.0
T655366,C6940387,BANGALORE,0.04,40.0,1000.0
T740589,C4632656,GUWAHATI,2.19,2190.0,1000.0
T756097,C6539173,ALIGARH,0.05,50.0,1000.0
T779672,C6527769,DELHI,0.1,100.0,1000.0
T780247,C7927762,DELHI,0.1,100.0,1000.0
T836801,C6463176,KHARAGPUR,0.01,10.0,1000.0
T881421,C8026117,PARBHANI,0.06,60.0,1000.0
T905524,C7120132,GURGAON,0.02,20.0,1000.0
T913936,C5483524,CHANDIGARH,0.51,510.0,1000.0
T931462,C2320156,WINES CHARLAPALLY HYDERABAD,0.1,100.0,1000.0
T936289,C3983586,CHANDIGARH,0.51,510.0,1000.0
T956208,C4918972,NELLORE,0.03,30.0,1000.0
T513991,C3569090,CHENNAI,0.17,170.0,999.9999999999999
T474457,C5138443,VADODARA,1.34,1339.1,999.3283582089551
T202919,C5322073,NEW DELHI,0.6,599.0,998.3333333333334
T304305,C4722083,NEW DELHI,0.6,599.0,998.3333333333334
T553184,C6522075,NEW DELHI,0.6,599.0,998.3333333333334
T64102,C4622026,NEW DELHI,0.6,599.0,998.3333333333334
T622522,C6239956,HAMIRPUR,0.89,888.0,997.7528089887641
T448540,C2520883,VIZIANAGARAM,17.45,17400.0,997.1346704871061
T706683,C8138764,HYDERABAD,2.01,2000.0,995.0248756218906
T279639,C4135426,MUMBAI,0.36,358.0,994.4444444444445
T843688,C1740566,GREATER NOIDA,1.61,1600.0,993.7888198757763
T856429,C8620824,ABU DHABI,7.68,7596.2,989.0885416666666
T837062,C1240117,CHANDIGARH,0.15,148.0,986.6666666666667
T140520,C2623291,GAUTAM BUDDHA NAGAR,0.29,286.0,986.2068965517242
T699228,C2032016,PUNE,2.02,1990.0,985.1485148514852
T585385,C7782935,PUNE,0.61,600.0,983.6065573770492
T27281,C1288337,CHENNAI,0.62,608.0,980.6451612903226
T220553,C2032976,OFFICE KHORDHA,0.51,500.0,980.3921568627451
T28435,C4583552,CHANDIGARH,0.51,500.0,980.3921568627451
T560880,C2633064,DELHI,0.92,900.0,978.2608695652174
T429294,C7417424,NOIDA,0.87,850.0,977.0114942528736
T32867,C1841856,SHIMLA,0.13,127.0,976.9230769230769
T518145,C3722023,NANGANALLUR CHENNAI,5.12,4999.0,976.3671875
T866440,C1919442,ANDROTH,7.96,7767.0,975.7537688442211
T443329,C1223122,BANGALORE,0.78,760.0,974.3589743589744
T940485,C3534020,NEW DELHI,2.06,2006.0,973.7864077669902
T292501,C8440387,NEW DELHI,1.13,1100.0,973.4513274336284
T709514,C2161144,MUMBAI,0.75,730.0,973.3333333333334
T589565,C4033161,GHAZIABAD,0.36,350.0,972.2222222222223
T341016,C2536281,DELHI,3.88,3772.0,972.1649484536083
T599530,C7611760,GURGAON,1.14,1107.0,971.0526315789474
T276699,C2883119,COIMBATORE,0.89,864.0,970.7865168539325
T296516,C6938217,UDAIPUR,13.77,13338.0,968.6274509803922
T555324,C1941750,PATAUDI,3.02,2925.0,968.5430463576159
T368973,C8530249,JHAJJAR,0.41,397.0,968.2926829268293
T201951,C7531756,NEW DELHI,3.1,3000.0,967.741935483871
T447518,C5742711,GURGAON,0.31,300.0,967.741935483871
T52510,C4916582,NILGIRIS,24.55,23752.28,967.5063136456212
T298595,C5714836,NEW DELHI,1.47,1421.0,966.6666666666666
T511360,C4480192,VODAFONE STORE MUMBAI,0.29,280.0,965.5172413793105
T236138,C7411790,GURGAON,1.14,1100.0,964.9122807017544
T302554,C8141264,HYDERABAD,1.32,1273.0,964.3939393939394
T385608,C7123724,GUNTUR,6.09,5869.0,963.7110016420362
T711067,C9033663,SOLAN,4.9,4720.0,963.2653061224489
T555629,C1221472,KANPUR,0.94,905.0,962.7659574468086
T20036,C1710483,GURGAON,0.52,500.0,961.5384615384615
T248729,C3910473,GURGAON,0.52,500.0,961.5384615384615
T72873,C7516517,LUCKNOW,0.52,500.0,961.5384615384615
T447157,C8720550,CHENGANNUR,0.75,720.0,960.0
T221206,C5188369,CHENNAI,0.62,595.0,959.6774193548387
T230722,C1736742,DELHI,0.89,852.0,957.3033707865169
T781389,C3710459,GURGAON,0.49,469.0,957.1428571428571
T287704,C5435541,BEGUSARAI,7.22,6908.0,956.7867036011081
T704358,C1426966,THANE DISTRICT,3.52,3342.0,949.4318181818181
T219118,C3846241,KURUKSHETRA,2.63,2492.0,947.5285171102662
T729969,C8823745,VISAKHAPATNAM,0.74,701.0,947.2972972972973
T458073,C6520811,MUMBAI,0.37,350.0,945.9459459459459
T605582,C5250251,MUMBAI,13.99,13223.34,945.1994281629735
T581878,C6330756,DELHI,8.36,7900.0,944.976076555024
T38130,C4832049,CHENNAI,1.06,1000.0,943.3962264150942
T526811,C1515555,HOWRAH,1.59,1500.0,943.3962264150942
T652575,C5140868,BANGALORE,3.64,3426.0,941.2087912087911
T879073,C5535163,CHANDIGARH,2.46,2312.0,939.8373983739838
T203726,C7423160,SONIPAT,2.13,2000.0,938.9671361502348
T204083,C2223128,SONIPAT,2.13,2000.0,938.9671361502348
T204086,C3923111,SONIPAT,2.13,2000.0,938.9671361502348
T204943,C5623155,SONIPAT,2.13,2000.0,938.9671361502348
T48612,C3720516,GURGAON,1.15,1079.0,938.2608695652175
T140056,C8420835,SOUTH KONANAKE BANGALORE,0.32,300.0,937.5
T349518,C7210924,BANGALORE,0.24,225.0,937.5
T145298,C8822449,BANGALORE,0.19,178.0,936.8421052631579
T216699,C8829717,NORTH 24 PARGANAS,0.8,749.0,936.25
T927738,C3123075,GREATER NOIDA,0.8,749.0,936.25
T52329,C4739387,NEW DELHI,0.23,215.0,934.7826086956521
T270116,C4112938,FARIDABAD,24.41,22800.0,934.0434248258911
T596776,C5228878,VISAKHAPATNAM,5.19,4846.0,933.7186897880539
T117004,C6815252,NEW DELHI,2.17,2020.0,930.8755760368664
T117162,C6115275,NEW DELHI,2.17,2020.0,930.8755760368664
T373917,C6621063,NEW DELHI,0.43,400.0,930.232558139535
T886226,C8531953,THANJAVUR DT,3.23,3000.0,928.7925696594427
T414772,C1912375,VISAKHAPATNAM,0.54,500.0,925.9259259259259
T360719,C8931442,DELHI,0.61,564.0,924.5901639344263
T319515,C2711073,CHENNAI,101.17,93500.0,924.1870119600673
T861382,C2928119,KURALI,0.26,240.0,923.0769230769231
T259163,C4141545,THANE,0.46,424.0,921.7391304347826
T411400,C3542444,MUMBAI,0.65,599.0,921.5384615384615
T459329,C3523247,GAUTAM BUDDHA NAGAR,0.29,267.12,921.1034482758621
T33454,C5632769,BADSHAPUR,1.0,920.0,920.0
T537449,C7924722,CHENNAI,0.65,598.0,920.0
T1017914,C7910463,GURGAON,0.49,450.0,918.3673469387755
T232928,C6532017,THANJAVUR,16.47,15100.0,916.8184578020645
T844811,C2525532,DELHI,0.06,55.0,916.6666666666667
T257980,C1235366,FARIDABAD,0.54,495.0,916.6666666666666
T449111,C2823170,BANGALORE,0.78,715.0,916.6666666666666
T443815,C7520827,VIZIANAGARAM,17.45,15990.0,916.3323782234958
T599388,C1241570,THANE,0.46,421.0,915.2173913043478
T473332,C2730466,MUMBAI,5.46,4990.0,913.919413919414
T861392,C3813012,PRAKASAM DIST (AP),0.36,328.56,912.6666666666667
T555889,C8222445,BANGALORE,0.19,173.0,910.5263157894736
T311218,C3311061,CHENNAI,101.17,92000.0,909.3604823564298
T108421,C6323783,CHENNAI,0.11,100.0,909.0909090909091
T992038,C4023691,THANE,0.11,100.0,909.0909090909091
T641618,C1723119,BANGALORE,0.78,709.0,908.9743589743589
T229302,C1126856,KOLKATA,46.94,42630.0,908.180656156796
T358790,C2132659,DELHI,1.81,1642.0,907.182320441989
T574617,C4937120,BANGALORE,3.64,3301.08,906.8901098901098
T589720,C3937119,BANGALORE,3.64,3301.08,906.8901098901098
T133636,C7031324,BANGALORE,0.78,706.14,905.3076923076923
T96805,C7837639,MUMBAI,0.23,208.0,904.3478260869565
T1008707,C2425665,AHMEDABAD,110.96,100000.0,901.2256669069935
T261383,C8622859,NOIDA,0.69,621.0,900.0000000000001
T314287,C3936231,SANT KABIR NAGAR,0.5,450.0,900.0
T690350,C6824117,KARNAL,0.36,324.0,900.0
T768112,C6934757,EAST MUMBAI,0.42,377.0,897.6190476190477
T649421,C7818737,ANANTNAG,1.23,1104.0,897.5609756097562
T745372,C3226283,VILLUPURAM,2.23,2000.0,896.8609865470852
T508506,C8723275,GAUTAM BUDDHA NAGAR,0.29,260.0,896.551724137931
T548596,C6920266,GURGAON,0.38,340.0,894.7368421052631
T895964,C1822447,BANGALORE,0.19,170.0,894.7368421052631
T280047,C4740236,CHENNAI,3.82,3417.0,894.5026178010471
T133303,C4635346,FARIDABAD,0.54,483.0,894.4444444444443
T484730,C1123247,GAUTAM BUDDHA NAGAR,0.29,259.0,893.1034482758621
T352636,C1115528,NEW DELHI,0.56,500.0,892.8571428571428
T814303,C6411547,DELHI,0.68,606.9,892.4999999999999
T708258,C6938578,BANGALORE,22.41,20000.0,892.458723784025
T808005,C8542477,MUMBAI,0.65,580.0,892.3076923076923
T649719,C4934922,DELHI,3.26,2900.0,889.5705521472394
T6766,C1233042,BANGALORE,1.58,1404.0,888.6075949367088
T379001,C4091637,MUMBAI,6.36,5649.0,888.2075471698113
T243455,C7632653,KRISHNA VIJAYAWADA,3.82,3390.0,887.4345549738221
T952796,C8513748,KUSHALNAGAR,0.71,630.0,887.3239436619718
T371329,C6310367,BANGALORE,1.13,1000.0,884.9557522123895
T878945,C7826435,PUNE,3.11,2752.0,884.887459807074
T363738,C5842433,MUMBAI,0.65,575.0,884.6153846153846
T238949,C5017861,MUMBAI,1.36,1202.88,884.4705882352941
T156084,C9042720,TEHSIL-PUNE PUNE,0.36,318.0,883.3333333333334
T756898,C4237476,GHAZIABAD,0.77,680.0,883.1168831168831
T85100,C5857735,JUNCTON VISAKHAPATNAM,1.11,980.0,882.8828828828828
T87227,C5957780,JUNCTON VISAKHAPATNAM,1.11,980.0,882.8828828828828
T99344,C3423390,AHMEDABAD,14.73,12999.0,882.4847250509165
T493997,C8940023,PATNA,1.02,900.0,882.3529411764706
T89999,C2622038,THANE,0.34,300.0,882.3529411764705
T755873,C3650862,THANE,5.66,4991.0,881.8021201413427
T885845,C4123141,KURNOOL,4.44,3897.0,877.7027027027026
T1004544,C8243224,GURGAON,0.57,500.0,877.1929824561404
T313261,C8530129,ALLAHABAD,0.41,359.5,876.829268292683
T1001525,C2732678,BEHROR,0.47,412.0,876.5957446808511
T481164,C4931479,DELHI,0.61,534.31,875.9180327868852
T1047372,C5512545,REWARI,4.57,4000.0,875.27352297593
T240078,C2376770,MUMBAI,5.61,4900.0,873.440285204991
T745945,C3518444,GURGAON,6.83,5949.0,871.0102489019033
T325464,C8090923,CHENNAI,1.42,1235.0,869.7183098591549
T227181,C8325712,WAYANAD,0.99,859.0,867.6767676767677
T392627,C3234842,GOREGAON EAST MUMBAI MUMBAI,1.36,1180.0,867.6470588235294
T219166,C5029092,KALYAN,3.2,2775.0,867.1875
T919128,C3015978,DELHI,0.15,130.0,866.6666666666667
T356752,C7539339,NEW DELHI,0.23,199.0,865.2173913043478
T776386,C4027513,PUNE,1.62,1400.0,864.1975308641975
T185644,C4713089,TRIVANDRUM,25.01,21610.0,864.0543782487005
T119207,C7922491,BANGALORE,0.19,164.0,863.1578947368421
T480216,C3840626,FARIDABAD,0.58,500.0,862.0689655172414
T241801,C8517485,NOIDA,0.87,748.77,860.6551724137931
T780760,C8320273,JALANDHAR,5.81,4999.0,860.4130808950086
T655243,C2229777,GUMLA,0.05,43.0,860.0
T935232,C7725685,VISAKHAPATNAM,0.5,430.0,860.0
T445347,C4620881,VIZIANAGARAM,17.45,14999.0,859.541547277937
T447193,C1720879,VIZIANAGARAM,17.45,14999.0,859.541547277937
T241322,C1740541,NAGPUR,0.29,249.0,858.6206896551724
T417066,C1858256,ROHTAK,2.0,1714.62,857.31
T416860,C2032666,JALANDHAR,35.0,30000.0,857.1428571428571
T420488,C4832676,JALANDHAR,35.0,30000.0,857.1428571428571
T424280,C2932652,JALANDHAR,35.0,30000.0,857.1428571428571
T811140,C4325282,NEW DELHI,4.42,3788.0,857.0135746606335
T645329,C4836283,CALICUT,0.18,154.0,855.5555555555555
T853808,C4927582,PUNE,1.62,1386.0,855.5555555555555
T283567,C6721622,NEW DELHI,21.25,18141.25,853.7058823529412
T267820,C1033876,GURGAON,11.11,9471.0,852.4752475247525
T44866,C8733386,DELHI,0.81,690.0,851.8518518518518
T165441,C2399723,KAITHAL,0.01,8.51,851.0
T166088,C7899746,KAITHAL,0.01,8.51,851.0
T166280,C8699760,KAITHAL,0.01,8.51,851.0
T166499,C5999732,KAITHAL,0.01,8.51,851.0
T166713,C3399788,KAITHAL,0.01,8.51,851.0
T166877,C2699717,KAITHAL,0.01,8.51,851.0
T168820,C7899734,KAITHAL,0.01,8.51,851.0
T168831,C5199747,KAITHAL,0.01,8.51,851.0
T414472,C5137674,MUMBAI,0.23,195.69,850.8260869565217
T29290,C2842413,MUMBAI,0.65,552.0,849.2307692307692
T761329,C8725254,VISAKHAPATNAM URBAN,5.38,4563.85,848.2992565055763
T673907,C7225761,WAYANAD,0.99,839.0,847.4747474747475
T256884,C6829987,KAITHAL,0.85,720.0,847.0588235294118
T260538,C2542452,MUMBAI,0.65,550.0,846.1538461538461
T926907,C5027530,PUNE,1.62,1370.0,845.679012345679
T507044,C1623278,GAUTAM BUDDHA NAGAR,0.29,245.0,844.8275862068966
T604005,C8329784,NORTH 24 PARGANAS,0.32,270.0,843.75
T666803,C4817485,NEW DELHI,0.32,270.0,843.75
T122723,C1932344,NEW DELHI,6.64,5600.0,843.3734939759037
T958238,C7712136,NORTH 24 PARGANAS,0.44,371.0,843.1818181818181
T851496,C3474528,BANGALORE,0.35,295.0,842.8571428571429
T184910,C5938882,MUMBAI,0.53,446.0,841.5094339622641
T447904,C7520558,CHENGANNUR,0.75,630.0,840.0
T598712,C8026524,GHAZIABAD,0.13,109.0,838.4615384615385
T755098,C1337423,GHAZIABAD,0.77,645.0,837.6623376623377
T624882,C2679088,GHAZIABAD,9.51,7956.0,836.5930599369085
T713345,C5116023,NEW DELHI,13.18,11000.0,834.597875569044
T713559,C6816049,NEW DELHI,13.18,11000.0,834.597875569044
T247679,C2117215,DELHI,0.18,150.0,833.3333333333334
T291951,C5252115,AMRITSAR,0.12,100.0,833.3333333333334
T361058,C3852164,AMRITSAR,0.12,100.0,833.3333333333334
T526917,C5866878,CHENNAI,0.6,500.0,833.3333333333334
T690574,C3524179,KARNAL,0.36,300.0,833.3333333333334
T719933,C1352443,DELHI,0.48,400.0,833.3333333333334
T1036866,C7821746,PUNE,0.45,375.0,833.3333333333333
T536859,C6423235,GAUTAM BUDDHA NAGAR,0.29,241.0,831.0344827586207
T701724,C2930489,MUMBAI,5.28,4386.0,830.6818181818181
T444085,C5320869,VIZIANAGARAM,17.45,14490.0,830.3724928366762
T701915,C5230670,CHENNAI,1.11,921.43,830.117117117117
T834894,C7137748,JAUNPUR,2.52,2091.0,829.7619047619047
T962852,C1516038,DERA BASSI,7.94,6570.0,827.4559193954659
T1001309,C7735844,CHENNAI,14.45,11955.0,827.3356401384084
T1003198,C7535849,CHENNAI,14.45,11955.0,827.3356401384084
T852754,C3522458,BANGALORE,0.19,157.0,826.3157894736842
T754202,C6940352,GOLAGHAT,1.34,1103.0,823.1343283582089
T867809,C6323277,GAUTAM BUDDHA NAGAR,0.29,238.5,822.4137931034484
T544868,C4429914,KAITHAL,0.85,699.0,822.3529411764706
T108055,C4612356,VISAKHAPATNAM,0.54,444.0,822.2222222222222
T489510,C7611775,MOHALI,1.73,1420.0,820.8092485549133
T1033394,C8516723,SONIPAT,1.57,1287.0,819.7452229299363
T545006,C1730134,LUDHIANA,3.66,3000.0,819.672131147541
T76849,C2140254,MUMBAI,2.55,2089.9,819.5686274509804
T627574,C6013668,GUNTUR,0.83,680.0,819.277108433735
T497572,C2834914,BANGALORE,2.18,1786.0,819.2660550458716
T217744,C5946213,KURUKSHETRA,2.63,2154.0,819.0114068441065
T999196,C4523225,DELHI,64.65,52860.99,817.6487238979117
T894208,C6256431,BENGALURU,0.57,466.0,817.5438596491229
T87561,C5830611,CHENNAI,1.11,907.42,817.4954954954953
T280673,C7523246,GAUTAM BUDDHA NAGAR,0.29,237.0,817.2413793103449
T270657,C4333887,MUMBAI THANE,4.62,3771.5,816.3419913419913
T308592,C2629383,DELHI,6.13,5000.0,815.6606851549756
T617413,C2315425,KARNAL,0.39,318.0,815.3846153846154
T692235,C7461188,NEW DELHI,1.84,1500.0,815.2173913043478
T345075,C1825827,MARIPEDA WARANGAL,4.11,3350.0,815.0851581508515
T407209,C1910347,BANGALORE,1.13,920.0,814.1592920353983
T691503,C4721070,NEW DELHI,0.43,350.0,813.953488372093
T266650,C7633350,DELHI,0.81,659.0,813.5802469135801
T803505,C1020526,CHENGANNUR,0.75,610.0,813.3333333333334
T845851,C6780576,NEW DELHI,3.69,3000.0,813.0081300813008
T410001,C9040133,DELHI,10.41,8461.0,812.776176753122
T420533,C1840124,DELHI,10.41,8461.0,812.776176753122
T678999,C7110165,MUMBAI,0.32,260.0,812.5
T294163,C3310383,BANGALORE,1.13,918.0,812.3893805309735
T769291,C4938018,LAKHIMPUR,11.18,9081.0,812.2540250447228
T866353,C7542223,DARJEELING,2.12,1721.0,811.7924528301886
T1044330,C7823719,VISAKHAPATNAM,0.74,600.0,810.8108108108108
T130153,C8236057,NOIDA,0.37,300.0,810.8108108108108
T836718,C3523725,VISAKHAPATNAM,0.74,600.0,810.8108108108108
T450476,C4622244,ERODE,0.58,470.0,810.344827586207
T393261,C3542731,GARHSHANKAR,13.01,10525.0,808.9930822444273
T812880,C5513021,PRAKASAM DIST (AP),0.36,291.0,808.3333333333334
T184898,C7686681,NEW DELHI,2.53,2045.0,808.3003952569171
T102435,C5022777,MUMBAI,10.19,8228.0,807.4582924435722
T60466,C2025727,WAYANAD,0.99,799.0,807.070707070707
T853889,C3929121,GURGAON,3.1,2500.0,806.4516129032257
T311176,C8341284,MANDIR KOLKATA,0.57,459.52,806.1754385964913
T311540,C7241216,MANDIR KOLKATA,0.57,459.52,806.1754385964913
T3934,C5642446,MUMBAI,0.65,524.0,806.1538461538461
T481776,C4931357,BANGALORE,0.78,628.13,805.2948717948717
T84697,C1729331,MUMBAI,3.86,3105.0,804.4041450777203
T570403,C5710039,NEW DELHI,34.35,27628.0,804.3085880640465
T464374,C7326355,KOLKATA,0.26,209.0,803.8461538461538
T896119,C2942080,ROHTAK,14.68,11800.0,803.8147138964578
T206381,C7617429,NOIDA,0.87,699.0,803.448275862069
T146249,C4690942,CHENNAI,1.42,1140.0,802.8169014084507
T1020193,C2314777,KOLKATA,8.24,6600.0,800.9708737864078
T204872,C5339117,ALIGARH,0.05,40.0,800.0
T367266,C2027926,VARANASI,0.75,600.0,800.0
T837898,C1816918,DEORIA,0.25,200.0,800.0
T914556,C4325628,VISAKHAPATNAM,0.5,400.0,800.0
T970525,C2023022,DELHI,2.5,2000.0,800.0
T763656,C1025557,TRICHUR,31.56,25200.0,798.4790874524715
T954292,C3931981,HOOGHLY,25.06,20000.0,798.0845969672786
T26435,C8129273,CHENNAI,0.94,750.0,797.872340425532
T1013740,C5222866,NOIDA,0.69,550.0,797.1014492753624
T417276,C5934016,NEW DELHI,2.06,1642.0,797.0873786407767
T46975,C2320571,GURGAON,1.15,916.0,796.5217391304349
T207383,C1411990,PUNE,0.98,780.0,795.9183673469388
T192181,C1513450,BANGALORE,0.72,573.0,795.8333333333334
T323037,C5890974,CHENNAI,1.42,1130.0,795.774647887324
T673068,C5923364,BANGALORE,67.89,54000.0,795.4043305346885
T163718,C6317518,GURGAON,71.82,57110.0,795.1824004455584
T437830,C2734732,KRISHNAGIRI,25.16,20000.0,794.912559618442
T174211,C1611174,PANIPAT,5.0,3970.0,794.0
T534053,C3912142,NORTH 24 PARGANAS,0.44,349.0,793.1818181818181
T687815,C7724178,KARNAL,0.36,285.0,791.6666666666667
T307164,C7311937,PUNE,0.98,774.0,789.795918367347
T109945,C7438390,NEW DELHI,0.89,700.0,786.5168539325842
T905230,C8124578,KOLKATA,21.7,17000.0,783.4101382488479
T778341,C5712171,MUMBAI,19.15,15000.0,783.289817232376
T826753,C6611939,KANDIVALI (W) MUMBAI,12.77,10000.0,783.0853563038371
T540537,C6824661,GORAKHPUR,20.2,15804.82,782.4168316831683
T71068,C6660079,MUMBAI,0.34,266.0,782.3529411764705
T288846,C5191365,HOWRAH,26.85,21000.0,782.1229050279329
T723485,C1223153,BANGALORE,0.78,610.0,782.051282051282
T49318,C6720849,SOUTH KONANAKE BANGALORE,0.32,250.0,781.25
T239822,C8112488,KANYAKUMARI,2.69,2100.0,780.6691449814126
T170724,C2541232,HYDERABAD,1.32,1030.0,780.3030303030303
T843394,C8553129,GURGAON,2.2,1714.81,779.4590909090908
T257786,C7950688,CHENNAI,0.34,265.0,779.4117647058823
T1047842,C4531473,BANGALORE,0.04,31.0,775.0
T202824,C5031463,BANGALORE,0.04,31.0,775.0
T211299,C2331459,BANGALORE,0.04,31.0,775.0
T257873,C3031432,BANGALORE,0.04,31.0,775.0
T292430,C6158211,ROHTAK,2.0,1550.0,775.0
T402818,C8531488,BANGALORE,0.04,31.0,775.0
T543954,C6013069,PRAKASAM DIST (AP),0.36,279.0,775.0
T547391,C2532226,KURNOOL,1.8,1395.0,775.0
T548811,C1831434,BANGALORE,0.04,31.0,775.0
T655068,C4831461,BANGALORE,0.04,31.0,775.0
T841144,C4131456,BANGALORE,0.04,31.0,775.0
T600458,C6042753,GURGAON,0.31,240.0,774.1935483870968
T606664,C2142777,GURGAON,0.31,240.0,774.1935483870968
T603676,C2034719,EAST MUMBAI,0.42,325.0,773.8095238095239
T379201,C8316869,ERNAKULAM,4.91,3782.0,770.264765784114
T379765,C3016816,ERNAKULAM,4.91,3782.0,770.264765784114
T20394,C8331443,MUMBAI,3.25,2500.0,769.2307692307693
T21307,C5831479,MUMBAI,3.25,2500.0,769.2307692307693
T355717,C8134424,ZIRAKPUR,0.78,600.0,769.2307692307692
T491802,C3139448,DELHI,1.3,1000.0,769.2307692307692
T66396,C7442428,MUMBAI,0.65,500.0,769.2307692307692
T67425,C3628674,SURAT,0.13,100.0,769.2307692307692
T675432,C5928688,SURAT,0.13,100.0,769.2307692307692
T766418,C6031462,GURGAON,0.26,200.0,769.2307692307692
T768252,C2826519,GHAZIABAD,0.13,100.0,769.2307692307692
T867077,C6628153,KURALI,0.26,200.0,769.2307692307692
T387638,C4929789,GURGAON,5.44,4183.95,769.1084558823528
T69978,C1434837,THANE,13.02,10000.0,768.0491551459294
T645995,C1842469,MUMBAI,0.65,498.75,767.3076923076923
T580871,C5437126,NASHIK,0.69,529.0,766.6666666666667
T734370,C3338181,DELHI,3.85,2950.0,766.2337662337662
T371651,C3310433,MUMBAI,14.88,11395.0,765.7930107526881
T229104,C5831318,BANGALORE,0.78,597.0,765.3846153846154
T115611,C8337690,MUMBAI,0.23,176.0,765.2173913043478
T659045,C6969051,CHENNAI,0.17,130.0,764.7058823529411
T314499,C6228168,PUNE,6.55,5000.0,763.3587786259542
T1005419,C2318759,GAUTAM BUDDHA NAGAR,13.11,10000.0,762.7765064836003
T149152,C4640371,GOLAGHAT,1.34,1020.0,761.1940298507462
T73874,C3445678,PUNE,3.54,2693.0,760.7344632768361
T688656,C2970191,JODHPUR,0.47,357.0,759.5744680851064
T84004,C2242065,NAGPUR,1.08,820.0,759.2592592592592
T709598,C8216087,NEW DELHI,13.18,10000.0,758.7253414264037
T711261,C2616053,NEW DELHI,13.18,10000.0,758.7253414264037
T625347,C6439916,HAMIRPUR,0.89,675.0,758.4269662921348
T167326,C1541249,HYDERABAD,1.32,1000.0,757.5757575757575
T352473,C4470185,JODHPUR,0.47,356.0,757.4468085106383
T701024,C3385985,BANGALORE,4.27,3233.48,757.2552693208431
T147335,C8736267,DELHI,6.05,4574.0,756.0330578512397
T507971,C7333968,BANGALORE,0.75,567.0,756.0
T513080,C3741979,MUMBAI,145.52,110000.0,755.9098405717426
T822278,C9031987,THANJAVUR DT,3.23,2441.0,755.7275541795666
T700797,C5210784,PUNE,0.45,340.0,755.5555555555555
T856736,C8439170,BALLABGARH,0.53,400.0,754.7169811320755
T520920,C7412156,RUDRAPUR,4.45,3358.0,754.6067415730337
T698723,C2590937,CHENNAI,1.42,1070.0,753.5211267605634
T683818,C3013046,PRAKASAM DIST (AP),0.36,271.2,753.3333333333334
T34485,C7634549,INDORE,2.39,1800.0,753.1380753138075
T300529,C1220566,GURGAON,1.15,865.0,752.1739130434784
T529199,C3536879,DEHAT,1.2,902.0,751.6666666666667
T362005,C1123830,NOIDA,1.65,1240.0,751.5151515151515
T625371,C8737944,MUMBAI,10.65,7999.0,751.0798122065728
T122969,C3410019,DELHI,1.73,1299.0,750.8670520231213
T309977,C2734959,NORTH 24 PARGANAS,1.46,1096.21,750.8287671232877
T514270,C5732580,MUMBAI,4.41,3310.0,750.5668934240363
T246788,C5338530,KOLKATA,2.45,1838.0,750.204081632653
T131066,C6239687,GURGAON,0.68,510.0,750.0
T24404,C2853587,HAMIRPUR,0.02,15.0,750.0
T57230,C3510290,GURGAON,0.02,15.0,750.0
T751671,C8564924,DEHRADUN,0.08,60.0,750.0
T997920,C3810469,GURGAON,0.8,600.0,750.0
T775994,C8524533,DERABASSI,6.28,4705.0,749.2038216560509
T126198,C4214157,VIZIANAGARAM,1.47,1100.0,748.2993197278912
T306762,C7534946,NORTH 24 PARGANAS,1.46,1092.5,748.2876712328767
T846279,C5734971,NORTH 24 PARGANAS,1.46,1092.5,748.2876712328767
T1004735,C1832632,BEHROR,0.47,350.0,744.6808510638298
T609818,C5829217,CHENNAI,0.94,700.0,744.6808510638298
T124199,C8736425,COIMBATORE,0.94,699.0,743.6170212765958
T175563,C8732129,KOTTAYAM,4.7,3494.0,743.4042553191489
T1032690,C3136820,BANGALORE,29.61,22000.0,742.9922323539345
T214704,C4439218,KARUR,0.61,453.0,742.6229508196722
T595047,C4523262,GAUTAM BUDDHA NAGAR,0.29,215.14,741.8620689655172
T476020,C8042984,ROAD PUNE,0.17,126.0,741.1764705882352
T74786,C4688352,KOTTAYAM,6.25,4630.0,740.8
T314888,C3718548,SAMBALPUR,2.7,2000.0,740.7407407407406
T416081,C2127592,PUNE,1.62,1200.0,740.7407407407406
T910169,C8632054,MUMBAI,2.59,1918.0,740.5405405405406
T902340,C6623715,DELHI,1.09,807.0,740.3669724770641
T524512,C5553192,GURGAON,2.2,1626.81,739.4590909090908
T826303,C6537890,DELHI,4.47,3304.0,739.1498881431768
T60423,C1253714,KOLKATA,0.88,650.0,738.6363636363636
T701794,C4746477,BANGALORE,2.71,2000.0,738.0073800738007
T34597,C8082917,PUNE,0.61,450.0,737.7049180327868
T525499,C5523649,BANGALORE,36.6,27000.0,737.7049180327868
T216246,C6039069,SIVASAGAR,5.15,3798.0,737.4757281553398
T681328,C4142812,MUKTSAR,2.33,1716.0,736.4806866952789
T396667,C5929040,NORTH 24 PARGANAS,0.11,81.0,736.3636363636364
T858965,C8120618,YAMUNANAGAR,8.67,6384.04,736.3367935409458
T223554,C1965911,DOMBIVALI,0.68,500.0,735.2941176470588
T224074,C2665964,DOMBIVALI,0.68,500.0,735.2941176470588
T736419,C4941649,LUCKNOW,12.3,9026.0,733.821138211382
T765477,C7553717,KOLKATA,0.88,645.71,733.7613636363636
T248967,C1021777,PUNE,0.45,330.0,733.3333333333334
T256964,C6156464,KRISHNA,0.15,110.0,733.3333333333334
T403227,C7656442,KRISHNA,0.15,110.0,733.3333333333334
T63624,C6919437,ANDROTH,7.96,5832.0,732.6633165829146
T755010,C1710219,DURGAPUR,40.97,30000.0,732.243104710764
T608202,C4742629,NEW DELHI,3.19,2335.0,731.9749216300941
T756696,C3736449,MUMBAI,0.41,300.0,731.7073170731708
T155882,C2841658,LUCKNOW,12.3,9000.0,731.7073170731707
T800344,C2242421,MUMBAI,0.65,475.0,730.7692307692307
T193235,C3660084,MUMBAI,0.34,248.0,729.4117647058823
T23003,C5348642,NOIDA,0.44,320.0,727.2727272727273
T372614,C6817349,DELHI,0.85,618.0,727.0588235294118
T473791,C8534068,NEW DELHI,2.06,1497.0,726.6990291262135
T368594,C1834982,MUMBAI,0.5,363.0,726.0
T902053,C6334062,NEW DELHI,2.06,1495.0,725.7281553398058
T624885,C5521513,DELHI,1.38,1000.0,724.6376811594204
T933417,C4540630,BHOJPUR,0.87,629.0,722.9885057471264
T851299,C5233156,CHENNAI,0.83,600.0,722.8915662650603
T1024902,C2241187,CHENNAI,1.33,959.0,721.0526315789473
T499708,C6097441,GURGAON,4.09,2949.0,721.0268948655257
T405888,C1936435,DELHI,0.97,699.0,720.6185567010309
T513450,C4035557,VADODARA,0.97,699.0,720.6185567010309
T521278,C2735521,VADODARA,0.97,699.0,720.6185567010309
T873413,C7611219,NEW DELHI,10.56,7600.0,719.6969696969696
T874936,C6511242,NEW DELHI,10.56,7600.0,719.6969696969696
T108337,C3311823,VASHI  NAVI MUMBAI,2.88,2065.0,717.0138888888889
T21050,C2016071,NEW DELHI,0.37,265.0,716.2162162162163
T574865,C7111721,MOHALI,1.73,1237.72,715.4450867052024
T623891,C4223022,AHMEDABAD,0.65,465.0,715.3846153846154
T1018270,C5828876,KOLKATA,2.81,2008.0,714.5907473309609
T138525,C5030322,NEW DELHI,0.49,350.0,714.2857142857143
T157879,C7838626,BANGALORE,0.7,500.0,714.2857142857143
T512424,C2942276,DELHI,0.07,50.0,714.2857142857142
T849768,C4033181,BARDHAMAN,0.28,200.0,714.2857142857142
T288731,C5536534,DELHI,7.99,5696.0,712.8911138923654
T923339,C5931530,JAIPUR,1.7,1209.66,711.564705882353
T328240,C6337548,GHAZIABAD,0.66,469.0,710.6060606060606
T652375,C6818539,THANE,0.61,433.0,709.8360655737705
T242604,C4025052,HOWRAH,0.93,660.0,709.6774193548387
T897881,C1038118,BANGALORE,15.29,10850.0,709.614126880314
T766479,C6911834,VASHI  NAVI MUMBAI,2.88,2040.0,708.3333333333334
T136954,C1138160,GANGTOK,1.1,779.0,708.1818181818181
T834059,C8380656,MUMBAI,5.4,3820.0,707.4074074074074
T158803,C4361136,NEW DELHI,1.84,1299.0,705.9782608695651
T102890,C3129933,KAITHAL,0.85,600.0,705.8823529411765
T75703,C4936219,CALICUT,0.18,127.0,705.5555555555555
T685652,C6612512,PANCHKULA,0.71,500.0,704.2253521126761
T388172,C6032627,MOHALI,0.4,281.6,704.0
T488074,C3534661,BANGALORE,0.79,556.0,703.7974683544303
T468183,C5935475,MUMBAI,2.7,1900.0,703.7037037037037
T1016322,C5390916,CHENNAI,1.42,999.0,703.5211267605634
T956881,C3418679,NAHARLAGUN,4.18,2940.0,703.3492822966508
T282079,C7739686,MANDAPETA,0.3,211.0,703.3333333333334
T303997,C5039237,KARUR,0.61,429.0,703.2786885245902
T1029374,C5739253,NEW DELHI,15.61,10966.42,702.5253042921205
T246625,C3221636,GURGAON,3.56,2500.0,702.2471910112359
T412708,C8890964,CHENNAI,1.42,996.01,701.4154929577466
T13599,C3932175,UDAIPUR,2.88,2017.2,700.4166666666667
T134833,C1529230,CHENNAI,0.94,658.0,700.0
T715229,C7830314,GURGAON,71.45,50000.0,699.7900629811056
T931915,C6231315,BANGALORE,0.78,545.6,699.4871794871794
T912090,C8013371,SAIBABA MANDIR MUMBAI,0.82,573.0,698.7804878048781
T957265,C2927755,NEW DELHI,35.82,25000.0,697.9341150195421
T809774,C7140652,DELHI,0.98,683.54,697.4897959183673
T75854,C2498837,BANGALORE,3.58,2495.0,696.927374301676
T75881,C7898861,BANGALORE,3.58,2495.0,696.927374301676
T234776,C1736753,CHENNAI,0.83,578.0,696.3855421686748
T662644,C7824316,MUMBAI,1.05,731.0,696.1904761904761
T999789,C7242455,MUMBAI,0.65,451.75,695.0
T590147,C5733134,GHAZIABAD,0.36,250.0,694.4444444444445
T446092,C5813227,MAHABUB NAGAR,7.21,5000.0,693.4812760055479
T657593,C2328616,SURAT,0.13,90.0,692.3076923076923
T497378,C1015024,BAREILLY,1.08,747.0,691.6666666666666
T8064,C3925258,TIRUPATI,2.88,1990.0,690.9722222222223
T446359,C5222267,ERODE,0.58,400.0,689.6551724137931
T863120,C7716837,JUNAGADH,0.29,200.0,689.6551724137931
T370413,C4723229,GAUTAM BUDDHA NAGAR,0.29,199.99,689.6206896551724
T320017,C5813029,THOOTHUKUDI,0.53,365.0,688.6792452830189
T758094,C2638054,WARDHA,2.93,2017.52,688.5733788395904
T479190,C4023212,GAUTAM BUDDHA NAGAR,0.29,199.0,686.2068965517242
T992366,C3170133,JODHPUR,0.47,322.0,685.1063829787234
T861254,C7349939,PARK MAHAPE NAVI MUMBAI,0.13,89.0,684.6153846153846
T727391,C4132359,JUNAGADH,0.58,397.0,684.4827586206897
T414572,C4671233,DELHI,5.97,4083.0,683.9195979899498
T448289,C4018525,INDORE,0.06,41.0,683.3333333333334
T535165,C5813230,KOLKATA,7.32,5000.0,683.0601092896175
T357126,C4420746,JHANSI,7.9,5392.0,682.5316455696202
T185182,C1921771,GURGAON,2.15,1465.0,681.3953488372093
T458441,C2937464,NAVI MUMBAI,4.92,3350.0,680.8943089430894
T78826,C5842732,TEHSIL-PUNE PUNE,0.36,245.0,680.5555555555555
T128664,C2836480,PATHANAMTHITTA,2.94,2000.0,680.2721088435375
T134618,C5636463,PATHANAMTHITTA,2.94,2000.0,680.2721088435375
T1000528,C4816881,DELHI,294.13,200001.24,679.975657022405
T909656,C2916862,JUNAGADH,0.29,197.0,679.3103448275863
T990502,C3410457,GURGAON,0.52,353.0,678.8461538461538
T602875,C4121211,NOIDA,0.32,217.0,678.125
T264157,C7119330,INDORE,0.48,325.0,677.0833333333334
T540758,C5863655,BANKA,2.44,1650.0,676.2295081967213
T625829,C7514920,MUMBRA,2.07,1398.0,675.3623188405797
T278776,C8013080,DEHRADUN,5.93,4000.0,674.5362563237775
T390136,C4440173,CHANDIGARH,0.15,101.15,674.3333333333334
T394864,C8640171,CHANDIGARH,0.15,101.15,674.3333333333334
T872241,C4940181,CHANDIGARH,0.15,101.15,674.3333333333334
T625426,C6136368,SANT RAVIDAS NAGAR,0.19,128.0,673.6842105263158
T855920,C3533546,CHENNAI,6.13,4129.0,673.5725938009788
T695964,C3939414,ERNAKULAM,89.1,60000.0,673.4006734006734
T131155,C7414119,ROURKELA,9.14,6150.0,672.8665207877461
T793269,C8134544,NEW DELHI,0.29,195.0,672.4137931034484
T867388,C8022589,BANGALORE,13.4,8999.0,671.5671641791045
T839287,C1353656,GURGAON,1.49,1000.0,671.1409395973154
T503056,C3710850,GHAZIABAD,33.86,22700.0,670.4075605434141
T22861,C1411041,PATNA,1.79,1200.0,670.391061452514
T147531,C2041253,HYDERABAD,1.32,884.02,669.7121212121211
T1038474,C6423124,BANGALORE,0.78,522.0,669.2307692307692
T141982,C4739025,SIVASAGAR,5.15,3445.0,668.9320388349514
T908968,C4941260,MANDIR KOLKATA,0.57,381.0,668.421052631579
T330483,C3038883,JODHPUR,32.69,21845.22,668.2539002753136
T496633,C4522918,INDORE,89.9,60000.0,667.4082313681869
T567742,C3412177,RUDRAPUR,4.45,2967.0,666.7415730337078
T240341,C1030623,MUMBAI,0.15,100.0,666.6666666666667
T529214,C7715567,NOIDA,0.15,100.0,666.6666666666667
T172536,C6417763,PATNA,0.75,500.0,666.6666666666666
T384754,C4927928,VARANASI,0.75,500.0,666.6666666666666
T432685,C8020558,CHENGANNUR,0.75,500.0,666.6666666666666
T44550,C4620532,CHENGANNUR,0.75,500.0,666.6666666666666
T837817,C3210953,SCHOOL KOLKATA,0.63,420.0,666.6666666666666
T410456,C7613757,DELHI,1.65,1098.0,665.4545454545455
T549295,C6131366,BANGALORE,0.78,519.0,665.3846153846154
T106047,C5296570,CHIRANG,2.72,1808.0,664.7058823529411
T127124,C7816847,CHENNAI,3.74,2481.0,663.3689839572193
T73504,C1819972,CHENNAI,3.03,2007.0,662.3762376237624
T626725,C7912835,GANDHINAGAR,14.52,9600.0,661.1570247933885
T461776,C4531929,DELHI,1.28,846.0,660.9375
T873489,C2025765,WAYANAD,0.99,654.0,660.6060606060606
T694764,C2440170,CHANDIGARH,0.15,99.0,660.0
T106143,C3188066,MYSORE,5.25,3463.0,659.6190476190476
T202069,C5918887,SONIPAT,5.49,3621.0,659.5628415300546
T317538,C5342426,LUCKNOW,9.1,6000.0,659.3406593406594
T427489,C4736558,AJMER,2.42,1594.0,658.6776859504132
T605159,C1923232,GAUTAM BUDDHA NAGAR,0.29,191.0,658.6206896551724
T725937,C4933117,INDORE,2.28,1500.0,657.8947368421053
T32989,C6235532,NOIDA,0.85,558.0,656.4705882352941
T446619,C8511092,NEW DELHI,1.01,663.0,656.4356435643564
T248093,C4156931,EAST GODAVARI,1.28,840.0,656.25
T550150,C4014422,NELLORE,0.45,295.0,655.5555555555555
T149979,C4368877,GHAZIABAD,0.38,249.0,655.2631578947369
T208230,C3438859,HYDERABAD,3.85,2521.9,655.038961038961
T805219,C5531638,BENGALOORU,24.43,15995.0,654.7277936962751
T85930,C4241018,MUMBAI,2.13,1394.31,654.6056338028169
T72119,C5226453,CHENNAI,1.23,805.0,654.4715447154472
T910284,C3518820,SONIPAT,5.49,3587.0,653.3697632058288
T763256,C4310840,VELLORE,1.71,1116.0,652.6315789473684
T221442,C7331919,THANJAVUR DT,3.23,2106.97,652.312693498452
T271032,C7729353,RAJASTHAN COLLEGE JAIPUR,2.3,1500.0,652.1739130434784
T294165,C3641547,THANE,0.46,300.0,652.1739130434783
T871814,C4625917,BANGALORE,0.46,300.0,652.1739130434783
T372578,C5141890,SOUTH 24 PARGANS,0.85,554.0,651.7647058823529
T887203,C3278029,RAJAMUNDRY,6.14,4000.0,651.4657980456027
T429397,C4541938,MUMBAI,0.69,449.5,651.4492753623189
T141290,C8675341,GURGAON,33.03,21499.0,650.8931274598849
T564243,C8041676,LUCKNOW,12.3,8000.0,650.4065040650406
T830870,C8637875,PUNE,2.0,1300.0,650.0
T773120,C3731548,NOIDA,4.0,2597.0,649.25
T463614,C1857879,FARIDABAD,2.21,1433.0,648.4162895927602
T621881,C1493372,GURGAON,3.13,2024.51,646.8083067092651
T581458,C3423090,GURGAON,0.78,504.0,646.1538461538461
T252454,C5441213,MANDIR KOLKATA,0.57,368.0,645.6140350877193
T957005,C3341227,MANDIR KOLKATA,0.57,368.0,645.6140350877193
T297511,C4498850,BANGALORE,3.58,2309.0,644.9720670391062
T259089,C2022729,MUMBAI,135.44,87200.0,643.8275251033668
T182836,C1824174,MUMBAI,2.08,1338.0,643.2692307692307
T92500,C5025623,GURGAON,0.7,450.0,642.8571428571429
T957411,C6440586,GREATER NOIDA,1.61,1034.56,642.5838509316769
T626836,C3423057,AHMEDABAD,0.65,417.0,641.5384615384615
T10593,C5718035,BANGALORE,3.12,2000.0,641.025641025641
T68676,C4030421,MUMBAI,5.46,3500.0,641.025641025641
T1000780,C3232686,BEHROR,0.47,301.0,640.4255319148937
T595160,C8827162,SURAT,0.45,288.0,640.0
T9104,C2934978,MUMBAI,0.5,320.0,640.0
T712299,C4935114,CHANDIGARH,2.46,1574.0,639.8373983739838
T950575,C8818724,SOUTH 24 PARGANAS,5.15,3295.0,639.8058252427184
T574954,C2282792,MAIN RD P N PALAYAM COIMBATORE,2.05,1310.0,639.0243902439025
T422703,C8321026,KANGRA,1.58,1009.0,638.6075949367088
T112784,C7427688,DELHI,9.4,6000.0,638.2978723404256
T247289,C8170160,JODHPUR,0.47,300.0,638.2978723404256
T502912,C7957775,FARIDABAD,0.94,600.0,638.2978723404256
T690714,C6170122,JODHPUR,0.47,300.0,638.2978723404256
T617148,C8123276,GAUTAM BUDDHA NAGAR,0.29,185.06,638.1379310344828
T688611,C6419468,KOLKATA,2.44,1556.26,637.811475409836
T49608,C1454153,GOHANA,0.48,306.0,637.5
T401875,C4012366,VISAKHAPATNAM,0.54,344.0,637.037037037037
T199058,C6616785,SONIPAT,1.57,1000.0,636.9426751592356
T29246,C7716759,SONIPAT,1.57,1000.0,636.9426751592356
T365905,C7822221,THANE,3.29,2093.05,636.1854103343466
T982970,C1270121,JODHPUR,0.47,299.0,636.1702127659574
T497557,C6242962,ROAD PUNE,0.17,108.0,635.2941176470588
T204608,C6515557,DARBHANGA,1.26,800.0,634.9206349206349
T139808,C8856458,COIMBATORE,3.42,2170.0,634.5029239766081
T196004,C2332157,KOTTAYAM,4.7,2980.0,634.0425531914893
T257455,C4633074,BANGALORE,1.58,999.0,632.2784810126582
T868729,C1824158,MUMBAI,2.08,1315.0,632.2115384615385
T186701,C1436441,COIMBATORE,0.94,594.0,631.9148936170213
T1021423,C8514743,HYDERABAD,0.19,120.0,631.578947368421
T410110,C6320027,NEW DELHI,0.92,580.75,631.25
T1036857,C6239924,RAMSIN,1.54,972.0,631.1688311688312
T1009993,C2525618,AHMEDABAD,110.96,70000.0,630.8579668348955
T270016,C4641553,THANE,0.46,290.0,630.4347826086956
T379168,C4732432,BIJNI,5.23,3295.35,630.0860420650095
T31635,C4988768,JAMNAGAR,0.37,233.0,629.7297297297297
T95295,C4412584,MUMBAI,4.32,2715.0,628.4722222222222
T929933,C5332077,CHENNAI,7.94,4990.0,628.4634760705289
T813550,C2820814,SOUTH KONANAKE BANGALORE,0.32,201.0,628.125
T565314,C5134581,INDORE,2.39,1500.0,627.6150627615062
T331414,C8522433,BANGALORE,0.19,119.0,626.3157894736842
T332386,C6922485,BANGALORE,0.19,119.0,626.3157894736842
T340663,C3522450,BANGALORE,0.19,119.0,626.3157894736842
T36543,C3316745,FARIDABAD,0.97,606.9,625.6701030927835
T36757,C6016772,FARIDABAD,0.97,606.9,625.6701030927835
T70851,C3339223,VISAKHAPATNAM,5.37,3359.0,625.512104283054
T1009189,C4727491,MUMBAI,1.6,1000.0,625.0
T121849,C4941730,BAREILLY,0.2,125.0,625.0
T497389,C7054135,GOHANA,0.48,300.0,625.0
T570336,C8664965,DEHRADUN,0.08,50.0,625.0
T680311,C6929259,DELHI,0.08,50.0,625.0
T68552,C8915877,GHAZIPUR,0.08,50.0,625.0
T69450,C6015865,GHAZIPUR,0.08,50.0,625.0
T70016,C6615851,GHAZIPUR,0.08,50.0,625.0
T8687,C4529733,NORTH 24 PARGANAS,0.32,200.0,625.0
T957394,C5720827,SOUTH KONANAKE BANGALORE,0.32,200.0,625.0
T488580,C2030060,GHAZIABAD,2.24,1400.0,624.9999999999999
T239568,C8053726,KOLKATA,0.88,549.92,624.9090909090909
T970323,C8028451,AMRITSAR,4.73,2950.0,623.6786469344609
T158886,C5434958,BANGALORE,0.93,580.0,623.6559139784946
T326231,C1023045,THANE,32.12,20000.0,622.6650062266501
T284052,C6286288,THANE EAST,0.45,280.0,622.2222222222222
T144451,C4311852,NAVI MUMBAI,30.58,18989.0,620.9614126880314
T865716,C7370480,BETUL,3.23,2000.0,619.1950464396285
T197221,C4320447,BANGALORE,0.48,297.0,618.75
T436090,C1264967,BANGALORE,6.73,4161.5,618.3506686478454
T497584,C8127537,PUNE,1.62,1000.0,617.283950617284
T72201,C2723249,GAUTAM BUDDHA NAGAR,0.29,179.0,617.2413793103449
T675996,C8613671,GUNTUR,0.83,512.0,616.8674698795181
T117391,C2832721,VADODARA VADODARA,2.54,1564.0,615.7480314960629
T532002,C7024754,CHENNAI,0.65,400.0,615.3846153846154
T353561,C5098969,PATNA,162.51,100000.0,615.3467478924374
T98020,C6954148,GOHANA,0.48,295.0,614.5833333333334
T310987,C4128076,ALLAHABAD,0.57,350.0,614.0350877192983
T311850,C4028018,ALLAHABAD,0.57,350.0,614.0350877192983
T889850,C4021092,KANGRA,1.58,970.0,613.9240506329114
T327926,C2836842,DEHAT,1.2,736.0,613.3333333333334
T388138,C2442042,NEW DELHI,0.99,606.9,613.030303030303
T332918,C1123266,GAUTAM BUDDHA NAGAR,0.29,177.77,613.0000000000001
T578069,C1385430,DELHI,0.49,300.0,612.2448979591837
T138954,C1112165,RUDRAPUR,4.45,2724.0,612.1348314606741
T632573,C4228166,KURALI,0.26,159.0,611.5384615384615
T1004341,C2047972,MOHALI,1.94,1186.32,611.5051546391752
T138137,C5827218,ALIGARH,7.2,4400.0,611.1111111111111
T802308,C8642755,TEHSIL-PUNE PUNE,0.36,220.0,611.1111111111111
T109752,C5423066,NOIDA,16.38,9999.0,610.4395604395605
T750408,C3810282,DURGAPUR,40.97,25000.0,610.20258725897
T761635,C7223537,TEZPUR,2.48,1512.94,610.0564516129033
T261334,C5835824,SHAIKPET HYDERABAD,6.82,4160.0,609.9706744868035
T41454,C1411164,ALMORA,6.56,4000.0,609.7560975609756
T701513,C5113336,SAIBABA MANDIR MUMBAI,0.82,500.0,609.7560975609756
T375303,C2167849,CHENNAI,0.88,536.0,609.0909090909091
T676966,C3642890,EAST MUMBAI,5.66,3447.0,609.0106007067137
T165038,C3625050,HOWRAH,0.93,566.0,608.6021505376344
T234384,C2634543,NEW DELHI,0.29,176.0,606.896551724138
T530828,C8518016,BANGALORE,0.66,400.0,606.060606060606
T347205,C8921137,MUMBAI,5.25,3180.0,605.7142857142857
T546815,C1540461,AHMEDABAD,25.72,15576.4,605.6143079315708
T553050,C3640478,AHMEDABAD,25.72,15576.4,605.6143079315708
T554541,C6540428,AHMEDABAD,25.72,15576.4,605.6143079315708
T829816,C3438758,HYDERABAD,2.01,1217.0,605.4726368159205
T1024674,C4423739,PATHANKOT,11.98,7245.06,604.762938230384
T600088,C3829987,THANE WEST,1.0,604.0,604.0
T997754,C1412412,NORTH 24 PARGANAS,1.16,700.0,603.448275862069
T281162,C3298151,ROPAR,8.29,5000.0,603.1363088057901
T839204,C1598118,ROPAR,8.29,5000.0,603.1363088057901
T839327,C4598158,ROPAR,8.29,5000.0,603.1363088057901
T840552,C3298126,ROPAR,8.29,5000.0,603.1363088057901
T223035,C8733117,INDORE,2.28,1375.0,603.0701754385965
T336382,C7623717,MUMBAI,4.45,2682.0,602.6966292134831
T356013,C8021784,PUNE,0.45,271.2,602.6666666666666
T223316,C8920356,MUMBAI,1.05,632.0,601.9047619047619
T492767,C2342965,BANGALORE,8.35,5015.62,600.6730538922155
T236276,C3379671,GANJAM,1.68,1008.63,600.375
T142845,C8237373,MUMBAI,1.2,720.0,600.0
T192892,C1122677,JALANDHAR,2.75,1650.0,600.0
T315252,C6513482,BANGALORE,0.72,432.0,600.0
T331678,C7622440,BANGALORE,0.19,114.0,600.0
T57777,C7732941,GURGAON,0.45,270.0,600.0
T62449,C1878773,MUMBAI,2.65,1590.0,600.0
T701249,C4735047,GAUTAM BUDDHA NAGAR,3.0,1800.0,600.0
T720437,C6039136,ALIGARH,0.05,30.0,600.0
T833258,C5637881,PUNE,2.0,1199.0,599.5
T245347,C6134427,ZIRAKPUR,0.78,467.0,598.7179487179487
T753450,C4435871,CHENNAI,14.45,8645.4,598.2975778546713
T180437,C4312592,WEST DELHI,19.61,11730.0,598.1642019377869
T892887,C1013758,LUCKNOW,0.5,299.0,598.0
T867604,C6533056,DELHI,0.92,550.0,597.8260869565217
T991619,C5629770,GURGAON,5.44,3251.0,597.6102941176471
T990879,C5310654,AGRA,29.65,17694.0,596.7622259696459
T258903,C1318433,RANGA REDDY,1.19,710.0,596.6386554621849
T161055,C1428413,AMRITSAR,4.73,2820.37,596.2727272727273
T922013,C2032083,MUMBAI,2.59,1544.0,596.1389961389962
T741686,C4829357,INDORE,0.47,280.0,595.7446808510639
T195009,C2132257,KURNOOL,1.8,1071.7,595.3888888888889
T10327,C2632722,BADSHAPUR,1.0,595.0,595.0
T998927,C4110446,GURGAON,0.8,476.0,595.0
T999461,C6410417,GURGAON,0.8,476.0,595.0
T623576,C4825460,PATNA,1.41,838.0,594.3262411347519
T533732,C6020546,CHENGANNUR,0.75,444.5,592.6666666666666
T108394,C6236965,BHOPAL,0.27,160.0,592.5925925925926
T114074,C1233633,SOLAN,4.9,2896.0,591.0204081632653
T737917,C4253138,GURGAON,2.2,1300.0,590.9090909090909
T474491,C8631240,GUNTUR,0.61,360.0,590.1639344262295
T822377,C1329711,GURGAON,5.44,3210.0,590.0735294117646
T370564,C1631418,CHENNAI,10.16,5994.0,589.9606299212599
T750306,C8234561,NEW DELHI,0.29,171.0,589.6551724137931
T94591,C2897343,DELHI,2.47,1455.0,589.0688259109311
T894859,C3438342,KOLKATA,16.03,9441.75,589.0049906425452
T553290,C2525255,NEW DELHI,48.92,28809.0,588.9002452984464
T774535,C2582716,MAIN RD P N PALAYAM COIMBATORE,2.05,1207.0,588.7804878048781
T241346,C6821616,GURGAON,3.56,2095.0,588.4831460674158
T1026075,C6018172,NAGPUR,0.26,153.0,588.4615384615385
T1026382,C7223323,BELLARY,0.17,100.0,588.2352941176471
T153289,C4660048,MUMBAI,0.34,200.0,588.2352941176471
T24178,C8341875,DELHI,0.68,400.0,588.2352941176471
T320246,C6860066,MUMBAI,0.34,200.0,588.2352941176471
T765608,C1860067,MUMBAI,0.34,200.0,588.2352941176471
T870351,C2823720,PATHANKOT,11.98,7034.94,587.2237061769615
T813024,C5235384,BOISAR,1.72,1010.0,587.2093023255813
T185631,C3023270,GAUTAM BUDDHA NAGAR,0.29,170.1,586.551724137931
T138749,C2533276,NOIDA,3.41,2000.0,586.5102639296188
T139722,C7933270,NOIDA,3.41,2000.0,586.5102639296188
T49626,C6115058,MUMBAI,12.91,7563.0,585.8249419054996
T355221,C2846264,KURUKSHETRA,2.63,1540.0,585.5513307984791
T477948,C7012378,VISAKHAPATNAM,0.54,316.0,585.1851851851851
T750372,C1811867,MUMBAI,0.94,550.0,585.1063829787234
T196797,C3834619,BANGALORE,0.79,462.0,584.8101265822785
T607206,C9090926,CHENNAI,1.42,830.0,584.5070422535211
T536287,C8317337,JAMSHEDPUR,0.89,520.0,584.2696629213483
T602756,C5917390,JAMSHEDPUR,0.89,520.0,584.2696629213483
T700703,C7332718,BADSHAPUR,1.0,584.2,584.2
T871526,C1313585,THANE,3.18,1857.7,584.1823899371069
T676088,C2740479,CHANNAPATNA,2.04,1190.0,583.3333333333334
T638241,C4039763,FATEHABAD,0.53,309.0,583.0188679245283
T748211,C4039789,FATEHABAD,0.53,309.0,583.0188679245283
T356959,C8497276,THANE,5.25,3060.0,582.8571428571429
T751540,C1339968,GURGAON,6.63,3863.0,582.6546003016591
T757283,C1841513,VELLORE,17.49,10190.0,582.6186392224129
T109051,C3839036,SIVASAGAR,5.15,3000.0,582.5242718446601
T290715,C5142183,ALLAHABAD,0.34,198.0,582.3529411764705
T854396,C5842164,ALLAHABAD,0.34,198.0,582.3529411764705
T799978,C8324358,ROHTAK,42.93,25000.0,582.3433496389471
T569741,C5510043,NEW DELHI,34.35,20000.0,582.2416302765647
T603649,C3410059,NEW DELHI,34.35,20000.0,582.2416302765647
T928943,C1123073,GURGAON,0.78,454.0,582.051282051282
T1045463,C8442473,MUMBAI,0.65,378.0,581.5384615384615
T296399,C6430967,MUMBAI,0.37,215.0,581.081081081081
T162613,C6225749,WAYANAD,0.99,575.0,580.8080808080808
T376033,C8217823,MUMBAI,0.31,180.0,580.6451612903226
T558577,C5636219,DELHI,8.79,5100.0,580.2047781569967
T634749,C5131316,BANGALORE,0.78,451.78,579.2051282051282
T702460,C1090958,CHENNAI,1.42,822.0,578.8732394366198
T301077,C1038250,UDAIPUR,13.77,7962.0,578.2135076252723
T784922,C4223724,PATHANKOT,11.98,6918.0,577.4624373956594
T730838,C8260012,MUMBAI,0.34,196.28,577.2941176470588
T349056,C1724068,THANE,12.35,7126.73,577.0631578947368
T253256,C3710427,GURGAON,0.52,300.0,576.9230769230769
T527365,C7723164,BANGALORE,0.78,450.0,576.9230769230769
T877189,C5117519,UXBRIDGE,0.81,467.0,576.5432098765432
T300562,C7522751,THRISSUR,0.17,98.0,576.470588235294
T203327,C5829467,BANGALORE,1.18,680.0,576.271186440678
T756652,C2318785,BURDWAN,30.29,17453.0,576.1967646087818
T830883,C4922929,ETAWAH,1.58,910.0,575.9493670886076
T853731,C4824354,MUMBAI,1.05,604.0,575.2380952380952
T910653,C7740649,BHOJPUR,0.87,500.0,574.7126436781609
T932521,C3620049,NEW DELHI,4.0,2298.0,574.5
T289367,C5373951,SOUTH 24 PARGANAS,1.01,580.0,574.2574257425742
T997280,C8632616,GURGAON,8.68,4981.0,573.8479262672811
T237916,C1050645,CHENNAI,0.34,195.0,573.5294117647059
T654469,C3220556,CHENGANNUR,0.75,430.0,573.3333333333334
T237532,C2231337,BANGALORE,0.78,447.0,573.0769230769231
T656879,C4224585,MUMBAI,19.21,10990.0,572.0978656949505
T471478,C8429966,KAITHAL,0.85,486.0,571.7647058823529
T37875,C6523016,DELHI,2.5,1429.0,571.6
T589605,C4544056,PURULIA,0.07,40.0,571.4285714285713
T166411,C4634158,CHITTORGARH,6.58,3757.0,570.9726443768997
T167232,C5934152,CHITTORGARH,6.58,3757.0,570.9726443768997
T168335,C6234183,CHITTORGARH,6.58,3757.0,570.9726443768997
T287068,C4433520,CHENNAI,6.13,3500.0,570.9624796084829
T297271,C4838249,UDAIPUR,13.77,7862.0,570.9513435003631
T298564,C1738231,UDAIPUR,13.77,7862.0,570.9513435003631
T300793,C3238285,UDAIPUR,13.77,7862.0,570.9513435003631
T301318,C2738257,UDAIPUR,13.77,7862.0,570.9513435003631
T301696,C5138222,UDAIPUR,13.77,7862.0,570.9513435003631
T301736,C5038261,UDAIPUR,13.77,7862.0,570.9513435003631
T303452,C1338244,UDAIPUR,13.77,7862.0,570.9513435003631
T303967,C8038263,UDAIPUR,13.77,7862.0,570.9513435003631
T304654,C1838288,UDAIPUR,13.77,7862.0,570.9513435003631
T305058,C1338265,UDAIPUR,13.77,7862.0,570.9513435003631
T305227,C2438250,UDAIPUR,13.77,7862.0,570.9513435003631
T305765,C1338237,UDAIPUR,13.77,7862.0,570.9513435003631
T307500,C6638244,UDAIPUR,13.77,7862.0,570.9513435003631
T969662,C3326557,NOIDA,0.41,234.0,570.7317073170732
T108220,C1856017,NEW DELHI,65.69,37479.28,570.5477241589283
T577094,C2512165,NORTH 24 PARGANAS,0.44,251.0,570.4545454545455
T819843,C1270187,JODHPUR,0.47,268.0,570.2127659574469
T977127,C3632620,BEHROR,0.47,268.0,570.2127659574469
T925369,C4041458,MUMBAI,6.84,3900.0,570.1754385964913
T969547,C4241235,MANDIR KOLKATA,0.57,325.0,570.1754385964913
T259784,C7118944,BANGALORE,2.99,1699.0,568.2274247491638
T480343,C1837722,MUMBAI,15.5,8800.0,567.741935483871
T796304,C4238744,HYDERABAD,2.01,1140.0,567.1641791044776
T240867,C8023032,REWARI,11.13,6309.0,566.8463611859838
T65237,C7816931,DELHI,0.53,300.0,566.0377358490566
T680947,C8836129,GREATER NOIDA,1.64,928.0,565.8536585365854
T556949,C5039341,NEW DELHI,0.23,130.0,565.2173913043478
T657479,C4490871,AGENCY GREATER NOIDA,0.62,350.0,564.516129032258
T659606,C2990812,AGENCY GREATER NOIDA,0.62,350.0,564.516129032258
T75832,C7731727,NEW DELHI,3.1,1750.0,564.516129032258
T250355,C8621762,PUNE,0.45,254.0,564.4444444444445
T827603,C4723155,BANGALORE,0.78,440.0,564.1025641025641
T269605,C3517281,NEW DELHI,3.66,2062.0,563.3879781420765
T682456,C4539779,COIMBATORE,3.55,2000.0,563.3802816901409
T883168,C4312752,MUMBAI,14.44,8132.98,563.2257617728532
T182783,C8341852,BALKUM THANE THANE,3.09,1737.91,562.4304207119742
T235261,C5019481,RANGA REDDY,35.59,20000.0,561.9556055071649
T763389,C6917331,JAMSHEDPUR,0.89,500.0,561.7977528089888
T797704,C5311748,GURGAON,1.14,640.0,561.4035087719299
T610300,C4923848,DELHI,3.74,2099.0,561.2299465240642
T1044528,C3929446,NEW DELHI,15.67,8790.0,560.9444798978941
T488717,C5817763,BANGALORE,5.35,3000.0,560.747663551402
T861924,C3092926,GUWAHATI,7.36,4122.0,560.0543478260869
T371780,C8422882,NOIDA,0.69,386.0,559.4202898550725
T528200,C1524392,MUMBAI,1.05,586.44,558.5142857142857
T487775,C4834284,CEAT TYRE MUMBAI,8.07,4500.0,557.6208178438661
T1005791,C2131962,THANJAVUR DT,3.23,1799.0,556.9659442724458
T742618,C4924542,BHUBANESHWAR,0.94,523.0,556.3829787234043
T106340,C1313041,PRAKASAM DIST (AP),0.36,200.0,555.5555555555555
T112769,C1542771,TEHSIL-PUNE PUNE,0.36,200.0,555.5555555555555
T136444,C7713089,PRAKASAM DIST (AP),0.36,200.0,555.5555555555555
T139150,C7642739,TEHSIL-PUNE PUNE,0.36,200.0,555.5555555555555
T150474,C8213024,PRAKASAM DIST (AP),0.36,200.0,555.5555555555555
T178620,C5017135,JEWELLARS THANE,0.9,500.0,555.5555555555555
T248554,C5813016,PRAKASAM DIST (AP),0.36,200.0,555.5555555555555
T393686,C6042752,TEHSIL-PUNE PUNE,0.36,200.0,555.5555555555555
T524704,C5413052,PRAKASAM DIST (AP),0.36,200.0,555.5555555555555
T681237,C3513050,PRAKASAM DIST (AP),0.36,200.0,555.5555555555555
T685505,C3813062,PRAKASAM DIST (AP),0.36,200.0,555.5555555555555
T687585,C4437024,THANE,0.18,100.0,555.5555555555555
T723028,C7213030,PRAKASAM DIST (AP),0.36,200.0,555.5555555555555
T729750,C3442788,TEHSIL-PUNE PUNE,0.36,200.0,555.5555555555555
T738950,C6938112,AHMEDABAD,0.36,200.0,555.5555555555555
T779599,C7638147,AHMEDABAD,0.36,200.0,555.5555555555555
T804802,C4412381,VISAKHAPATNAM,0.54,300.0,555.5555555555555
T807575,C2913034,PRAKASAM DIST (AP),0.36,200.0,555.5555555555555
T850771,C1113071,PRAKASAM DIST (AP),0.36,200.0,555.5555555555555
T91890,C5117164,JEWELLARS THANE,0.9,500.0,555.5555555555555
T998049,C7538157,AHMEDABAD,0.36,200.0,555.5555555555555
T857534,C1323212,GAUTAM BUDDHA NAGAR,0.29,161.0,555.1724137931035
T398274,C4828661,PURULIA,1.19,660.0,554.6218487394958
T75118,C5438461,BIDAR DIST KARNATAKA,3.61,1999.74,553.9445983379502
T276675,C9083149,COIMBATORE,0.89,493.0,553.9325842696629
T134145,C3636484,COIMBATORE,0.94,520.0,553.1914893617021
T565341,C5626858,BAREILLY,0.49,271.0,553.0612244897959
T896873,C8016120,PANCHKULA,1.12,619.0,552.6785714285713
T418795,C2634960,GURGAON,0.38,210.0,552.6315789473684
T765655,C1153755,KOLKATA,0.88,486.25,552.5568181818181
T125855,C5940512,THANE,14.39,7949.0,552.3974982626823
T756373,C3518848,NAVI MUMBAI,1.91,1055.0,552.3560209424083
T58952,C1553792,KOLKATA,0.88,486.0,552.2727272727273
T652990,C1127330,MUMBAI,8.9,4914.9,552.2359550561797
T79859,C4254121,GOHANA,0.48,265.0,552.0833333333334
T442691,C3580137,VODAFONE STORE MUMBAI,0.29,160.0,551.7241379310345
T446647,C7380189,VODAFONE STORE MUMBAI,0.29,160.0,551.7241379310345
T7587,C2335811,HYDERABAD,0.58,320.0,551.7241379310345
T337364,C4329716,GURGAON,5.44,2999.0,551.2867647058823
T1000174,C7032640,BEHROR,0.47,259.0,551.0638297872341
T344525,C7721644,GURGAON,3.56,1961.18,550.8932584269663
T147797,C7956021,GHAZIABAD,29.42,16193.1,550.4112848402447
T42644,C7837053,THANE,0.18,99.0,550.0
T652216,C3330017,VADODARA,2.73,1500.0,549.4505494505495
T299027,C3618874,NAVI MUMBAI,1.91,1048.0,548.6910994764398
T198199,C2620533,NAVI MUMBAI,3.64,1997.0,548.6263736263736
T985900,C8538784,DELHI,6.73,3681.91,547.0891530460624
T541063,C7030111,LUDHIANA,3.66,2000.0,546.4480874316939
T857244,C2012521,GURGAON,20.14,10999.0,546.1271102284012
T585117,C7440755,AHMEDABAD,2.77,1512.75,546.1191335740073
T688416,C4030821,NAGAPATTINAM,1.45,791.7,546.0
T820543,C6514666,GURGAON,2.66,1450.0,545.1127819548872
T263753,C2018840,NAVI MUMBAI,1.91,1040.0,544.5026178010471
T404493,C7212327,VISAKHAPATNAM,0.54,294.0,544.4444444444445
T142935,C6724171,MEDAK,15.62,8500.0,544.1741357234315
T915335,C2723772,DELHI,1.09,593.0,544.0366972477063
T354340,C8155453,CHENNAI,15.63,8500.0,543.8259756877799
T105498,C4333544,CHENNAI,6.13,3331.95,543.5481239804242
T183025,C8941549,THANE,0.46,250.0,543.4782608695652
T345023,C8228154,DELHI,0.92,500.0,543.4782608695652
T534470,C1520030,NEW DELHI,0.92,500.0,543.4782608695652
T690037,C1820031,NEW DELHI,0.92,500.0,543.4782608695652
T693084,C1061182,NEW DELHI,1.84,1000.0,543.4782608695652
T767041,C3728145,DELHI,0.92,500.0,543.4782608695652
T191785,C8742452,MUMBAI,0.65,353.0,543.0769230769231
T749212,C2937012,GHAZIABAD,0.65,353.0,543.0769230769231
T575663,C3074574,BANGALORE,0.35,190.0,542.8571428571429
T589138,C4920521,CHENGANNUR,0.75,407.0,542.6666666666666
T957986,C1034551,AHMEDABAD,6.33,3431.0,542.0221169036334
T521792,C1912050,MUMBAI,4.98,2699.0,541.9678714859438
T304134,C1233544,PRAKASAM DIST (AP),1.67,904.0,541.3173652694611
T723102,C4720647,YAMUNANAGAR,8.67,4693.0,541.2918108419839
T36368,C5816085,NEW DELHI,0.37,200.0,540.5405405405405
T681261,C7423781,VISAKHAPATNAM,0.74,400.0,540.5405405405405
T73915,C8223746,VISAKHAPATNAM,0.74,400.0,540.5405405405405
T184421,C7236449,COIMBATORE,0.94,507.4,539.7872340425532
T691966,C7378784,MUMBAI,2.65,1430.0,539.622641509434
T636362,C6925468,PATNA,1.41,760.0,539.0070921985816
T639107,C6125489,PATNA,1.41,760.0,539.0070921985816
T649862,C3325412,PATNA,1.41,760.0,539.0070921985816
T602218,C1932239,KURNOOL,1.8,969.9,538.8333333333333
T641166,C4256758,GREATER NOIDA,9.28,5000.0,538.7931034482759
T587178,C6285965,BANGALORE,4.27,2300.0,538.6416861826698
T888389,C2231529,GANDHINAGAR,0.63,339.0,538.0952380952381
T366402,C4190923,CHENNAI,1.42,763.0,537.3239436619718
T298832,C8188322,CHENNAI,0.62,333.0,537.0967741935484
T842223,C5022427,BANGALORE,0.19,102.0,536.8421052631579
T172231,C6029758,GURGAON,5.44,2912.0,535.2941176470588
T947829,C3013762,KUSHALNAGAR,0.71,380.0,535.2112676056338
T114317,C7821770,GURGAON,2.15,1150.0,534.8837209302326
T647914,C4923811,DELHI,3.74,2000.0,534.75935828877
T432587,C5717469,NOIDA,0.87,465.0,534.4827586206897
T248783,C3721224,NOIDA,0.32,171.0,534.375
T87983,C6438064,CHENNAI,9.45,5046.0,533.968253968254
T268951,C8088464,MUMBAI,2.88,1536.0,533.3333333333334
T931426,C5530622,MUMBAI,0.15,80.0,533.3333333333334
T585753,C7535281,CHENNAI,9.17,4889.0,533.1515812431843
T1006441,C7257729,FARIDABAD,0.94,500.0,531.9148936170213
T1014838,C1836445,COIMBATORE,0.94,500.0,531.9148936170213
T1024751,C8636478,COIMBATORE,0.94,500.0,531.9148936170213
T168907,C2336473,COIMBATORE,0.94,500.0,531.9148936170213
T627451,C3657765,FARIDABAD,0.94,500.0,531.9148936170213
T709586,C7329216,CHENNAI,0.94,500.0,531.9148936170213
T889072,C8616180,PANCHKULA,1.12,595.24,531.4642857142857
T140532,C5560059,MUMBAI,0.34,180.45,530.735294117647
T48363,C3460060,MUMBAI,0.34,180.45,530.735294117647
T706264,C5260056,MUMBAI,0.34,180.45,530.735294117647
T758617,C7119328,NOIDA,13.33,7070.0,530.3825956489122
T202356,C8560053,MUMBAI,0.34,180.0,529.4117647058823
T743527,C1160055,MUMBAI,0.34,180.0,529.4117647058823
T743546,C6260071,MUMBAI,0.34,180.0,529.4117647058823
T746940,C1260018,MUMBAI,0.34,180.0,529.4117647058823
T444481,C7222676,PANIPAT,0.93,492.0,529.0322580645161
T65738,C7639426,JODHPUR,10.78,5696.0,528.3858998144713
T7309,C6234490,DELHI,0.11,58.0,527.2727272727273
T741735,C3439591,RANCHI,0.94,495.0,526.5957446808511
T1006661,C7443240,GURGAON,0.57,300.0,526.3157894736843
T495334,C1192745,NOIDA,0.57,300.0,526.3157894736843
T152606,C3268826,GHAZIABAD,0.38,200.0,526.3157894736842
T161400,C8268837,GHAZIABAD,0.38,200.0,526.3157894736842
T534654,C7934864,NAVI MUMBAI,0.19,100.0,526.3157894736842
T578624,C1714746,HYDERABAD,0.19,100.0,526.3157894736842
T592904,C2214737,HYDERABAD,0.19,100.0,526.3157894736842
T398619,C6231679,PUNE,2.59,1362.0,525.8687258687258
T719224,C2616030,NAVI MUMBAI,4.0,2099.0,524.75
T247133,C2629962,KAITHAL,0.85,446.0,524.7058823529412
T10724,C7927584,PUNE,1.62,850.0,524.6913580246913
T630897,C6342413,MUMBAI,0.65,340.0,523.0769230769231
T843521,C3549980,PARK MAHAPE NAVI MUMBAI,0.13,68.0,523.0769230769231
T101919,C3638043,CHENNAI,0.67,350.0,522.3880597014925
T731993,C4912119,MUMBAI,19.15,10000.0,522.1932114882507
T203688,C2010480,KOLKATA,0.23,120.0,521.7391304347826
T251971,C3864983,BANGALORE,6.73,3511.0,521.6939078751857
T126717,C2033139,DELHI,2.11,1099.0,520.8530805687204
T43259,C2711828,VASHI  NAVI MUMBAI,2.88,1500.0,520.8333333333334
T1008756,C3250865,THANE,5.66,2944.0,520.1413427561837
T18264,C2234970,MUMBAI,0.5,260.0,520.0
T1017823,C5539422,NOIDA,3.85,2000.0,519.4805194805194
T208247,C8538854,HYDERABAD,3.85,2000.0,519.4805194805194
T243445,C4734451,ZIRAKPUR,0.78,405.0,519.2307692307692
T249447,C3334450,ZIRAKPUR,0.78,405.0,519.2307692307692
T421364,C6712330,VISAKHAPATNAM,0.54,280.0,518.5185185185185
T859935,C2027471,THANE,0.82,425.0,518.2926829268293
T1008749,C3126490,PUNE,3.11,1610.0,517.6848874598071
T867823,C2542224,DARJEELING,2.12,1097.0,517.4528301886792
T408732,C8635831,HYDERABAD,0.58,300.0,517.2413793103449
T586668,C4135855,HYDERABAD,0.58,300.0,517.2413793103449
T986121,C4628265,SALEM,5.52,2855.0,517.2101449275362
T890677,C6969968,MUMBAI,5.61,2899.0,516.7557932263815
T125838,C1414363,DEHRADUN,5.81,3000.0,516.3511187607573
T884746,C5432391,BANGALORE,3.1,1600.0,516.1290322580645
T950317,C7484470,MUMBAI MUMBAI,0.31,160.0,516.1290322580645
T580397,C3920867,VIZIANAGARAM,17.45,9000.0,515.7593123209169
T985974,C1269464,KOLKATA,11.43,5893.0,515.5730533683289
T606617,C5123223,GAUTAM BUDDHA NAGAR,0.29,149.0,513.7931034482759
T168734,C7130419,MUMBAI,5.46,2800.0,512.8205128205128
T27979,C8922651,GURGAON,0.78,400.0,512.8205128205128
T482427,C5573636,MUMBAI,2.73,1400.0,512.8205128205128
T723828,C5034784,DELHI,1.56,800.0,512.8205128205128
T987599,C7835889,HYDERABAD,0.58,297.0,512.0689655172414
T296840,C4422292,EAST MUMBAI,5.87,3000.0,511.0732538330494
T104268,C3335556,JAIPUR,43.04,21989.0,510.8968401486989
T953606,C8627943,BATHINDA,9.39,4797.0,510.8626198083067
T137638,C5611377,CHANDIGARH,1.76,899.0,510.79545454545456
T555588,C9013141,PALI,5.44,2778.0,510.6617647058823
T378278,C3970159,JODHPUR,0.47,240.0,510.63829787234044
T54810,C3631484,RANGA REDDY,5.84,2980.0,510.2739726027397
T185086,C7423175,BANGALORE,0.78,398.0,510.2564102564102
T31391,C6714561,KOLKATA,0.1,51.0,510.0
T655639,C3732716,VADODARA VADODARA,2.54,1295.0,509.84251968503935
T1032827,C8358168,JALAUN,7.87,4000.0,508.25921219822106
T495978,C8123924,DELHI,0.29,147.0,506.89655172413796
T384236,C5317938,INDORE,5.31,2690.58,506.7005649717514
T871496,C4040535,THANE,14.39,7286.12,506.3321751216122
T108391,C6438412,MUMBAI,17.16,8678.0,505.7109557109557
T370480,C1415258,CHANDIGARH,0.89,450.0,505.61797752808985
T47661,C5728964,CHENNAI,22.36,11300.85,505.404740608229
T200120,C1414131,BANGALORE,0.99,500.0,505.0505050505051
T538349,C6725775,WAYANAD,0.99,500.0,505.0505050505051
T993614,C3518583,BHOPAL,0.29,146.46,505.03448275862075
T175531,C7423172,GURGAON,8.01,4041.0,504.49438202247194
T204191,C4618921,TIRUPATI,3.37,1700.0,504.45103857566767
T731385,C6224786,KUSHI NAGAR,1.19,600.0,504.20168067226894
T795637,C7039736,KASHIPUR,1.92,968.0,504.1666666666667
T126321,C1823765,VISAKHAPATNAM,0.74,373.0,504.05405405405406
T778613,C5732349,BANGALORE,3.1,1560.0,503.22580645161287
T803296,C5032424,NORTH 24 PARGANAS,2.95,1484.0,503.05084745762707
T691495,C7812134,BENGALURU,1.03,517.35,502.28155339805824
T732763,C1432024,MUMBAI,2.59,1300.0,501.930501930502
T1035133,C7723070,DELHI,2.5,1253.84,501.53599999999994
T452770,C2736285,CALICUT,0.18,90.25,501.3888888888889
T405530,C2015823,GURDASPUR,8.27,4143.74,501.0568319226119
T879719,C3131568,NOIDA,4.0,2004.0,501.0
T865006,C5122620,KOLKATA,6.38,3191.59,500.2492163009405
T336611,C6629920,THANE WEST,1.0,500.16,500.16
T340098,C3829973,THANE WEST,1.0,500.16,500.16
T347039,C4229933,THANE WEST,1.0,500.16,500.16
T1007583,C7114587,KOLKATA,0.1,50.0,500.0
T212347,C3436339,CHENNAI,0.1,50.0,500.0
T344085,C6253520,HAMIRPUR,0.02,10.0,500.0
T470002,C2720043,NEW DELHI,4.0,2000.0,500.0
T642359,C9015086,DELHI,4.0,2000.0,500.0
T730375,C7125516,DELHI,0.06,30.0,500.0
T752436,C8720032,NEW DELHI,4.0,2000.0,500.0
T865830,C8828543,SIVAGANGAI,0.12,60.0,500.0
T944990,C8929753,NORTH 24 PARGANAS,0.8,400.0,500.0
T947374,C2639518,KUSHALNAGAR,1.0,500.0,500.0
T982887,C8820138,GURGAON,0.02,10.0,500.0
T282131,C8339267,NEW DELHI,0.56,280.0,499.99999999999994
T362649,C3510072,YAMUNANAGAR,0.55,275.0,499.99999999999994
T765393,C6160054,MUMBAI,0.34,170.0,499.99999999999994
T949708,C8799513,KANPUR,20.02,10000.0,499.50049950049953
T896276,C3038459,WEST MUMBAI,10.01,4998.0,499.3006993006993
T839820,C2563151,KHARAGPUR,0.01,4.99,499.0
T938837,C8653770,KOLKATA,0.88,439.0,498.8636363636364
T243182,C7441970,DELHI,3.51,1750.0,498.5754985754986
T644146,C3523173,BANGALORE,0.78,388.81,498.47435897435895
T907759,C7870128,JODHPUR,0.47,234.0,497.87234042553195
T798363,C6533662,JAIPUR,38.08,18937.0,497.29516806722694
T37605,C6132615,DELHI,1.81,900.0,497.23756906077347
T645873,C4210539,GURGAON,24.18,12002.0,496.3606286186931
T162686,C3117539,GURGAON,71.82,35610.0,495.8228905597327
T34985,C8213748,KUSHALNAGAR,0.71,351.72,495.3802816901409
T624991,C1770176,JODHPUR,0.47,232.0,493.6170212765958
T792296,C5233584,CHENNAI,6.13,3025.09,493.489396411093
T803316,C5341044,MEDAK,2.93,1445.6,493.37883959044365
T340335,C5515686,VASAI (WEST),30.41,15000.0,493.25879644853666
T127048,C8166669,PUNE,10.26,5054.0,492.5925925925926
T897780,C7822224,DELHI,10.16,4999.0,492.0275590551181
T225108,C5792563,MEDAK,0.61,300.0,491.8032786885246
T891920,C5339273,KARUR,0.61,300.0,491.8032786885246
T987451,C7415225,UDAIPUR,3.58,1760.0,491.62011173184356
T201190,C7733965,MIRZA,0.71,349.0,491.54929577464793
T265629,C1737672,MUMBAI,0.23,113.0,491.30434782608694
T450735,C5722213,GURGAON,0.11,54.0,490.90909090909093
T597827,C2141066,DELHI,1.61,790.0,490.6832298136646
T282030,C3034360,MUMBAI,12.23,6000.0,490.596892886345
T315097,C6834367,MADURAI,1.46,716.0,490.4109589041096
T15845,C3283554,CHANDIGARH,0.51,250.0,490.19607843137254
T568345,C1829358,DELHI,6.13,3000.0,489.3964110929853
T325999,C5921760,PUNE,0.45,220.0,488.88888888888886
T162177,C1417562,GURGAON,71.82,35110.0,488.8610414926205
T570821,C2717428,NOIDA,0.87,425.0,488.5057471264368
T804147,C2310439,DELHI,0.68,332.0,488.235294117647
T460098,C8918537,FARIDABAD,53.31,26000.0,487.71337460138807
T959922,C4332162,KOTTAYAM,4.7,2290.0,487.23404255319144
T552075,C2812126,RUDRAPUR,4.45,2166.0,486.7415730337078
T43891,C5019144,BARAMATI,32.93,16028.0,486.72942605526873
T529563,C6434727,RANGA REDDY,4.11,2000.0,486.61800486618
T117130,C6719218,MOGA,43.14,20989.0,486.532220676866
T654209,C9032258,MUMBAI,4.49,2183.02,486.195991091314
T122926,C5010450,MUMBAI,14.88,7234.0,486.1559139784946
T793987,C5042438,MUMBAI,0.65,316.0,486.15384615384613
T994865,C6842429,MUMBAI,0.65,316.0,486.15384615384613
T487528,C1688486,MUMBAI,2.88,1400.0,486.11111111111114
T957703,C3321025,HOSHIARPUR,8.85,4298.0,485.6497175141243
T454853,C6218060,MUMBAI,0.69,335.0,485.5072463768116
T158542,C2914082,BANGALORE,24.9,12086.0,485.3815261044177
T34999,C2913072,BAHADURGARH (HARYANA),10.31,5000.0,484.9660523763336
T768388,C2319481,ANDROTH,7.96,3857.0,484.54773869346735
T469619,C6240415,KANCHIPURAM,0.64,310.0,484.375
T703656,C8460084,FARIDABAD,0.63,305.0,484.1269841269841
T432159,C1324968,GURGAON,0.62,300.0,483.8709677419355
T187159,C3026141,PARBHANI,0.06,29.0,483.33333333333337
T389061,C4126882,NAVI MUMBAI,6.21,3000.0,483.09178743961354
T688580,C5316620,NAGAUR,0.59,285.0,483.0508474576271
T401625,C1422931,SHAHJAHANPUR,0.52,251.0,482.6923076923077
T661738,C1422924,SHAHJAHANPUR,0.52,251.0,482.6923076923077
T925937,C3231261,SAHARANPUR,16.12,7779.0,482.56823821339947
T463481,C2535418,MUMBAI,2.7,1300.0,481.48148148148147
T540863,C1912142,RUDRAPUR,4.45,2142.0,481.34831460674155
T684486,C3524324,MUMBAI,1.05,505.0,480.9523809523809
T401777,C1045957,BANGALORE,6.21,2985.0,480.67632850241546
T149581,C3788369,CHENNAI,0.62,298.0,480.64516129032256
T401299,C2232270,MUMBAI,4.49,2157.32,480.47216035634744
T180355,C5739190,ALIGARH,0.05,24.0,480.0
T192313,C2220566,CHENGANNUR,0.75,360.0,480.0
T285279,C7538067,DELHI,4.96,2380.0,479.83870967741933
T430327,C5515323,COIMBATORE,7.82,3750.0,479.539641943734
T253207,C2332534,BAZAAR BANGALORE,47.24,22644.0,479.3395427603725
T56570,C6070111,JODHPUR,0.47,225.25,479.2553191489362
T404476,C7437469,CHITTO0R,25.21,12075.0,478.9765965886553
T682704,C1934622,FARIDKOT,0.14,67.0,478.5714285714285
T402529,C3020027,NEW DELHI,0.92,440.0,478.2608695652174
T333436,C6112064,NEW DELHI,4.1,1960.0,478.04878048780495
T111992,C3236754,KADAPA,58.56,27989.0,477.95423497267757
T546056,C2031579,NOIDA,4.0,1910.0,477.5
T174876,C5088061,MYSORE,5.25,2500.0,476.1904761904762
T489699,C3260091,FARIDABAD,0.63,300.0,476.1904761904762
T63472,C1088024,MYSORE,5.25,2500.0,476.1904761904762
T893467,C1011768,KOLKATA,27.45,13058.0,475.70127504553733
T291892,C7230186,ALLAHABAD,0.41,195.0,475.609756097561
T102536,C5014634,NEW DELHI,21.03,10000.0,475.51117451260103
T718006,C7314686,NEW DELHI,21.03,10000.0,475.51117451260103
T357568,C6338326,DELHI,10.72,5093.0,475.0932835820895
T656969,C6233042,BANGALORE,1.58,748.01,473.42405063291136
T92366,C8016046,NEW DELHI,0.37,175.0,472.97297297297297
T63852,C7688014,MYSORE,5.25,2479.0,472.1904761904762
T408521,C8834416,DHEMAJI,3.38,1595.89,472.1568047337279
T119982,C3614069,BANGALORE,24.9,11750.0,471.8875502008032
T512190,C7880580,DHAR,0.91,429.0,471.4285714285714
T140353,C8217141,JEWELLARS THANE,0.9,424.0,471.1111111111111
T575783,C8890991,CHENNAI,1.42,668.5,470.77464788732397
T287550,C8139655,GURGAON,0.68,320.0,470.5882352941176
T832963,C7836268,MORADABAD,13.05,6139.0,470.4214559386973
T629467,C1136912,HYDERABAD,6.28,2952.0,470.0636942675159
T512519,C4418040,BANGALORE,0.66,310.0,469.6969696969697
T197293,C5135014,GHAZIABAD,4.52,2122.94,469.6769911504425
T379328,C8640562,THANE,14.39,6757.82,469.6191799861014
T203131,C6823191,SONIPAT,2.13,1000.0,469.4835680751174
T601890,C5437924,MUMBAI,10.65,4999.0,469.38967136150234
T970927,C6636528,DELHI,7.99,3750.0,469.3366708385482
T753401,C8820476,DELHI,6.71,3147.31,469.04769001490314
T107022,C3712533,JOGESHWARI (W) MUMBAI,7.05,3300.0,468.0851063829787
T931729,C1620017,NEW DELHI,0.92,430.0,467.39130434782606
T638806,C6483641,MUMBAI,4.43,2068.0,466.8171557562077
T650016,C6983614,MUMBAI,4.43,2068.0,466.8171557562077
T236716,C7541238,NOIDA,16.13,7529.0,466.769993800372
T283646,C1929130,CHENNAI,0.09,42.0,466.6666666666667
T226868,C6010722,PUNE,0.45,210.0,466.66666666666663
T300142,C2910771,PUNE,0.45,210.0,466.66666666666663
T80605,C5310726,PUNE,0.45,210.0,466.66666666666663
T923884,C1010763,PUNE,0.45,210.0,466.66666666666663
T954430,C8610779,PUNE,0.45,210.0,466.66666666666663
T667972,C4383636,MUMBAI,4.43,2064.5,466.0270880361174
T295757,C8921212,NOIDA,0.32,149.0,465.625
T928526,C6232059,MUMBAI,2.59,1205.0,465.2509652509653
T137213,C1511573,SAS NAGAR,2.15,1000.0,465.1162790697675
T334788,C3921719,GURGAON,2.15,1000.0,465.1162790697675
T402731,C7623184,VELLORE DIST,0.43,200.0,465.1162790697675
T674796,C4221759,GURGAON,2.15,1000.0,465.1162790697675
T706816,C1221762,GURGAON,2.15,1000.0,465.1162790697675
T851074,C4421014,NEW DELHI,0.43,200.0,465.1162790697675
T857544,C6721729,GURGAON,2.15,1000.0,465.1162790697675
T912220,C1623142,VELLORE DIST,0.43,200.0,465.1162790697675
T200360,C1041229,MANDIR KOLKATA,0.57,265.0,464.9122807017544
T542878,C7012349,VISAKHAPATNAM,0.54,251.0,464.8148148148148
T294863,C8135581,NOIDA,0.85,395.0,464.7058823529412
T909439,C1825518,HYDERABAD,57.1,26521.0,464.4658493870403
T1004842,C8531154,NEW DELHI,1.99,924.0,464.321608040201
T1006525,C2031188,NEW DELHI,1.99,924.0,464.321608040201
T1011321,C8031142,NEW DELHI,1.99,924.0,464.321608040201
T695790,C8836664,ROURKELA,4.42,2050.0,463.8009049773756
T542869,C5025770,WAYANAD,0.99,459.0,463.6363636363636
T438067,C3110492,DELHI,0.68,315.0,463.235294117647
T704012,C6319831,NEW DELHI,0.68,315.0,463.235294117647
T306747,C1514760,MUMBAI,0.24,111.0,462.5
T94004,C4041246,HYDERABAD,1.32,610.47,462.47727272727275
T585400,C5221214,GURGAON,0.86,397.0,461.6279069767442
T596089,C5141837,MUMBAI,14.71,6781.96,461.0441876274643
T553085,C5739712,INDORE,137.91,63574.0,460.98179972445797
T723073,C2423132,BANGALORE,0.78,359.52,460.9230769230769
T337640,C7860023,FARIDABAD,0.63,290.0,460.3174603174603
T207919,C8017447,NOIDA,0.87,400.0,459.7701149425287
T894514,C1242839,EAST MUMBAI,5.66,2598.0,459.0106007067138
T118850,C2014178,VIZIANAGARAM,1.47,674.68,458.9659863945578
T478891,C6341542,THANE,0.46,211.0,458.695652173913
T355307,C3739444,NAVI MUMBAI,2.72,1247.5,458.6397058823529
T588091,C2316733,SONIPAT,1.57,720.0,458.59872611464965
T28943,C5223063,DELHI,2.5,1143.99,457.596
T832296,C7327557,PUNE,1.62,741.0,457.4074074074074
T510504,C8714323,CHENNAI,10.94,4999.0,456.94698354661796
T317773,C5212914,KURUKSHETRA,19.72,9006.0,456.69371196754565
T411028,C5013954,DIMAPUR,71.55,32620.0,455.90496156533897
T565530,C4719831,NEW DELHI,0.68,310.0,455.88235294117646
T882233,C5111166,ALMORA,6.56,2990.0,455.7926829268293
T423970,C7942413,MUMBAI,0.65,296.0,455.38461538461536
T712962,C5816087,NEW DELHI,13.18,6000.0,455.2352048558422
T713776,C1916020,NEW DELHI,13.18,6000.0,455.2352048558422
T718669,C2316029,NEW DELHI,13.18,6000.0,455.2352048558422
T720774,C6016053,NEW DELHI,13.18,6000.0,455.2352048558422
T721176,C5416012,NEW DELHI,13.18,6000.0,455.2352048558422
T118104,C8418017,BANGALORE,3.12,1420.0,455.12820512820514
T1013673,C7374217,CHENNAI,4.43,2011.0,453.9503386004515
T384574,C6167814,CHENNAI,0.88,399.0,453.40909090909093
T176416,C3210733,PUNE,0.45,204.0,453.3333333333333
T460250,C3256754,GREATER NOIDA,9.28,4204.86,453.10991379310343
T475063,C1939139,BALLABGARH,0.53,240.0,452.8301886792453
T136397,C7627769,VIZIANAGARAM,7.71,3490.0,452.65888456549936
T981778,C6823752,PATHANKOT,11.98,5421.3,452.52921535893154
T983545,C1623781,PATHANKOT,11.98,5421.3,452.52921535893154
T225262,C4410024,HOWRAH,17.71,8000.0,451.7221908526256
T729672,C5810091,HOWRAH,17.71,8000.0,451.7221908526256
T839515,C1730517,DHANBAD,15.66,7060.0,450.8301404853129
T964310,C5812369,CHANDIGARH,10.54,4750.0,450.6641366223909
T570189,C3756255,NELLORE,4.0,1802.0,450.5
T588737,C6830631,CHENNAI,1.11,500.0,450.45045045045043
T360326,C4033368,BANGALORE,7.16,3225.0,450.4189944134078
T462038,C5710691,BANGALORE,4.35,1959.12,450.3724137931035
T697049,C4417145,JEWELLARS THANE,0.9,405.0,450.0
T338693,C2133678,SOLAN,4.9,2204.0,449.7959183673469
T259019,C3756213,NELLORE,4.0,1798.0,449.5
T398762,C2217360,JAMSHEDPUR,0.89,400.0,449.438202247191
T75774,C6938322,NEW DELHI,0.89,400.0,449.438202247191
T77505,C4938313,NEW DELHI,0.89,400.0,449.438202247191
T81282,C5338391,NEW DELHI,0.89,400.0,449.438202247191
T82017,C5738329,NEW DELHI,0.89,400.0,449.438202247191
T82660,C4138313,NEW DELHI,0.89,400.0,449.438202247191
T85095,C5338360,NEW DELHI,0.89,400.0,449.438202247191
T910299,C4434740,DELHI,1.56,700.0,448.71794871794873
T279056,C1032629,KRISHNA VIJAYAWADA,3.82,1714.0,448.69109947643983
T1004984,C4414723,NEW DELHI,11.04,4951.0,448.46014492753625
T224845,C4888038,MYSORE,5.25,2351.0,447.8095238095238
T710162,C9036290,MORADABAD,13.05,5828.0,446.59003831417624
T725577,C3223190,BANGALORE,0.78,348.0,446.15384615384613
T340410,C4537985,MUMBAI,10.65,4745.0,445.5399061032864
T141858,C4638838,GORAKHPUR,0.33,147.0,445.45454545454544
T240192,C4168831,GHAZIABAD,0.38,169.0,444.7368421052632
T199689,C1618441,NEW DELHI,0.65,289.0,444.6153846153846
T102651,C6486228,THANE EAST,0.45,200.0,444.44444444444446
T185430,C7810730,PUNE,0.45,200.0,444.44444444444446
T551130,C5215220,HARDWAR,87.06,38655.0,444.00413507925566
T817193,C3428828,VISAKHAPATNAM,5.19,2302.0,443.54527938342966
T452663,C2337073,GHAZIABAD,0.65,288.0,443.07692307692304
T405269,C7060070,FARIDABAD,0.63,279.0,442.85714285714283
T901094,C1639228,KARUR,0.61,270.0,442.62295081967216
T754976,C1510353,BANGALORE,1.13,500.0,442.47787610619474
T978388,C3030440,MUMBAI,5.46,2415.0,442.3076923076923
T97462,C7290920,CHENNAI,1.42,627.0,441.54929577464793
T325102,C2030635,CHENNAI,1.11,490.0,441.4414414414414
T63834,C3841137,CHENNAI,0.58,256.0,441.3793103448276
T238566,C1250628,CHENNAI,0.34,150.0,441.17647058823525
T284704,C3560026,MUMBAI,0.34,150.0,441.17647058823525
T292679,C3939635,GURGAON,0.68,300.0,441.17647058823525
T329007,C4150656,CHENNAI,0.34,150.0,441.17647058823525
T236747,C6311321,DELHI,4.86,2143.0,440.94650205761315
T294379,C4119374,MUMBAI,12.98,5720.0,440.6779661016949
T356923,C2941966,DELHI,8.61,3792.23,440.4448315911731
T264114,C2417664,KOLKATA,0.25,110.0,440.0
T695663,C4917060,MORADABAD,0.5,220.0,440.0
T140512,C6333264,NOIDA,3.41,1500.0,439.88269794721407
T301495,C7014670,VIZIANAGARAM,4.89,2150.0,439.67280163599185
T510834,C8413271,(EAST) MUMBAI,4.1,1798.0,438.5365853658537
T340338,C5110411,GURGAON,0.52,228.0,438.46153846153845
T342638,C7610448,GURGAON,0.52,228.0,438.46153846153845
T776868,C3799567,NAVI MUMBAI,4.86,2130.0,438.2716049382716
T589307,C2034765,RANGA REDDY,4.11,1800.0,437.956204379562
T874434,C8917660,BANGLORE,4.73,2071.0,437.8435517970401
T854214,C4169436,KOLKATA,11.43,5003.0,437.7077865266842
T611936,C6727970,VARANASI,0.75,328.0,437.3333333333333
T780082,C8923782,PATHANKOT,11.98,5237.0,437.14524207011686
T226116,C7841890,BALKUM THANE THANE,3.09,1350.0,436.8932038834952
T1003795,C3890939,CHENNAI,1.42,620.0,436.6197183098592
T186954,C7737240,DELHI,1.17,510.0,435.8974358974359
T843268,C5123059,DELHI,2.5,1088.0,435.2
T1019152,C4330788,EAST GODAVARI,6.37,2771.86,435.14285714285717
T905712,C1422825,NOIDA,0.69,300.0,434.7826086956522
T907900,C1322865,NOIDA,0.69,300.0,434.7826086956522
T975699,C1822842,NOIDA,0.69,300.0,434.7826086956522
T102023,C5639312,NEW DELHI,0.23,100.0,434.78260869565213
T303800,C1739390,NEW DELHI,0.23,100.0,434.78260869565213
T44873,C4137676,MUMBAI,0.23,100.0,434.78260869565213
T952462,C8739356,NEW DELHI,0.23,100.0,434.78260869565213
T955395,C3741530,THANE,0.46,200.0,434.78260869565213
T324886,C4070049,VISAKHAPATNAM,0.53,230.42,434.75471698113205
T950998,C2128245,WEST TRIPURA,5.73,2484.0,433.5078534031413
T462927,C5711111,MUMBAI,25.38,11000.0,433.41213553979514
T866862,C3576853,KUTCH,9.0,3898.0,433.1111111111111
T392955,C5748880,LUCKNOW,5.95,2573.55,432.5294117647059
T271557,C5417612,NASHIK,9.72,4199.0,431.9958847736625
T518150,C1737964,MUMBAI,10.65,4600.0,431.92488262910797
T84417,C2553162,GURGAON,2.2,950.0,431.81818181818176
T106098,C7636042,THANE,11.35,4900.0,431.7180616740088
T239055,C5635311,BANGALORE,57.91,25000.0,431.70436884821277
T623097,C7241020,DELHI,1.61,695.0,431.67701863354034
T625186,C2441055,DELHI,1.61,695.0,431.67701863354034
T766354,C2841634,MEDAK,1.39,600.0,431.6546762589928
T691918,C2316720,SONIPAT,1.57,677.41,431.4713375796178
T761296,C3740321,MUMBAI,39.06,16838.0,431.08038914490527
T1024298,C1113354,DELHI,9.28,4000.0,431.0344827586207
T108983,C8141115,CHENNAI,0.58,250.0,431.0344827586207
T574202,C5640147,SHIVAJI NGR PUNE,0.58,250.0,431.0344827586207
T869364,C5041118,CHENNAI,0.58,250.0,431.0344827586207
T914035,C4013055,DEHRADUN,5.93,2550.0,430.0168634064081
T816126,C5929927,THANE WEST,1.0,430.0,430.0
T416540,C1870167,JODHPUR,0.47,202.0,429.7872340425532
T60010,C5631233,GUNTUR,0.61,262.0,429.5081967213115
T805409,C1628145,DELHI,0.92,395.0,429.3478260869565
T211012,C7032624,GUWAHATI,2.19,940.0,429.2237442922374
T797730,C5372380,JAUNPUR,7.0,3004.0,429.14285714285717
T48873,C8588724,BANGALORE,17.48,7500.0,429.0617848970252
T503301,C6421559,VARANASI,11.17,4791.0,428.9167412712623
T160817,C7538649,BANGALORE,0.7,300.0,428.5714285714286
T622135,C2041014,DELHI,1.61,690.0,428.57142857142856
T698513,C3642281,DELHI,0.07,30.0,428.57142857142856
T114613,C4130433,MUMBAI,5.46,2335.0,427.65567765567766
T123888,C5630436,MUMBAI,5.46,2335.0,427.65567765567766
T397838,C8598951,PATNA,162.51,69492.0,427.6167620454126
T223057,C7815684,FARIDABAD,3.51,1500.0,427.35042735042737
T578362,C3030080,MUMBAI,0.56,239.0,426.7857142857142
T373717,C1111832,MUMBAI,0.94,401.0,426.5957446808511
T394041,C8520486,MUMBAI,1.0,426.0,426.0
T411500,C2334744,RANGA REDDY,4.11,1750.12,425.8199513381995
T368157,C6417273,NEW DELHI,3.66,1558.5,425.8196721311475
T1034710,C4884774,PUNE,29.08,12380.0,425.72214580467676
T1003873,C1632633,BEHROR,0.47,200.0,425.53191489361706
T180570,C6036458,COIMBATORE,0.94,400.0,425.53191489361706
T181442,C4470188,JODHPUR,0.47,200.0,425.53191489361706
T231120,C1170128,JODHPUR,0.47,200.0,425.53191489361706
T641257,C1970144,JODHPUR,0.47,200.0,425.53191489361706
T66195,C7242589,GURGAON,0.47,200.0,425.53191489361706
T770428,C3783554,HISAR,0.47,200.0,425.53191489361706
T999157,C8632648,BEHROR,0.47,200.0,425.53191489361706
T727174,C1536225,DELHI,6.05,2574.0,425.45454545454544
T473976,C4510353,BANGALORE,1.13,480.0,424.77876106194697
T474351,C6110346,BANGALORE,1.13,480.0,424.77876106194697
T475429,C6710364,BANGALORE,1.13,480.0,424.77876106194697
T1013280,C2530749,VARANASI,1.18,500.0,423.7288135593221
T881254,C3715936,MUMBAI,8.03,3400.0,423.4122042341221
T861491,C5791783,SURAT,0.47,199.0,423.40425531914894
T924598,C3532039,MUMBAI,2.59,1096.0,423.1660231660232
T229653,C6710479,GURGAON,0.52,220.0,423.07692307692304
T773144,C7010485,GURGAON,0.52,220.0,423.07692307692304
T914050,C2919763,JAIPUR,0.65,275.0,423.07692307692304
T408692,C6015814,GURDASPUR,8.27,3495.0,422.6118500604595
T260268,C6333919,DELHI,73.77,31175.0,422.59726175952284
T708860,C7512215,PANVEL,3.74,1580.0,422.4598930481283
T122173,C4440373,GOLAGHAT,1.34,566.0,422.3880597014925
T255502,C6297927,MUMBAI,13.15,5553.0,422.28136882129274
T288696,C7242722,GURGAON,11.85,5000.0,421.9409282700422
T889420,C8641127,SURAT,0.57,240.0,421.0526315789474
T118346,C7819240,GHAZIABAD,9.5,4000.0,421.05263157894734
T105747,C5633592,CHENNAI,6.13,2579.3,420.7667210440457
T729187,C1342459,MUMBAI,0.65,273.0,420.0
T956005,C4723667,CHENNAI,0.9,378.0,420.0
T387763,C4218950,BANGALORE,2.99,1255.0,419.73244147157186
T622364,C8841047,DELHI,1.61,675.0,419.25465838509314
T440703,C1425724,WAYANAD,0.99,415.0,419.19191919191917
T915431,C7733525,PRAKASAM DIST (AP),1.67,700.0,419.1616766467066
T420461,C4297272,THANE,5.25,2200.0,419.04761904761904
T866988,C1318436,GURGAON,6.83,2860.0,418.74084919472915
T562650,C3434531,INDORE,2.39,1000.0,418.41004184100416
T680951,C6541084,DELHI,1.61,673.0,418.0124223602484
T21001,C8334362,JODHPUR,0.58,242.0,417.2413793103449
T236340,C8829360,DHARMAPURI,0.12,50.0,416.6666666666667
T491804,C5852173,AMRITSAR,0.12,50.0,416.6666666666667
T506971,C4652167,AMRITSAR,0.12,50.0,416.6666666666667
T514803,C1630347,NOIDA,9.6,4000.0,416.6666666666667
T532884,C4228525,SIVAGANGAI,0.12,50.0,416.6666666666667
T587361,C7028546,SIVAGANGAI,0.12,50.0,416.6666666666667
T587371,C3737958,NORTH 24 PARGANAS,1.68,700.0,416.6666666666667
T659214,C2513019,PRAKASAM DIST (AP),0.36,150.0,416.6666666666667
T836973,C2152139,AMRITSAR,0.12,50.0,416.6666666666667
T908158,C2839182,DELHI,1.68,700.0,416.6666666666667
T49352,C7720928,NAWANSHAHR,126.02,52459.5,416.2791620377718
T213781,C5693130,KENDRAPARA,2.9,1206.0,415.86206896551727
T644453,C3841182,DELHI,6.5,2700.0,415.38461538461536
T793557,C7349956,PARK MAHAPE NAVI MUMBAI,0.13,54.0,415.38461538461536
T134871,C4428434,NOIDA,1.28,531.0,414.84375
T531429,C2538129,DELHI,27.64,11463.75,414.7521707670043
T373323,C8433349,BANGALORE,7.16,2968.0,414.52513966480444
T105593,C3739462,NOIDA,3.85,1595.0,414.2857142857143
T149983,C1298821,BANGALORE,3.58,1483.0,414.2458100558659
T728700,C4356016,GHAZIABAD,29.42,12183.52,414.1237253569001
T753754,C1484121,AURANGABAD,3.43,1420.4,414.11078717201167
T179279,C2740464,KANCHIPURAM,0.64,265.0,414.0625
T325544,C2471663,HYDERABAD,19.08,7900.0,414.04612159329145
T1043162,C4311140,MUMBAI,25.38,10500.0,413.7115839243499
T1047592,C5032025,MUMBAI,2.59,1071.0,413.51351351351354
T675169,C2641935,BANGALORE,3.13,1294.0,413.4185303514377
T196711,C5926620,NEW DELHI,3.75,1550.0,413.3333333333333
T762725,C5032122,MUMBAI,98.29,40620.0,413.2668633635161
T332360,C2924732,NASHIK,10.78,4454.0,413.1725417439703
T336583,C6924770,NASHIK,10.78,4454.0,413.1725417439703
T108273,C1733685,SOLAN,4.9,2024.0,413.0612244897959
T842290,C4833125,INDORE,2.28,941.48,412.92982456140356
T338294,C4960050,FARIDABAD,0.63,260.0,412.6984126984127
T525957,C1124646,GORAKHPUR,20.2,8334.0,412.5742574257426
T557956,C5719824,NEW DELHI,0.68,280.0,411.7647058823529
T56581,C8442931,ROAD PUNE,0.17,70.0,411.7647058823529
T657853,C7242177,ALLAHABAD,0.34,140.0,411.7647058823529
T156097,C5335317,BOISAR,1.72,708.0,411.6279069767442
T731621,C3618744,PERAMBALUR DISTRICT,7.96,3274.0,411.3065326633166
T992300,C3612335,VISAKHAPATNAM,0.54,222.0,411.1111111111111
T65849,C7471963,RISHIKESH,2.92,1200.0,410.95890410958907
T362268,C7970174,JODHPUR,0.47,193.0,410.63829787234044
T310172,C3041269,HYDERABAD,1.32,542.0,410.60606060606057
T691375,C5786470,SAHIBABAD,0.48,196.52,409.4166666666667
T264034,C2639259,NEW DELHI,15.61,6383.0,408.9045483664318
T683193,C1042490,NEW DELHI,1.86,760.0,408.6021505376344
T355994,C6527189,DELHI,0.24,98.0,408.33333333333337
T1041432,C3117326,PANCHKULA,2.02,824.0,407.9207920792079
T265812,C5342415,MUMBAI,0.65,265.0,407.6923076923077
T815977,C1521922,JAIPUR,3.19,1300.0,407.52351097178683
T875716,C4078082,RAJAMUNDRY,6.14,2500.0,407.1661237785016
T197120,C6528991,DELHI,51.34,20900.0,407.08998831320605
T557458,C3932082,KATEMANIVALI KALYAN THANE THANE,0.7,284.91,407.0142857142858
T921508,C3085915,BANGALORE,4.27,1736.0,406.5573770491804
T317990,C2764916,BANGALORE,6.73,2736.0,406.5378900445765
T261004,C3536222,CALICUT,0.18,73.15,406.3888888888889
T227626,C7431939,DELHI,1.28,520.0,406.25
T925002,C2831923,DELHI,1.28,520.0,406.25
T751520,C6634430,BANGALORE,3.22,1307.7,406.11801242236027
T769057,C6920570,KRISHNA,2.25,913.75,406.1111111111111
T843562,C6633133,INDORE,2.28,925.83,406.0657894736843
T325514,C7617272,AMRITSAR,4.43,1797.0,405.64334085778785
T916039,C7451972,UDAIPUR,2.96,1200.0,405.4054054054054
T600739,C6319575,NAGAPATTINAM (TK) (P),1.11,450.0,405.40540540540536
T844457,C3114317,SARAN,3.46,1402.51,405.34971098265896
T110234,C1334720,EAST MUMBAI,0.42,170.0,404.76190476190476
T838115,C6698187,ROPAR,8.29,3355.0,404.7044632086852
T197790,C3415271,CHANDIGARH,0.89,360.0,404.4943820224719
T699931,C7926884,BANGALORE,3.71,1500.0,404.3126684636119
T146963,C5370127,JODHPUR,0.47,190.0,404.25531914893617
T635425,C5115959,GHAZIABAD,5.99,2421.0,404.1736227045075
T918249,C3723729,DELHI,1.09,440.0,403.6697247706422
T1028285,C4011315,CHANDIGARH,1.76,710.0,403.40909090909093
T1030830,C5311344,CHANDIGARH,1.76,710.0,403.40909090909093
T313522,C4388370,CHENNAI,0.62,250.0,403.2258064516129
T938720,C5315231,CHANDIGARH,0.89,358.0,402.24719101123594
T527972,C8736354,BANGALORE,327.94,131900.0,402.2077209245594
T338762,C6717820,MUMBAI,1.36,547.0,402.20588235294116
T527857,C6732288,KURNOOL,1.8,723.37,401.8722222222222
T206322,C4039083,SIVASAGAR,5.15,2068.0,401.5533980582524
T918455,C2722878,CHENNAI,0.96,385.0,401.0416666666667
T1032067,C6817649,KOLKATA,0.25,100.0,400.0
T300711,C8624930,MUMBAI,0.25,100.0,400.0
T328772,C2818519,BHOPAL,0.29,116.0,400.0
T347140,C8021759,PUNE,0.45,180.0,400.0
T40106,C4924928,MUMBAI,0.25,100.0,400.0
T4510,C8324970,MUMBAI,0.25,100.0,400.0
T487815,C2124932,MUMBAI,0.25,100.0,400.0
T553425,C8329973,KAITHAL,0.85,340.0,400.0
T584316,C3723072,DELHI,2.5,1000.0,400.0
T737403,C3451822,NOIDA,0.25,100.0,400.0
T749677,C3224913,MUMBAI,0.25,100.0,400.0
T753864,C6624948,MUMBAI,0.25,100.0,400.0
T778833,C4224973,MUMBAI,0.25,100.0,400.0
T778890,C3324912,MUMBAI,0.25,100.0,400.0
T849407,C4823074,DELHI,2.5,1000.0,400.0
T867729,C8331576,NOIDA,4.0,1600.0,400.0
T940700,C4124990,MUMBAI,0.25,100.0,400.0
T971307,C6324913,MUMBAI,0.25,100.0,400.0
T349386,C5538236,PRATAPGARH,0.17,68.0,399.99999999999994
T125227,C5633118,DELHI,2.11,843.0,399.52606635071095
T940103,C4831981,HOOGHLY,25.06,10000.0,399.0422984836393
T644104,C7033013,BANGALORE,1.58,630.0,398.73417721518985
T687877,C7423131,BANGALORE,0.78,311.0,398.71794871794873
T991354,C6340419,KANCHIPURAM,0.64,255.0,398.4375
T81466,C4323337,AHMEDNAGAR,2.11,840.0,398.1042654028436
T504745,C3015231,MEDAK,9.28,3691.0,397.73706896551727
T494700,C6967824,CHENNAI,0.88,350.0,397.72727272727275
T655679,C3929947,KAITHAL,0.85,338.0,397.64705882352945
T1036181,C5313224,KOLKATA,7.32,2910.0,397.54098360655735
T123996,C1430446,MUMBAI,5.46,2170.0,397.43589743589746
T344598,C3556770,GREATER NOIDA,9.28,3688.0,397.4137931034483
T83398,C1157771,JUNCTON VISAKHAPATNAM,1.11,441.0,397.29729729729723
T735413,C5322258,VISAKHAPATNAM,3.78,1500.0,396.82539682539687
T757471,C7160014,FARIDABAD,0.63,250.0,396.8253968253968
T762200,C2717139,JEWELLARS THANE,0.9,357.0,396.66666666666663
T713049,C2618386,NOIDA,7.67,3040.68,396.4380704041721
T670554,C2530652,CHENNAI,1.11,440.0,396.39639639639637
T612978,C7339113,BALLABGARH,0.53,210.0,396.2264150943396
T261249,C1118189,NAGPUR,0.26,103.0,396.15384615384613
T305199,C5726326,DELHI,67.21,26590.0,395.62565094479993
T61918,C4121960,BANGALORE,6.07,2400.0,395.38714991762765
T424277,C7723711,PATHANKOT,11.98,4730.76,394.8881469115192
T974221,C2434387,JODHPUR,0.58,229.0,394.82758620689657
T187444,C1833174,INDORE,2.28,900.0,394.7368421052632
T914292,C5920290,GURGAON,0.38,150.0,394.7368421052632
T919237,C7642991,ROAD PUNE,0.17,67.0,394.1176470588235
T235227,C5826837,URAN,10.15,4000.0,394.0886699507389
T461928,C6014685,MUMBAI,11.99,4722.89,393.90241868223524
T173840,C8332979,PRAKASAM,4.93,1941.16,393.74442190669373
T935803,C3629223,CHENNAI,0.94,370.0,393.6170212765958
T963833,C1970161,JODHPUR,0.47,185.0,393.6170212765958
T664998,C8141575,THANE,0.46,181.0,393.4782608695652
T272749,C1031144,NEW DELHI,1.99,783.0,393.4673366834171
T338577,C1926951,KOLKATA,4.47,1758.0,393.28859060402687
T418539,C6623721,PATHANKOT,11.98,4711.38,393.2704507512521
T426032,C2423786,PATHANKOT,11.98,4711.38,393.2704507512521
T12521,C8515361,NAGPUR,12.81,5036.0,393.1303669008587
T840334,C8611376,THANE,0.29,114.0,393.1034482758621
T145532,C3398984,NEW DELHI,3.31,1300.0,392.74924471299096
T807973,C5419441,KOLKATA,2.44,957.79,392.53688524590166
T647149,C6442477,MUMBAI,0.65,255.0,392.3076923076923
T195087,C2220887,MUMBAI,0.37,145.0,391.8918918918919
T416583,C6823721,PATHANKOT,11.98,4694.04,391.82303839732884
T420196,C2723757,PATHANKOT,11.98,4694.04,391.82303839732884
T385116,C5316037,BANGALORE,6.59,2581.0,391.65402124430955
T998110,C4930712,VARANASI,1.18,462.0,391.52542372881356
T896382,C1098849,BANGALORE,3.58,1400.0,391.06145251396646
T498362,C6297438,GURGAON,4.09,1599.0,390.9535452322738
T994481,C1697486,GURGAON,4.09,1599.0,390.9535452322738
T943759,C7110313,ROAD FARIDABAD,0.64,250.0,390.625
T944179,C4110382,ROAD FARIDABAD,0.64,250.0,390.625
T48276,C5929676,CHENNAI,3.38,1320.0,390.5325443786982
T443193,C7910517,NEW DELHI,18.39,7180.0,390.4295812941816
T162503,C4633360,CHENNAI,0.92,359.1,390.32608695652175
T298020,C4410478,MUMBAI,14.88,5805.0,390.1209677419355
T663555,C8232767,BADSHAPUR,1.0,390.0,390.0
T237082,C2531967,DELHI,1.28,499.0,389.84375
T239203,C5731987,DELHI,1.28,499.0,389.84375
T911092,C1641286,MANDIR KOLKATA,0.57,222.0,389.47368421052636
T796628,C4442473,MUMBAI,0.65,253.0,389.2307692307692
T471559,C6470052,NEW DELHI,5.14,2000.0,389.1050583657588
T535845,C4370066,NEW DELHI,5.14,2000.0,389.1050583657588
T933150,C2638650,DARBHANGA,1.56,606.9,389.0384615384615
T158266,C6142772,TEHSIL-PUNE PUNE,0.36,140.0,388.8888888888889
T95413,C6937322,MUMBAI,0.59,229.37,388.7627118644068
T756856,C4485864,JAMMU,14.12,5487.39,388.6253541076488
T47037,C3939066,SIVASAGAR,5.15,2000.0,388.34951456310677
T646019,C5725773,TAORU/MEWAT,0.77,299.0,388.31168831168833
T529049,C4523587,DELHI,2.15,834.0,387.90697674418607
T395728,C6532653,BANGALORE,0.41,159.0,387.8048780487805
T749796,C3832258,KURNOOL,1.8,698.0,387.77777777777777
T957352,C7812044,AURANGABAD,41.89,16237.0,387.6104082119838
T907626,C6931645,BANGALORE,6.54,2534.0,387.4617737003058
T337409,C1379071,RAJKOT,12.65,4900.0,387.3517786561265
T433561,C5420269,GURGAON,0.38,147.0,386.84210526315786
T142316,C7510476,GURGAON,0.52,200.0,384.6153846153846
T305923,C7227923,BAWAL,0.65,250.0,384.6153846153846
T397900,C1028622,SURAT,0.13,50.0,384.6153846153846
T397904,C1428627,SURAT,0.13,50.0,384.6153846153846
T72122,C1324611,NAINITAL,0.26,100.0,384.6153846153846
T733380,C7326585,GHAZIABAD,0.13,50.0,384.6153846153846
T391649,C4841016,SRINAGAR,15.74,6050.0,384.3710292249047
T1000669,C7034763,DELHI,43.33,16650.0,384.26032771751676
T77553,C4621529,DELHI,1.38,530.0,384.0579710144928
T902778,C8053445,MEERUT,4.56,1750.0,383.7719298245614
T586265,C6718580,UDAIPUR,6.69,2565.0,383.4080717488789
T815428,C6465744,GURGAON,0.6,230.0,383.33333333333337
T389725,C6023116,BANGALORE,0.78,299.0,383.3333333333333
T787829,C1523177,BANGALORE,0.78,299.0,383.3333333333333
T949404,C8823144,BANGALORE,0.78,299.0,383.3333333333333
T937875,C3823866,SILIGURI,6.24,2391.96,383.3269230769231
T467197,C3919190,HAMIRPUR,0.77,295.0,383.1168831168831
T297407,C8023725,KOLKATA,2.28,873.0,382.8947368421053
T290980,C3510350,ROAD FARIDABAD,0.64,245.0,382.8125
T863064,C5725514,VASCO,10.45,4000.0,382.7751196172249
T29000,C1927588,PUNE,1.62,620.0,382.71604938271605
T381372,C8731031,NEW DELHI,6.9,2640.0,382.6086956521739
T385345,C8831064,NEW DELHI,6.9,2640.0,382.6086956521739
T165555,C6619968,NASHIK,7.32,2800.0,382.5136612021858
T510193,C1269065,CHENNAI,0.17,65.0,382.35294117647055
T7175,C1026742,NAVI MUMBAI,0.39,149.0,382.05128205128204
T1006016,C2324179,SOUTH 24 PARGANAS,0.83,317.0,381.9277108433735
T286650,C7527341,TEZPUR,21.46,8190.0,381.64026095060575
T94400,C4937321,MUMBAI,0.59,225.0,381.35593220338984
T811128,C9012427,NORTH 24 PARGANAS,1.16,442.0,381.0344827586207
T233362,C2646242,KURUKSHETRA,2.63,1000.0,380.2281368821293
T314744,C3446249,KURUKSHETRA,2.63,1000.0,380.2281368821293
T438328,C7746248,KURUKSHETRA,2.63,1000.0,380.2281368821293
T556100,C7246226,KURUKSHETRA,2.63,1000.0,380.2281368821293
T414913,C4514018,KAMRUP,6.83,2596.0,380.0878477306003
T334857,C4717292,NEW DELHI,3.66,1390.0,379.7814207650273
T331961,C1542123,ALLAHABAD,0.34,129.0,379.4117647058823
T709361,C4216076,NEW DELHI,13.18,5000.0,379.36267071320185
T710220,C8816072,NEW DELHI,13.18,5000.0,379.36267071320185
T713552,C7616073,NEW DELHI,13.18,5000.0,379.36267071320185
T833031,C8216042,NEW DELHI,13.18,5000.0,379.36267071320185
T833376,C7716029,NEW DELHI,13.18,5000.0,379.36267071320185
T1043566,C1634592,NEW DELHI,0.29,110.0,379.3103448275862
T870617,C6251879,BANGALORE,3.48,1320.0,379.3103448275862
T844599,C8180556,NEW DELHI,3.69,1399.0,379.1327913279133
T285718,C8227586,PUNE,1.62,614.0,379.0123456790123
T757939,C3133460,TRIVANDRUM THIRUVANANTHAPURAM,30.87,11700.0,379.0087463556851
T704336,C5830476,MUMBAI,5.28,2000.0,378.78787878787875
T465625,C5284814,KANPUR,12.12,4590.0,378.71287128712873
T449329,C1819791,JAIPUR,0.65,246.0,378.46153846153845
T31627,C3632380,NOIDA,0.95,359.0,377.89473684210526
T164484,C8633048,BANGALORE,1.58,597.01,377.8544303797468
T407942,C3131559,NOIDA,4.0,1510.0,377.5
T302778,C4439740,FATEHABAD,0.53,200.0,377.35849056603774
T427511,C8539716,FATEHABAD,0.53,200.0,377.35849056603774
T438451,C5139761,FATEHABAD,0.53,200.0,377.35849056603774
T451216,C4613017,THOOTHUKUDI,0.53,200.0,377.35849056603774
T88457,C4123665,PUNE,0.79,298.0,377.2151898734177
T11103,C1327940,THIRUVARUR DT,9.67,3647.0,377.14581178903825
T490893,C8728677,JAIPUR,1.44,543.01,377.09027777777777
T334961,C2412453,UTTAM NAGAR,11.99,4520.0,376.9808173477898
T402065,C5132217,DEHRADUN,4.15,1564.0,376.867469879518
T360550,C1253454,MEERUT,4.56,1718.5,376.86403508771934
T996903,C4132637,BEHROR,0.47,177.0,376.5957446808511
T886120,C7834532,INDORE,2.39,900.0,376.56903765690373
T266037,C4621518,NAVI MUMBAI,5.8,2184.0,376.55172413793105
T289052,C2333873,BANGALORE,9.08,3415.0,376.10132158590307
T746040,C3534318,JODHPUR,0.58,218.0,375.86206896551727
T1007111,C5027224,AMRITSAR,1.2,450.0,375.0
T272552,C3897041,DELHI,0.48,180.0,375.0
T488526,C4630338,MUMBAI,0.8,300.0,375.0
T855026,C3527264,AMRITSAR,1.2,450.0,375.0
T931752,C3323828,SILIGURI,6.24,2335.0,374.19871794871796
T437468,C8321243,KOLKATA,2.94,1100.0,374.1496598639456
T212472,C6836750,NOIDA,1.77,662.0,374.01129943502826
T863713,C5357267,BANGALORE,6.43,2400.0,373.2503888024884
T850555,C4121254,KOLKATA,5.9,2200.0,372.88135593220335
T271883,C2719721,NOIDA,26.86,10000.0,372.3008190618019
T27169,C1016781,SONIPAT,1.57,584.0,371.97452229299364
T837939,C5938766,DELHI,6.73,2500.0,371.4710252600297
T773903,C3117431,LUDHIANA,68.66,25500.0,371.39528109525196
T206494,C3833513,VADODARA,6.21,2306.0,371.3365539452496
T546303,C1434018,PALI,77.0,28587.0,371.2597402597403
T434345,C5637927,MUMBAI,10.65,3953.0,371.1737089201878
T704018,C3781584,MUMBAI,1.88,697.59,371.0585106382979
T852902,C4680560,NEW DELHI,3.69,1369.0,371.00271002710025
T548383,C1218773,SOUTH 24 PARGANAS,5.15,1910.0,370.87378640776694
T214578,C2633361,DELHI,0.81,300.0,370.3703703703703
T81322,C1412388,VISAKHAPATNAM,0.54,200.0,370.3703703703703
T981507,C5139152,HANUMANGARH,0.27,100.0,370.3703703703703
T577037,C5531147,MUMBAI,1.0,370.0,370.0
T614388,C5528890,VISAKHAPATNAM,5.19,1920.0,369.94219653179186
T335777,C8334318,MADURAI,1.46,540.0,369.86301369863014
T444225,C4379382,DELHI,1.35,499.0,369.6296296296296
T21008,C5237065,GHAZIABAD,0.65,240.0,369.2307692307692
T489497,C7627083,PUNE,91.36,33700.0,368.8704028021016
T650667,C3859059,VADODARA,64.39,23736.0,368.6286690479888
T93838,C8457716,JUNCTON VISAKHAPATNAM,1.11,409.0,368.4684684684684
T231999,C8736391,SANT RAVIDAS NAGAR,0.19,70.0,368.42105263157896
T308272,C7934574,CHENNAI,19.94,7340.0,368.1043129388164
T293875,C6924759,MUMBAI,0.25,92.0,368.0
T303168,C4024712,MUMBAI,0.25,92.0,368.0
T163541,C4724258,FARIDABAD,1.36,500.0,367.6470588235294
T633028,C1817859,MUMBAI,1.36,500.0,367.6470588235294
T928618,C8025366,MUMBAI,2.72,1000.0,367.6470588235294
T332097,C3297979,MUMBAI,13.15,4828.73,367.2038022813688
T298111,C7210381,ROAD FARIDABAD,0.64,235.0,367.1875
T648646,C4519582,CHENNAI,5.15,1891.0,367.18446601941747
T823208,C2112625,BANGALORE,1.35,495.53,367.0592592592592
T540959,C4251692,MUMBAI,71.2,26128.0,366.96629213483146
T102340,C5565764,GURGAON,0.6,220.0,366.6666666666667
T942868,C5315936,DELHI,0.15,55.0,366.6666666666667
T352108,C7618764,BANGALORE,9.28,3398.0,366.1637931034483
T94891,C4532765,AMRITSAR,12.84,4700.0,366.0436137071651
T433344,C7724336,MANGALORE,2.46,900.0,365.8536585365854
T774949,C7399088,KOTTAYAM,16.41,6000.0,365.6307129798903
T422401,C8623281,GAUTAM BUDDHA NAGAR,0.29,106.0,365.51724137931035
T950140,C5116150,DHEMAJI,12.29,4492.0,365.50040683482507
T235103,C6327884,MUMBAI,7.72,2820.0,365.2849740932643
T318209,C4812976,KURUKSHETRA,19.72,7195.0,364.8580121703854
T315359,C4167756,PUNE,1.99,726.0,364.8241206030151
T812866,C7216055,NEW DELHI,13.18,4800.0,364.18816388467377
T775019,C1417490,LUDHIANA,68.66,25000.0,364.1130206816196
T230707,C8441220,NOIDA,16.13,5866.0,363.6701797892127
T583746,C2342060,NEW DELHI,0.99,360.0,363.6363636363636
T585935,C3842019,NEW DELHI,0.99,360.0,363.6363636363636
T603118,C8928420,NEAR BATA MORE KOLKATA,0.11,40.0,363.6363636363636
T804383,C4228453,NEAR BATA MORE KOLKATA,0.11,40.0,363.6363636363636
T891777,C3328432,NEAR BATA MORE KOLKATA,0.11,40.0,363.6363636363636
T992724,C4910089,YAMUNANAGAR,0.55,200.0,363.6363636363636
T144232,C2329165,DELHI,0.84,305.0,363.09523809523813
T197794,C7816715,SONIPAT,1.57,570.0,363.0573248407643
T159174,C1138511,DELHI,42.22,15320.0,362.8612032212222
T552903,C8339759,INDORE,137.91,50000.0,362.55528968167647
T325832,C4527056,MUMBAI,0.4,145.0,362.5
T702909,C7032725,VADODARA VADODARA,2.54,920.0,362.20472440944883
T979661,C2623866,NOIDA,1.65,597.0,361.8181818181818
T811648,C3627591,PUNE,1.62,586.0,361.72839506172835
T529904,C1931677,MUMBAI,0.47,170.0,361.7021276595745
T426143,C6849971,PARK MAHAPE NAVI MUMBAI,0.13,47.0,361.53846153846155
T749284,C6549955,PARK MAHAPE NAVI MUMBAI,0.13,47.0,361.53846153846155
T793024,C4749981,PARK MAHAPE NAVI MUMBAI,0.13,47.0,361.53846153846155
T865856,C3049932,PARK MAHAPE NAVI MUMBAI,0.13,47.0,361.53846153846155
T142400,C5817787,BALLIA,0.83,300.0,361.44578313253015
T74184,C3016180,ROAD PUNE,1.53,553.0,361.437908496732
T3894,C8333690,NOIDA,0.44,159.0,361.3636363636364
T503503,C1311790,MOHALI,1.73,625.0,361.27167630057806
T374078,C7222840,SHILLLONG,25.45,9192.0,361.1787819253438
T1047777,C4173279,HYDERABAD,5.55,2000.0,360.36036036036035
T496504,C3729677,LUCKNOW,0.2,72.0,360.0
T886889,C2332252,DELHI,0.75,270.0,360.0
T1008161,C4762521,DELHI,1.39,500.0,359.7122302158274
T605916,C2516761,CHENNAI,0.89,320.0,359.5505617977528
T586476,C4317451,NOIDA,0.87,312.0,358.62068965517244
T943837,C8629165,PUNE,5.36,1921.92,358.56716417910445
T658026,C2639129,BALLABGARH,0.53,190.0,358.49056603773585
T672715,C4339154,BALLABGARH,0.53,190.0,358.49056603773585
T1011545,C5297482,GURGAON,4.09,1465.66,358.35207823960883
T388272,C3813445,BANGALORE,0.72,258.0,358.33333333333337
T220601,C1646285,KURUKSHETRA,2.63,942.0,358.1749049429658
T840645,C5746226,KURUKSHETRA,2.63,942.0,358.1749049429658
T458593,C7329858,DELHI,6.98,2500.0,358.1661891117478
T87757,C7333023,TIRUNELVELI,42.89,15350.0,357.89228258335277
T404467,C6929134,DELHI,0.84,300.0,357.14285714285717
T758910,C6134713,EAST MUMBAI,0.42,150.0,357.14285714285717
T486204,C4633130,BARDHAMAN,0.28,100.0,357.1428571428571
T539282,C5033113,BARDHAMAN,0.28,100.0,357.1428571428571
T621501,C6721433,CHANDIGARH,4.9,1750.0,357.1428571428571
T241484,C5276731,MUMBAI,5.61,2000.0,356.50623885918003
T108625,C7014382,DEHRADUN,5.81,2070.0,356.28227194492257
T587746,C7016057,NAVI MUMBAI,4.0,1424.0,356.0
T963676,C5628848,KOLKATA,2.81,1000.0,355.8718861209964
T360175,C7824279,AHMEDABAD,7.45,2650.0,355.7046979865772
T548010,C7370155,JODHPUR,0.47,167.0,355.3191489361702
T810216,C2470161,JODHPUR,0.47,167.0,355.3191489361702
T856334,C1544592,HYDERABAD,3.38,1200.0,355.0295857988166
T960154,C4521064,MUMBAI SUBURBAN,4.18,1484.0,355.0239234449761
T511072,C4431244,AHMEDABAD,1.93,685.0,354.9222797927461
T519700,C7531291,AHMEDABAD,1.93,685.0,354.9222797927461
T849322,C8629136,PUNE,5.36,1901.48,354.75373134328356
T206358,C6212573,JOGESHWARI (W) MUMBAI,7.05,2499.0,354.468085106383
T956170,C1337147,DELHI,36.01,12764.0,354.4570952513191
T653511,C4021415,NEW DELHI,57.85,20488.0,354.1573033707865
T591110,C8240715,GURGAON,13.54,4795.0,354.13589364844904
T666195,C7393629,MUMBAI,1.13,400.0,353.9823008849558
T282750,C2836519,LUCKNOW,28.49,10078.0,353.73815373815376
T209944,C7026512,NOIDA,0.41,145.0,353.6585365853659
T727599,C8214314,KAMRUP,64.86,22926.0,353.4690101757632
T144398,C8025966,EXPRESSWAY NOIDA,9.77,3451.0,353.22415557830095
T119453,C1060048,MUMBAI,0.34,120.0,352.94117647058823
T69348,C1060036,MUMBAI,0.34,120.0,352.94117647058823
T921861,C5242922,ROAD PUNE,0.17,60.0,352.94117647058823
T880991,C6031484,KANPUR,2.58,910.0,352.71317829457365
T1013477,C5926449,HYDERABAD,1.42,500.0,352.11267605633805
T425756,C8031537,PRATAPGARH,5.84,2056.0,352.05479452054794
T149033,C1710551,THANE,0.91,320.0,351.64835164835165
T922042,C6630485,MUMBAI,5.46,1920.0,351.64835164835165
T27242,C7513420,BANGALORE,0.72,253.0,351.3888888888889
T972571,C6330418,MUMBAI,5.28,1855.0,351.32575757575756
T859080,C8939689,GURGAON,34.16,12000.0,351.28805620608904
T79103,C8628231,DEHRADUN,1.88,660.0,351.06382978723406
T562459,C2292787,NOIDA,0.57,200.0,350.87719298245617
T673608,C5941244,MANDIR KOLKATA,0.57,200.0,350.87719298245617
T794892,C8041225,MANDIR KOLKATA,0.57,200.0,350.87719298245617
T841768,C5253411,MEERUT,4.56,1600.0,350.87719298245617
T314947,C8078487,VARANAVASI,2.3,807.0,350.8695652173913
T103424,C6527990,RANGAREDDI,69.27,24300.0,350.8012126461672
T225261,C7092238,PORT BLAIR,28.37,9950.0,350.7225942897427
T788944,C5434944,HILLTOP NAGPUR,2.83,992.0,350.53003533568904
T960804,C3634060,NEW DELHI,2.06,721.78,350.378640776699
T61469,C7837279,NOIDA,8.41,2945.0,350.1783590963139
T740447,C5414034,KARIMNAGAR,7.15,2503.0,350.0699300699301
T625213,C7320047,CHENNAI,10.6,3710.0,350.0
T766191,C5033163,BARDHAMAN,0.28,98.0,349.99999999999994
T797171,C3348462,DELHI,4.86,1700.0,349.79423868312756
T773369,C1216790,SONIPAT,1.57,548.37,349.28025477707007
T128442,C8929734,GURGAON,5.44,1900.0,349.2647058823529
T986266,C8723252,GAUTAM BUDDHA NAGAR,0.29,101.26,349.1724137931035
T128594,C2639784,FATEHABAD,0.53,185.0,349.05660377358487
T822153,C7527869,BANGALORE,20.63,7200.0,349.006301502666
T1004026,C4837087,PUNE,46.9,16365.0,348.9339019189766
T628501,C7831011,MUMBAI,6.53,2278.22,348.8851454823889
T798750,C5421230,GURGAON,0.86,300.0,348.83720930232556
T970236,C2760547,NEW DELHI,0.89,310.0,348.314606741573
T829999,C7035390,BOISAR,1.72,599.0,348.25581395348837
T44582,C1531055,GREATER NOIDA,5.67,1974.0,348.14814814814815
T936570,C2825991,BANGALORE,0.46,160.0,347.82608695652175
T1042786,C3432137,UDAIPUR,2.88,1001.0,347.56944444444446
T430824,C1138616,BANGALORE,8.31,2886.72,347.3790613718411
T137058,C8711866,VASHI  NAVI MUMBAI,2.88,1000.0,347.22222222222223
T51249,C2811890,VASHI  NAVI MUMBAI,2.88,1000.0,347.22222222222223
T886921,C1128646,JAIPUR,1.44,500.0,347.22222222222223
T960697,C4411816,VASHI  NAVI MUMBAI,2.88,1000.0,347.22222222222223
T500061,C6541967,HYDERABAD,4.28,1485.0,346.9626168224299
T331082,C1874831,RAJAHMUNDRY,41.19,14288.01,346.88055353241083
T340401,C2374811,RAJAHMUNDRY,41.19,14288.01,346.88055353241083
T344121,C4574849,RAJAHMUNDRY,41.19,14288.01,346.88055353241083
T870944,C1838720,DELHI,6.73,2334.0,346.80534918276373
T709931,C4423012,DELHI,2.5,867.0,346.8
T107064,C5661173,MUMBAI,0.75,260.0,346.6666666666667
T728961,C5030939,GURGAON,5.76,1995.0,346.3541666666667
T1008731,C2029840,MUMBAI,0.65,225.0,346.15384615384613
T879376,C6210527,THANE,0.91,315.0,346.15384615384613
T664558,C4640571,MUMBAI,16.15,5590.0,346.13003095975233
T1019233,C7712659,PASCHIM MEDINIPUR,68.87,23809.0,345.70930739073617
T889747,C2228139,DELHI,0.92,318.0,345.65217391304344
T116057,C2330422,CHENNAI,1.65,570.0,345.4545454545455
T717663,C5735550,EAST GODAVARI,6.96,2403.0,345.2586206896552
T100090,C8835869,HYDERABAD,0.58,200.0,344.82758620689657
T260193,C5417413,NOIDA,0.87,300.0,344.82758620689657
T330565,C2335814,HYDERABAD,0.58,200.0,344.82758620689657
T36386,C5523944,DELHI,0.29,100.0,344.82758620689657
T470903,C2323978,DELHI,0.29,100.0,344.82758620689657
T475712,C4123917,DELHI,0.29,100.0,344.82758620689657
T723364,C5034344,JODHPUR,0.58,200.0,344.82758620689657
T730437,C2541169,CHENNAI,0.58,200.0,344.82758620689657
T895760,C3323280,GAUTAM BUDDHA NAGAR,0.29,100.0,344.82758620689657
T969170,C2623236,GAUTAM BUDDHA NAGAR,0.29,100.0,344.82758620689657
T714400,C8540361,GOLAGHAT,1.34,462.0,344.77611940298505
T252838,C2318436,RANGA REDDY,1.19,410.0,344.5378151260504
T468707,C5656752,GREATER NOIDA,9.28,3196.61,344.46228448275866
T310501,C4064146,BANGALORE,0.81,279.0,344.4444444444444
T632620,C8929425,MUMBAI,7.84,2700.0,344.38775510204084
T164521,C6914140,VIZIANAGARAM,1.47,506.01,344.2244897959184
T885318,C2441171,SURAT,0.57,196.0,343.85964912280707
T400759,C7220884,VIZIANAGARAM,17.45,6000.0,343.839541547278
T529884,C3620884,VIZIANAGARAM,17.45,6000.0,343.839541547278
T773779,C6532623,GUWAHATI,2.19,753.0,343.83561643835617
T616952,C5675185,JAMSHEDPUR,2.88,990.0,343.75
T307621,C3324121,BANGALORE,38.94,13380.0,343.60554699537755
T180466,C1828871,MOHALI,12.82,4400.0,343.21372854914193
T198937,C5028849,MOHALI,12.82,4400.0,343.21372854914193
T198948,C6628888,MOHALI,12.82,4400.0,343.21372854914193
T206808,C3928855,MOHALI,12.82,4400.0,343.21372854914193
T207827,C2528841,MOHALI,12.82,4400.0,343.21372854914193
T255661,C5836018,THANE,2.74,940.0,343.0656934306569
T1041597,C6416281,BANGALORE,5.98,2049.51,342.7274247491639
T855762,C3331218,GUNTUR,0.61,209.0,342.62295081967216
T447409,C7230926,WARANGAL,11.78,4036.0,342.6146010186757
T855575,C7570435,NOIDA,20.46,7000.0,342.1309872922776
T713478,C8077442,MOHALI,4.39,1500.0,341.6856492027335
T589827,C7528529,SIVAGANGAI,0.12,41.0,341.6666666666667
T568195,C5723919,DELHI,0.29,99.0,341.3793103448276
T810198,C1032225,DEHRADUN,4.15,1416.0,341.2048192771084
T1005422,C3631936,THANJAVUR DT,3.23,1102.0,341.1764705882353
T415465,C5812183,NORTH 24 PARGANAS,0.44,150.0,340.90909090909093
T70124,C8364362,TOHANA,0.44,150.0,340.90909090909093
T844495,C5010492,GURGAON,0.49,167.0,340.81632653061223
T647989,C8812523,CHANDIGARH,4.37,1489.0,340.73226544622423
T343485,C7734765,RANGA REDDY,4.11,1400.0,340.632603406326
T1029097,C8223828,NOIDA,1.65,562.0,340.6060606060606
T373891,C4920547,ERNAKULAM,3.5,1192.0,340.57142857142856
T130490,C1199584,KOLKATA,4.7,1600.0,340.4255319148936
T882721,C5736464,COIMBATORE,0.94,320.0,340.4255319148936
T676179,C7037774,MUMBAI,15.5,5274.6,340.2967741935484
T669144,C6113213,(EAST) MUMBAI,4.1,1395.0,340.2439024390244
T679877,C5811387,OSL TOWER II CUTTACK,2.94,1000.0,340.13605442176873
T109514,C3510753,PUNE,0.45,153.0,340.0
T400477,C4642480,MUMBAI,0.65,221.0,340.0
T446950,C2242423,MUMBAI,0.65,221.0,340.0
T43213,C6439015,SIVASAGAR,5.15,1750.0,339.8058252427184
T434522,C2723154,BANGALORE,0.78,265.0,339.7435897435897
T749042,C5523175,BANGALORE,0.78,265.0,339.7435897435897
T762002,C4823158,BANGALORE,0.78,265.0,339.7435897435897
T375973,C3513033,THOOTHUKUDI,0.53,180.0,339.62264150943395
T920967,C5739272,NEW DELHI,15.61,5301.0,339.59000640614994
T876910,C2230975,WARANGAL,11.78,4000.0,339.55857385398986
T721264,C1741613,LUCKNOW,12.3,4175.0,339.4308943089431
T572760,C5141562,THANE,0.46,156.0,339.1304347826087
T1014813,C4330748,VARANASI,1.18,400.0,338.98305084745766
T803292,C7742755,TEHSIL-PUNE PUNE,0.36,122.0,338.8888888888889
T122990,C1824348,MUMBAI,4.22,1430.0,338.8625592417062
T39144,C3229972,KAITHAL,0.85,288.0,338.8235294117647
T195445,C2613483,MORADABAD,3.35,1135.0,338.8059701492537
T923556,C2283651,MUMBAI,4.43,1500.0,338.60045146726867
T205001,C7328025,ALLAHABAD,0.57,193.0,338.5964912280702
T580590,C8428016,ALLAHABAD,0.57,193.0,338.5964912280702
T626138,C1114965,MUMBRA,2.07,699.0,337.6811594202899
T1023083,C1023774,PATHANKOT,11.98,4045.32,337.6727879799666
T902182,C3923745,PATHANKOT,11.98,4045.32,337.6727879799666
T906317,C1823723,PATHANKOT,11.98,4045.32,337.6727879799666
T551705,C8235438,SURAT,0.8,270.0,337.5
T765487,C8559769,KARIMNAGAR,6.45,2174.73,337.1674418604651
T778879,C4134974,HILLTOP NAGPUR,2.83,954.0,337.1024734982332
T799805,C1934950,HILLTOP NAGPUR,2.83,954.0,337.1024734982332
T204117,C6738333,NEW DELHI,0.89,300.0,337.07865168539325
T237821,C6017318,JAMSHEDPUR,0.89,300.0,337.07865168539325
T387085,C1413784,HAMIRPUR,0.89,300.0,337.07865168539325
T42373,C7438377,NEW DELHI,0.89,300.0,337.07865168539325
T766029,C3582180,MUMBAI,0.89,300.0,337.07865168539325
T457336,C1612549,CHIPLUN,57.86,19500.0,337.0203940546146
T590428,C7127187,DELHI,1.55,522.0,336.7741935483871
T486515,C5716462,NARNAUL,170.96,57500.0,336.335985025737
T486705,C7516424,NARNAUL,170.96,57500.0,336.335985025737
T776232,C3079029,MAHBOULA,11.91,3999.0,335.76826196473553
T777250,C7279034,MAHBOULA,11.91,3999.0,335.76826196473553
T517112,C6838364,DELHI,10.72,3598.0,335.63432835820896
T863373,C4153668,GURGAON,1.49,500.0,335.5704697986577
T605069,C6710884,NEW DELHI,1.55,520.0,335.48387096774195
T441154,C1134891,KOLKATA,11.31,3790.0,335.10167992926614
T260072,C2618987,NOIDA,3.59,1203.0,335.0974930362117
T871437,C8934046,NEW DELHI,2.06,690.0,334.9514563106796
T813841,C1042321,DELHI,35.86,12000.0,334.63469046291135
T259667,C3047343,CHENNAI,0.78,261.0,334.6153846153846
T53308,C6041751,FARIDABAD,0.52,174.0,334.6153846153846
T519754,C2623266,GAUTAM BUDDHA NAGAR,0.29,97.0,334.48275862068965
T174283,C5112660,BANGALORE,1.48,495.0,334.4594594594595
T245526,C3412681,BANGALORE,1.48,495.0,334.4594594594595
T846644,C8012634,BANGALORE,1.48,495.0,334.4594594594595
T390329,C1018912,BANGALORE,2.99,1000.0,334.44816053511704
T529378,C6818967,BANGALORE,2.99,1000.0,334.44816053511704
T568589,C7718959,BANGALORE,2.99,1000.0,334.44816053511704
T764950,C5080538,DELHI,2.45,819.0,334.2857142857143
T370093,C7534170,LUDHIANA,6.71,2239.99,333.8286140089418
T372417,C8234191,LUDHIANA,6.71,2239.99,333.8286140089418
T1013665,C1727960,BANK LANE MUMBAI,0.15,50.0,333.33333333333337
T1014196,C6527982,BANK LANE MUMBAI,0.15,50.0,333.33333333333337
T1014729,C7027975,BANK LANE MUMBAI,0.15,50.0,333.33333333333337
T1015207,C5127953,BANK LANE MUMBAI,0.15,50.0,333.33333333333337
T1016521,C2027980,BANK LANE MUMBAI,0.15,50.0,333.33333333333337
T1019398,C2527928,BANK LANE MUMBAI,0.15,50.0,333.33333333333337
T472740,C6715541,NOIDA,0.15,50.0,333.33333333333337
T527603,C5128512,SIVAGANGAI,0.12,40.0,333.33333333333337
T543715,C2228534,SIVAGANGAI,0.12,40.0,333.33333333333337
T629485,C1215532,NOIDA,0.15,50.0,333.33333333333337
T977659,C7392834,DELHI,0.6,200.0,333.33333333333337
T221409,C2035075,GAUTAM BUDDHA NAGAR,3.0,1000.0,333.3333333333333
T402471,C2219991,NEW DELHI,13.5,4500.0,333.3333333333333
T437157,C3719926,NEW DELHI,13.5,4500.0,333.3333333333333
T83840,C1432272,NELLORE,0.9,300.0,333.3333333333333
T956800,C5927142,SURAT,0.45,150.0,333.3333333333333
T492273,C1810852,NEW DELHI,1.55,516.65,333.3225806451613
T967099,C6042453,MUMBAI,0.65,216.52,333.10769230769233
T464555,C7814745,KANPUR,1.56,519.52,333.025641025641
T423245,C3123129,BANGALORE,0.78,259.52,332.7179487179487
T352344,C1556217,NELLORE,4.0,1330.0,332.5
T1019215,C1636261,DELHI,3.88,1290.0,332.4742268041237
T221500,C2349072,BANGALORE,1.55,515.0,332.258064516129
T212810,C6627982,RANGAREDDI,69.27,23000.0,332.034069582792
T212815,C6727989,RANGAREDDI,69.27,23000.0,332.034069582792
T219500,C8827916,RANGAREDDI,69.27,23000.0,332.034069582792
T450539,C8727927,RANGAREDDI,69.27,23000.0,332.034069582792
T919102,C3227876,GANGTOK,16.11,5349.0,332.0297951582868
T99100,C6893146,KENDRAPARA,2.9,962.49,331.8931034482759
T737786,C5236452,MUMBAI,0.41,136.0,331.70731707317077
T683606,C3918361,NOIDA,0.61,202.0,331.1475409836066
T874268,C6641468,DEHRADUN,1.48,490.0,331.0810810810811
T724335,C8341550,THANE,0.46,152.0,330.4347826086956
T747224,C6542013,GURGAON,4.54,1500.0,330.3964757709251
T851698,C7246264,GURGAON,10.96,3620.0,330.2919708029197
T739353,C7589348,MUMBAI,6.36,2100.0,330.188679245283
T380637,C5516030,BANGALORE,6.59,2175.0,330.0455235204856
T395308,C1831125,MUMBAI,1.0,330.0,330.0
T636593,C4173661,MUMBAI,1.0,330.0,330.0
T126144,C7926958,KOLKATA,4.47,1475.0,329.9776286353468
T573175,C4517043,GURGAON,3.03,999.0,329.7029702970297
T783451,C7533571,CHENNAI,6.13,2020.0,329.5269168026101
T599583,C3041177,NEW DELHI,56.09,18464.0,329.1852380103405
T286795,C2535351,GREATER NOIDA,3.04,1000.0,328.9473684210526
T69438,C4325353,GUWAHATI,18.4,6048.0,328.69565217391306
T346865,C7542735,GARHSHANKAR,13.01,4276.0,328.6702536510377
T988321,C2441916,HYDERABAD,4.28,1406.0,328.50467289719626
T695290,C3838781,HYDERABAD,2.01,660.0,328.3582089552239
T904353,C8227360,DELHI,9.32,3060.0,328.3261802575107
T54126,C3236858,GONDIA,8.53,2799.03,328.1395076201642
T316423,C2931646,PUMP OPP RAKESH TRA CO JODHPUR,0.61,200.0,327.8688524590164
T527678,C4818326,NOIDA,0.61,200.0,327.8688524590164
T900944,C8239282,KARUR,0.61,200.0,327.8688524590164
T318449,C4931980,THANJAVUR DT,3.23,1059.0,327.8637770897833
T472370,C5221959,THANE,2.79,914.4,327.741935483871
T13507,C9097022,PONDICHERRY,76.31,25000.0,327.61106014939065
T425699,C2323945,DELHI,0.29,95.0,327.58620689655174
T451605,C3823975,DELHI,0.29,95.0,327.58620689655174
T1035982,C1110613,MALDA,6.42,2100.0,327.1028037383178
T641806,C5423075,GURGAON,0.78,255.0,326.9230769230769
T793481,C3137439,NAVI MUMBAI,4.92,1608.0,326.8292682926829
T250027,C5438521,KOLKATA,2.45,800.0,326.53061224489795
T258436,C7724324,PUNE,7.02,2290.0,326.2108262108262
T133706,C5428136,DELHI,0.92,300.0,326.0869565217391
T73161,C4428113,DELHI,0.92,300.0,326.0869565217391
T315791,C6224069,BANGALORE,75.37,24568.0,325.96523815841846
T144507,C4326819,NAVI MUMBAI,6.21,2022.7,325.71658615136874
T1010295,C4921213,CHENNAI,8.72,2839.0,325.5733944954128
T49006,C3216746,PUNE,7.5,2441.7,325.56
T721586,C8733556,CHENNAI,6.13,1995.0,325.4486133768352
T549137,C4837448,NAVI MUMBAI,4.92,1600.0,325.2032520325203
T245841,C8423330,AHMEDABAD,14.73,4790.0,325.1866938221317
T915907,C4315147,LUDHIANA,10.87,3534.0,325.114995400184
T308236,C4414713,MUMBAI,0.24,78.0,325.0
T776490,C5431582,NOIDA,4.0,1300.0,325.0
T836299,C3114737,KANPUR,1.56,507.0,325.0
T355247,C4335175,CHANDIGARH,2.46,799.0,324.7967479674797
T810637,C2113724,CHENNAI,1.67,542.0,324.55089820359285
T271562,C5823763,PATHANKOT,11.98,3887.0,324.457429048414
T569934,C1824112,MUMBAI,2.08,674.87,324.4567307692308
T353444,C4015248,TIRUPPUR,5.36,1737.0,324.06716417910445
T364129,C2070326,JAMSHEDPUR,16.13,5223.74,323.85244885306884
T264698,C7942157,ALLAHABAD,0.34,110.0,323.52941176470586
T156439,C3926990,DELHI,4.0,1294.0,323.5
T962336,C8427521,PUNE,1.62,524.0,323.45679012345676
T376244,C7842375,KAITHAL,4.02,1300.0,323.38308457711446
T904351,C2530049,MUMBAI,0.56,181.0,323.21428571428567
T204860,C1510916,CHENNAI,0.82,265.0,323.1707317073171
T784778,C4710966,CHENNAI,0.82,265.0,323.1707317073171
T412744,C4256775,GREATER NOIDA,9.28,2999.0,323.1681034482759
T270263,C3149940,PARK MAHAPE NAVI MUMBAI,0.13,42.0,323.07692307692304
T135810,C1331228,KHANNA,32.69,10556.0,322.91220556745185
T867804,C4870455,BETUL,3.23,1043.0,322.91021671826627
T378822,C3440814,BANGALORE,3.64,1175.0,322.8021978021978
T1044208,C1214515,NEW DELHI,23.24,7500.0,322.71944922547334
T133528,C2035676,BANGALORE,0.31,100.0,322.5806451612903
T508160,C3531628,MUMBAI,0.93,300.0,322.5806451612903
T561922,C2810832,NEW DELHI,1.55,500.0,322.5806451612903
T570221,C9017851,MUMBAI,0.31,100.0,322.5806451612903
T72459,C8520582,BHIWADI,0.93,300.0,322.5806451612903
T897675,C2022571,RANGA REDDY,15.5,5000.0,322.5806451612903
T185383,C8316323,NEW DELHI,4.7,1512.75,321.86170212765956
T275573,C5169588,NEW DELHI,37.29,11999.0,321.77527487262
T223252,C4465769,GURGAON,0.6,193.05,321.75000000000006
T315722,C4233135,BARDHAMAN,0.28,90.0,321.4285714285714
T431819,C8533158,BARDHAMAN,0.28,90.0,321.4285714285714
T432932,C2533123,BARDHAMAN,0.28,90.0,321.4285714285714
T808893,C7119435,KOLKATA,2.44,784.0,321.3114754098361
T493160,C1131572,DELHI,17.44,5601.0,321.1582568807339
T553621,C4110483,GURGAON,0.52,167.0,321.15384615384613
T917216,C5732433,ABU DHABI,143.28,46000.0,321.0496929089894
T313755,C5212588,JOGESHWARI (W) MUMBAI,7.05,2263.0,320.9929078014184
T927418,C3382725,MAIN RD P N PALAYAM COIMBATORE,2.05,658.0,320.9756097560976
T225951,C7641974,DELHI,8.61,2763.0,320.9059233449478
T734702,C3160089,FARIDABAD,0.63,202.0,320.6349206349206
T505755,C4441357,THANE,1.56,500.0,320.5128205128205
T616870,C6934732,DELHI,1.56,500.0,320.5128205128205
T67554,C8416526,NILGIRIS,24.55,7867.61,320.47291242362525
T303385,C1937341,MUMBAI,0.59,189.0,320.3389830508475
T871229,C8033157,INDORE,2.28,730.0,320.17543859649123
T267563,C2741841,SOUTH 24 PARGANS,0.85,272.0,320.0
T576004,C4917840,JAIPUR,1.4,448.0,320.0
T74992,C7688319,KOTTAYAM,6.25,2000.0,320.0
T1026288,C6828847,KOLKATA,2.81,899.0,319.9288256227758
T1037621,C8529139,PUNE,5.36,1714.62,319.8917910447761
T205714,C6430657,CHENNAI,1.11,355.0,319.81981981981977
T106067,C3826853,KOLKATA,46.94,15000.0,319.55688112484023
T675835,C7693375,GURGAON,3.13,1000.0,319.4888178913738
T182104,C2142286,DELHI,5.75,1837.0,319.4782608695652
T655737,C2791758,SURAT,0.47,150.0,319.1489361702128
T727195,C6091723,SURAT,0.47,150.0,319.1489361702128
T868609,C2123931,COIMBATORE,1.41,450.0,319.1489361702128
T924209,C2291755,SURAT,0.47,150.0,319.1489361702128
T780649,C5223784,PATHANKOT,11.98,3822.0,319.03171953255423
T86166,C7835324,FARIDABAD,0.54,172.0,318.5185185185185
T555009,C8826535,GURGAON,6.58,2095.0,318.3890577507599
T867308,C8735263,DOHA,5.34,1700.0,318.35205992509367
T1046024,C1013277,KOLKATA,7.32,2329.0,318.1693989071038
T541621,C8623084,GURGAON,0.78,248.0,317.94871794871796
T769492,C4623155,BANGALORE,0.78,248.0,317.94871794871796
T357253,C7036261,DELHI,3.88,1232.81,317.7345360824742
T144029,C6527067,MUMBAI,0.4,127.0,317.5
T364479,C4840643,BHUJ,18.9,6000.0,317.46031746031747
T371888,C3340668,BHUJ,18.9,6000.0,317.46031746031747
T957596,C3110970,SCHOOL KOLKATA,0.63,200.0,317.46031746031747
T564402,C3023263,GAUTAM BUDDHA NAGAR,0.29,92.0,317.2413793103448
T639746,C7316055,THANE,5.99,1900.0,317.1953255425709
T612202,C3328474,AMRITSAR,4.73,1500.0,317.1247357293869
T513282,C1810316,BANGALORE,1.13,358.0,316.8141592920354
T241433,C4413320,DELHI,9.28,2940.0,316.8103448275862
T707010,C2628581,SIVAGANGAI,0.12,38.0,316.6666666666667
T176959,C8134964,BANGALORE,0.93,294.0,316.1290322580645
T97370,C6139054,LUDHIANA,0.31,98.0,316.1290322580645
T258677,C1039791,KASHIPUR,1.92,606.9,316.09375
T271751,C3339753,KASHIPUR,1.92,606.9,316.09375
T268579,C4733079,BANGALORE,1.58,499.0,315.82278481012656
T497020,C4319849,MUMBAI,1.9,600.0,315.7894736842105
T97217,C4345848,JAUNPUR,4.75,1500.0,315.7894736842105
T560149,C4433125,CHENNAI,0.83,262.0,315.66265060240966
T220459,C8929017,KALYAN,3.2,1010.0,315.625
T97470,C7345882,JAUNPUR,4.75,1499.0,315.57894736842104
T584494,C2637716,KOLLAM,17.27,5450.0,315.5761436016213
T1009221,C1025659,AHMEDABAD,110.96,35000.0,315.42898341744774
T857641,C4928129,KURALI,0.26,82.0,315.38461538461536
T30165,C1816384,ERODE,31.72,10000.0,315.2585119798235
T257246,C4641038,DELHI,1.61,507.5,315.2173913043478
T281838,C8341052,DELHI,1.61,507.5,315.2173913043478
T928510,C8283643,MUMBAI,4.43,1395.0,314.89841986455986
T605202,C4227918,RANGAREDDI,69.27,21800.0,314.7105529089072
T567859,C9015085,DELHI,6.36,2000.0,314.4654088050314
T1002857,C8732023,MUMBAI,2.59,814.0,314.2857142857143
T482697,C6542578,SURAT,37.71,11850.0,314.24025457438347
T691023,C2524543,KOLKATA,21.7,6818.0,314.19354838709677
T260249,C4624715,SOLAN,57.53,18073.0,314.1491395793499
T263647,C6324781,SOLAN,57.53,18073.0,314.1491395793499
T806139,C6023226,GAUTAM BUDDHA NAGAR,0.29,91.0,313.7931034482759
T754096,C3416169,ROAD PUNE,1.53,480.0,313.72549019607845
T153664,C6726680,GHAZIABAD,10.66,3343.0,313.6022514071295
T623466,C8214940,MUMBRA,2.07,649.0,313.5265700483092
T1011214,C6526491,HYDERABAD,1.42,445.0,313.38028169014086
T737315,C3237423,GHAZIABAD,0.77,241.0,312.987012987013
T427198,C3710573,NEW DELHI,18.39,5754.0,312.8874388254486
T199474,C1891725,SURAT,0.47,147.0,312.76595744680856
T202061,C4791778,SURAT,0.47,147.0,312.76595744680856
T603467,C8291777,SURAT,0.47,147.0,312.76595744680856
T724055,C2583579,HISAR,0.47,147.0,312.76595744680856
T99218,C2183575,HISAR,0.47,147.0,312.76595744680856
T711515,C8734077,CHENNAI,7.05,2203.88,312.6070921985816
T1045414,C6397069,DELHI,0.48,150.0,312.5
T109133,C2227418,MUMBAI,1.6,500.0,312.5
T114297,C6927452,MUMBAI,1.6,500.0,312.5
T114961,C5839738,MALAPPURAM,3.68,1150.0,312.5
T175392,C6229751,S A S NAGAR MOHALI,6.4,2000.0,312.5
T260706,C1120982,GHAZIPUR,4.08,1275.0,312.5
T391091,C2973252,OLD PANVEL,4.8,1500.0,312.5
T50819,C5920892,SOUTH KONANAKE BANGALORE,0.32,100.0,312.5
T657513,C2436783,PATNA,0.8,250.0,312.5
T697771,C1767283,MAHENDERGARH,0.64,200.0,312.5
T742175,C2120867,SOUTH KONANAKE BANGALORE,0.32,100.0,312.5
T790673,C7920820,SOUTH KONANAKE BANGALORE,0.32,100.0,312.5
T376178,C4319483,NEW DELHI,179.25,56000.0,312.41283124128313
T59161,C4338561,BANGALORE,22.41,7000.0,312.3605533244087
T503820,C6832338,CHENNAI,18.9,5902.57,312.305291005291
T59976,C5119442,KOLKATA,2.44,762.0,312.2950819672131
T34351,C2539954,BANGALORE,50.37,15700.0,311.693468334326
T806376,C5623168,BANGALORE,0.78,243.0,311.53846153846155
T838084,C1932448,DELHI,3.21,1000.0,311.52647975077883
T747058,C2810872,PATNA,4.24,1320.0,311.3207547169811
T792990,C8831669,PUNE,2.59,806.0,311.19691119691123
T907444,C3930747,DELHI,8.36,2600.0,311.00478468899524
T108836,C5627470,MUMBAI,1.6,497.0,310.625
T133878,C1911039,PATNA,1.79,556.0,310.6145251396648
T178076,C6440253,ALLAHABAD,3.12,969.0,310.5769230769231
T703515,C8617227,ALAPPUZHA,14.82,4600.0,310.39136302294196
T469008,C7231436,KANPUR,2.58,800.0,310.07751937984494
T148171,C4138787,DELHI,6.73,2086.0,309.9554234769688
T262925,C2339272,NEW DELHI,15.61,4832.0,309.54516335682257
T510533,C6632356,CHENNAI,18.9,5844.2,309.21693121693124
T193920,C1360828,SRINAGAR,129.5,40000.0,308.88030888030886
T711966,C7027556,PUNE,1.62,500.0,308.641975308642
T716464,C5027584,PUNE,1.62,500.0,308.641975308642
T7930,C3536662,ROURKELA,4.42,1364.0,308.5972850678733
T889700,C9083633,MUMBAI,4.43,1365.0,308.1264108352145
T465201,C3536232,DELHI,3.88,1195.0,307.9896907216495
T732850,C5329155,KASARAGOD,8.69,2676.0,307.9401611047181
T517205,C7121731,GURGAON,2.15,662.0,307.90697674418607
T925168,C7923818,NOIDA,1.65,508.0,307.8787878787879
T306136,C8523645,BURDWAN,11.7,3600.0,307.69230769230774
T732043,C3942449,MUMBAI,0.65,200.0,307.6923076923077
T770097,C7042441,MUMBAI,0.65,200.0,307.6923076923077
T855642,C5728114,KURALI,0.26,80.0,307.6923076923077
T394775,C2498974,PATNA,162.51,50000.0,307.6733739462187
T1022862,C3123753,PATHANKOT,11.98,3685.26,307.61769616026714
T152592,C8733085,BLUE DART COURIER KOLKATA,12.68,3900.0,307.57097791798105
T745525,C6477484,MOHALI,4.39,1350.0,307.51708428246013
T571604,C5914964,MUMBRA,2.07,636.0,307.24637681159425
T595719,C1238228,GURGAON,3.58,1099.0,306.98324022346367
T276047,C1437934,MUMBAI,10.65,3266.16,306.68169014084503
T944514,C4622673,NEW DELHI,10.06,3084.84,306.6441351888668
T487933,C5427071,PUNE,91.36,28000.0,306.4798598949212
T508759,C4373228,HYDERABAD,5.55,1700.74,306.43963963963967
T244668,C3636783,BANGALORE,212.2,65000.0,306.3147973609802
T454812,C6922938,BANGALORE,1.95,597.0,306.1538461538462
T893040,C1928837,RAMPUR,1.14,349.0,306.140350877193
T83675,C1934959,MUMBAI,0.5,153.0,306.0
T333768,C4485641,PUNE,0.71,217.0,305.63380281690144
T632535,C2236881,VIRUDHUNAGAR,4.95,1512.75,305.6060606060606
T633431,C2536876,VIRUDHUNAGAR,4.95,1512.75,305.6060606060606
T593152,C7830949,WARANGAL,11.78,3600.0,305.60271646859087
T446628,C5488861,CHENNAI,2.88,880.0,305.55555555555554
T775703,C3723659,CHENNAI,0.9,275.0,305.55555555555554
T733146,C3532148,MUMBAI,98.29,30000.0,305.21924916064705
T22819,C1840433,UDAIPUR,98.33,30000.0,305.0950879690837
T174271,C1237376,MUMBAI,0.59,180.0,305.08474576271186
T959493,C4130790,VARANASI,1.18,360.0,305.08474576271186
T905884,C7973538,GURGAON,5.54,1690.0,305.05415162454875
T853376,C2831984,THANJAVUR DT,3.23,985.0,304.953560371517
T528963,C6236383,BANGALORE,327.94,100000.0,304.9338293590291
T980176,C5723730,PATHANKOT,11.98,3652.62,304.8931552587646
T885096,C2937454,NAVI MUMBAI,4.92,1500.0,304.8780487804878
T1018338,C4113974,NOIDA,17.71,5395.01,304.630717108978
T160126,C3056756,SHRIMUKTSAR SAHIB,3.04,926.0,304.60526315789474
T282700,C8923789,PATHANKOT,11.98,3648.54,304.5525876460768
T285914,C6823786,PATHANKOT,11.98,3648.54,304.5525876460768
T869696,C8610428,GURGAON,0.49,148.91,303.8979591836735
T668425,C1630619,CHENNAI,1.11,337.0,303.6036036036036
T669412,C6030049,MUMBAI,0.56,170.0,303.57142857142856
T271614,C5124640,RAIGARH,2.54,770.92,303.51181102362204
T604142,C5516761,CHENNAI,0.89,270.0,303.3707865168539
T779065,C4915238,CHANDIGARH,0.89,270.0,303.3707865168539
T290130,C7127973,RANGAREDDI,69.27,21000.0,303.161541792984
T432056,C6427959,RANGAREDDI,69.27,21000.0,303.161541792984
T571569,C8927969,RANGAREDDI,69.27,21000.0,303.161541792984
T913390,C8029338,CUTTACK,1.59,482.0,303.1446540880503
T873077,C2329713,GURGAON,5.44,1649.0,303.125
T153427,C3338874,GORAKHPUR,0.33,100.0,303.030303030303
T598667,C2918076,BANGALORE,0.66,200.0,303.030303030303
T699168,C5218033,BANGALORE,0.66,200.0,303.030303030303
T943334,C7918029,BANGALORE,0.66,200.0,303.030303030303
T1036721,C7353479,MEERUT,4.56,1380.0,302.63157894736844
T383970,C7214034,KOTTAYAM,6.61,2000.0,302.571860816944
T586111,C6616765,SONIPAT,1.57,475.0,302.54777070063693
T618098,C2335249,AMRAVATI,0.41,124.0,302.4390243902439
T303019,C4660588,NEW DELHI,0.89,269.0,302.24719101123594
T925859,C4030714,KOLKATA,37.9,11445.0,301.9788918205805
T134181,C6140075,PATNA,1.02,308.0,301.96078431372547
T220421,C5136685,CHANDIGARH,50.0,15079.0,301.58
T176572,C4038850,MUMBAI,24.35,7343.21,301.56919917864474
T188101,C6740483,KANCHIPURAM,0.64,193.0,301.5625
T718982,C2040464,KANCHIPURAM,0.64,193.0,301.5625
T441510,C6912822,GANDHINAGAR,14.52,4376.33,301.4001377410468
T218151,C3136742,CHENNAI,0.83,250.0,301.20481927710847
T404550,C8927146,HOSHIARPUR,33.2,10000.0,301.2048192771084
T675802,C1239557,RANCHI,0.94,283.0,301.06382978723406
T380670,C8724137,MUMBAI,2.08,626.0,300.96153846153845
T724609,C8118478,GURGAON,6.83,2053.0,300.5856515373353
T12056,C6142355,NEW DELHI,2.23,670.0,300.4484304932735
T426620,C3124036,NAVI MUMBAI,6.58,1975.0,300.15197568389056
T1009067,C3297657,NASHIK,0.4,120.0,300.0
T1040910,C4631592,GANDHINAGAR,0.63,189.0,300.0
T261149,C6435012,GAUTAM BUDDHA NAGAR,3.0,900.0,300.0
T428209,C7732685,JALANDHAR,35.0,10500.0,300.0
T570121,C1637979,NORTH 24 PARGANAS,1.68,504.0,300.0
T178656,C8114966,DARBHANGA,2.09,626.0,299.5215311004785
T1009137,C8241272,DELHI,1.67,500.0,299.4011976047904
T405622,C8638830,ALLAHABAD,6.68,2000.0,299.4011976047904
T292818,C7611725,MOHALI,1.73,517.5,299.1329479768786
T427533,C8318340,NOIDA,7.67,2294.0,299.08735332464147
T742570,C5138278,UDAIPUR,13.77,4116.0,298.9106753812636
T54208,C4527987,RANGAREDDI,69.27,20700.0,298.8306626245128
T55863,C8538451,VADODARA,1.34,399.0,297.76119402985074
T553795,C5833842,NOIDA,3.36,1000.0,297.61904761904765
T700058,C5715577,AGARTALA,56.06,16684.0,297.60970388869066
T267321,C5238852,MUMBAI,0.79,235.0,297.46835443037975
T14668,C2216327,ERODE,31.72,9420.0,296.9735182849937
T18463,C2616378,ERODE,31.72,9420.0,296.9735182849937
T174565,C8667258,MAHENDERGARH,0.64,190.0,296.875
T97955,C5567283,MAHENDERGARH,0.64,190.0,296.875
T304629,C6518635,BANGALORE,90.92,26988.0,296.83238011438624
T162226,C3218226,GUNTUR,98.39,29200.0,296.7781278585222
T162260,C6018238,GUNTUR,98.39,29200.0,296.7781278585222
T164328,C2618230,GUNTUR,98.39,29200.0,296.7781278585222
T297046,C7031578,JAIPUR,1.7,504.03,296.48823529411766
T88441,C3886682,NEW DELHI,2.53,750.0,296.4426877470356
T651686,C7820282,NOIDA,67.48,20000.0,296.3841138114997
T599185,C2242656,NEW DELHI,3.19,945.0,296.2382445141066
T93847,C8822250,AHMEDABAD,62.14,18399.0,296.0894753781783
T150434,C6327930,RANGAREDDI,69.27,20500.0,295.943409845532
T269676,C7727964,RANGAREDDI,69.27,20500.0,295.943409845532
T314123,C3444514,HYDERABAD,3.38,1000.0,295.85798816568047
T252054,C2132878,MUMBAI,7.88,2331.0,295.81218274111677
T657996,C2536748,HAZARIBAGH,5.11,1510.0,295.49902152641874
T164570,C4241239,HYDERABAD,1.32,390.0,295.45454545454544
T731500,C3440314,MUMBAI,0.61,180.0,295.08196721311475
T383902,C8117911,FARIDABAD,40.33,11900.0,295.0657079097446
T649703,C1519583,CHENNAI,5.15,1519.52,295.052427184466
T714512,C7014341,DEHRADUN,5.81,1713.0,294.8364888123925
T717572,C2814325,DEHRADUN,5.81,1713.0,294.8364888123925
T774376,C4539611,CHITTO0R,3.47,1023.0,294.81268011527374
T682060,C3985548,HYDERABAD,5.56,1638.0,294.6043165467626
T948215,C3928644,PANIPAT,0.71,209.0,294.3661971830986
T590905,C8738980,GHAZIABAD,203.93,60000.0,294.21860442308633
T9526,C1335850,VADODARA,13.93,4098.0,294.1852117731515
T660424,C4542923,ROAD PUNE,0.17,50.0,294.11764705882354
T980843,C6741881,DELHI,0.68,200.0,294.11764705882354
T762410,C1618615,PUNE,11.61,3412.0,293.8845822566753
T847009,C9033115,BARDHAMAN,0.28,82.28,293.85714285714283
T796606,C2531319,BANGALORE,0.78,229.0,293.5897435897436
T964261,C2523776,PATHANKOT,11.98,3517.0,293.57262103505843
T900396,C5133576,THANE W,10.91,3196.5,292.98808432630614
T760089,C5024639,RAIGARH,2.54,743.0,292.5196850393701
T857066,C7122656,PANIPAT,0.93,272.0,292.47311827956986
T407154,C2780981,MUMBAI,6.46,1889.0,292.41486068111453
T659334,C6728618,SURAT,0.13,38.0,292.3076923076923
T871424,C2737444,GHAZIABAD,0.77,225.0,292.2077922077922
T55046,C3911618,NASHIK,4.31,1258.89,292.08584686774947
T114168,C2011549,GURGAON,36.33,10600.0,291.7698871456097
T889399,C3998854,BANGALORE,3.58,1044.0,291.62011173184356
T640120,C7641148,HASSAN,7.02,2047.0,291.5954415954416
T1039233,C1717338,PANCHKULA,2.02,589.0,291.58415841584156
T684355,C5381970,BANGALORE,8.22,2395.0,291.3625304136253
T659536,C1041574,VELLORE,17.49,5095.0,291.30931961120643
T912384,C2934047,NEW DELHI,2.06,600.0,291.2621359223301
T76,C5930363,ADIPUR,2.75,800.0,290.90909090909093
T827791,C7198316,THANE,4.47,1300.0,290.82774049217005
T565457,C5721222,GURGAON,0.86,250.0,290.69767441860466
T839907,C3420617,ANDHERI EAST MUMBAI,61.14,17773.0,290.69349035001636
T916446,C7912637,PASCHIM MEDINIPUR,68.87,20000.0,290.4022070567736
T555418,C7839765,INDORE,137.91,40000.0,290.04423174534116
T644102,C7727913,HYDERABAD,1.13,327.71,290.0088495575221
T111347,C9028271,SALEM,5.52,1600.0,289.8550724637681
T371518,C1922814,NOIDA,0.69,200.0,289.8550724637681
T478869,C2432250,SITAPUR,2.04,590.92,289.66666666666663
T36052,C1235812,HYDERABAD,0.58,168.0,289.65517241379314
T523091,C2527752,NEW DELHI,35.82,10374.22,289.62088218872134
T218698,C8236315,SANT RAVIDAS NAGAR,0.19,55.0,289.4736842105263
T456163,C9034828,NAVI MUMBAI,0.19,55.0,289.4736842105263
T552918,C8327980,RANGAREDDI,69.27,20000.0,288.72527789808
T176606,C3240218,ALLAHABAD,3.12,900.0,288.46153846153845
T102694,C7134462,PUNE,11.86,3420.9,288.44013490725126
T1527,C4220257,BANGALORE,2.34,674.0,288.03418803418805
T256807,C5039740,NEW DELHI,0.83,239.0,287.9518072289157
T824547,C3535348,BOISAR,1.72,495.0,287.7906976744186
T931077,C2019376,BANGALORE,0.97,279.0,287.62886597938143
T285247,C8920080,CHITTORGARH,8.89,2557.0,287.62654668166476
T126105,C8520052,JAIPUR,4.49,1290.0,287.30512249443206
T819670,C6683571,HISAR,0.47,135.0,287.2340425531915
T899291,C1251930,UDAIPUR,2.96,850.0,287.1621621621622
T879124,C9096751,MUMBAI,17.42,5000.0,287.0264064293915
T169027,C8124037,HYDERABAD,27.88,8000.0,286.94404591104734
T248297,C6939215,HAPUR,2.44,700.0,286.88524590163934
T102635,C4211848,NASHIK,52.31,15000.0,286.75205505639457
T205396,C8927859,MUMBAI,7.72,2213.0,286.6580310880829
T289236,C8829857,DELHI,6.98,2000.0,286.5329512893983
T750463,C5242054,GURGAON,4.54,1300.0,286.3436123348018
T232770,C2328779,JHARKHAND,3.15,901.0,286.031746031746
T935324,C2420064,NEW DELHI,0.92,263.0,285.8695652173913
T101862,C8736155,NEW DELHI,220.4,63000.0,285.84392014519057
T980930,C5924368,MUMBAI,1.05,300.0,285.7142857142857
T255315,C3131412,NABHA,0.07,20.0,285.71428571428567
T428042,C7616241,SRIPERUMBUDUR,0.28,80.0,285.71428571428567
T683872,C1430030,MUMBAI,0.56,160.0,285.71428571428567
T684217,C6530060,MUMBAI,0.56,160.0,285.71428571428567
T177386,C7134682,RANGA REDDY,2.8,799.0,285.3571428571429
T75216,C8536926,NEW DELHI,7.22,2060.0,285.31855955678674
T790487,C2521818,PATNA,3.23,920.85,285.09287925696594
T263659,C3633470,DARJEELING,5.12,1458.95,284.951171875
T207399,C8141932,DELHI,3.51,1000.0,284.90028490028493
T567982,C2615663,FARIDABAD,3.51,1000.0,284.90028490028493
T587208,C6217117,JEWELLARS THANE,0.9,256.4,284.88888888888886
T1040246,C7628874,KOLKATA,2.81,800.0,284.69750889679716
T171618,C5017434,DELHI,2.81,800.0,284.69750889679716
T339650,C1334382,MUMBAI,4.85,1380.7,284.680412371134
T462226,C1427922,BAWAL,0.65,185.0,284.6153846153846
T596226,C1649315,THANE,5.36,1525.0,284.5149253731343
T594419,C8232747,KOLKATA,8.79,2500.6,284.48236632536975
T310520,C6233461,MUMBAI,1.6,455.0,284.375
T182414,C1431959,THANJAVUR DT,3.23,918.0,284.2105263157895
T349308,C1981038,JAIPUR,0.95,270.0,284.2105263157895
T624570,C4527935,THIRUVARUR DT,9.67,2746.0,283.97104446742503
T558734,C2928540,JABALPUR,10.9,3095.0,283.9449541284404
T170881,C6138786,DELHI,6.73,1910.0,283.8038632986627
T745247,C6012532,DELHI,53.3,15090.0,283.1144465290807
T329517,C7339770,FATEHABAD,0.53,150.0,283.0188679245283
T970532,C5539740,FATEHABAD,0.53,150.0,283.0188679245283
T375842,C3320546,ERNAKULAM,3.5,990.0,282.85714285714283
T285232,C1227059,RUPNAGAR,3.57,1008.63,282.5294117647059
T325669,C1587450,BHINMAL,1.77,500.0,282.4858757062147
T42828,C8336757,NOIDA,1.77,500.0,282.4858757062147
T450920,C3730191,BANGALORE,21.24,6000.0,282.4858757062147
T577589,C3811358,THANE,0.57,161.0,282.4561403508772
T144205,C1934681,YAMUNANAGAR,7.08,1999.0,282.3446327683616
T480111,C4331013,NEW DELHI,6.9,1948.0,282.3188405797101
T868703,C6026681,NEW DELHI,9.12,2573.0,282.12719298245617
T602723,C4842668,NEW DELHI,3.19,899.0,281.8181818181818
T93353,C4715730,NEW DELHI,446.93,125952.13,281.8162352046182
T552109,C8828630,PANIPAT,0.71,200.0,281.69014084507046
T257367,C3965792,GURGAON,0.6,169.0,281.6666666666667
T98788,C3828761,GURGAON,7.1,1999.0,281.5492957746479
T623921,C2227951,RANGAREDDI,69.27,19500.0,281.507145950628
T819013,C8639481,NAVI MUMBAI,2.72,764.8,281.17647058823525
T992892,C2431672,PUNE,2.59,727.28,280.8030888030888
T820013,C6625256,PARK MAHAPE NAVI MUMBAI,13.19,3702.0,280.66717210007585
T358890,C2333945,INDORE,10.71,3005.0,280.578898225957
T1039148,C6810667,MALDA,6.42,1800.0,280.3738317757009
T275063,C2016558,NILGIRIS,24.55,6883.0,280.36659877800406
T892595,C5139287,KARUR,0.61,171.0,280.327868852459
T889595,C6417317,DELHI,0.85,238.0,280.0
T968493,C8132951,BILASPUR,2.73,764.0,279.8534798534799
T102895,C2712639,PATAN,21.46,6000.0,279.58993476234855
T425897,C7742750,BAGALKOT,1.79,500.0,279.3296089385475
T533173,C5719461,DELHI,5.86,1636.0,279.1808873720136
T156505,C7936279,MORADABAD,13.05,3640.76,278.9854406130268
T541208,C1977613,JAIPUR,8.34,2326.45,278.95083932853714
T365567,C4781350,TALUK KANCHEEPURAM DIST,0.52,145.0,278.8461538461538
T997632,C4529230,GHAZIABAD,61.93,17263.0,278.750201840788
T402594,C6236538,KOLKATA,5.54,1544.0,278.7003610108303
T67691,C8931487,DELHI,0.61,170.0,278.6885245901639
T264963,C4018445,BANGALORE,1.59,443.0,278.6163522012578
T439212,C2621048,FARIDABAD,1.12,312.0,278.57142857142856
T554336,C1431772,NEW DELHI,3.1,863.0,278.38709677419354
T705965,C7434015,ASKAGANJAM,0.97,270.0,278.35051546391753
T313543,C5223714,GUNTUR,6.09,1695.0,278.32512315270935
T879283,C7020555,GURGAON,1.15,320.0,278.26086956521743
T956832,C7520515,GURGAON,1.15,320.0,278.26086956521743
T475711,C8314371,DEHRADUN,5.81,1615.0,277.96901893287435
T100882,C8613044,PRAKASAM DIST (AP),0.36,100.0,277.77777777777777
T104964,C8813069,PRAKASAM DIST (AP),0.36,100.0,277.77777777777777
T108042,C2813065,PRAKASAM DIST (AP),0.36,100.0,277.77777777777777
T213188,C8413078,PRAKASAM DIST (AP),0.36,100.0,277.77777777777777
T237538,C6313054,PRAKASAM DIST (AP),0.36,100.0,277.77777777777777
T318137,C7142745,TEHSIL-PUNE PUNE,0.36,100.0,277.77777777777777
T539373,C7413072,PRAKASAM DIST (AP),0.36,100.0,277.77777777777777
T565182,C6313053,PRAKASAM DIST (AP),0.36,100.0,277.77777777777777
T570495,C4613055,PRAKASAM DIST (AP),0.36,100.0,277.77777777777777
T571819,C8113013,PRAKASAM DIST (AP),0.36,100.0,277.77777777777777
T590653,C2613023,PRAKASAM DIST (AP),0.36,100.0,277.77777777777777
T641808,C4713068,PRAKASAM DIST (AP),0.36,100.0,277.77777777777777
T650201,C5013075,PRAKASAM DIST (AP),0.36,100.0,277.77777777777777
T682017,C6613025,PRAKASAM DIST (AP),0.36,100.0,277.77777777777777
T685943,C8013032,PRAKASAM DIST (AP),0.36,100.0,277.77777777777777
T696029,C1913079,PRAKASAM DIST (AP),0.36,100.0,277.77777777777777
T768167,C7937070,THANE,0.18,50.0,277.77777777777777
T770712,C3637051,THANE,0.18,50.0,277.77777777777777
T774054,C6937025,THANE,0.18,50.0,277.77777777777777
T774828,C1537058,THANE,0.18,50.0,277.77777777777777
T775897,C6437082,THANE,0.18,50.0,277.77777777777777
T788964,C8413022,PRAKASAM DIST (AP),0.36,100.0,277.77777777777777
T789870,C2013029,PRAKASAM DIST (AP),0.36,100.0,277.77777777777777
T794347,C7913062,PRAKASAM DIST (AP),0.36,100.0,277.77777777777777
T812664,C4613068,PRAKASAM DIST (AP),0.36,100.0,277.77777777777777
T814000,C1311840,VASHI  NAVI MUMBAI,2.88,800.0,277.77777777777777
T824947,C7213085,PRAKASAM DIST (AP),0.36,100.0,277.77777777777777
T829456,C5013090,PRAKASAM DIST (AP),0.36,100.0,277.77777777777777
T832305,C6313081,PRAKASAM DIST (AP),0.36,100.0,277.77777777777777
T841926,C4013025,PRAKASAM DIST (AP),0.36,100.0,277.77777777777777
T861845,C1313053,PRAKASAM DIST (AP),0.36,100.0,277.77777777777777
T901346,C1213056,PRAKASAM DIST (AP),0.36,100.0,277.77777777777777
T908904,C3435142,BANGALORE,5.4,1500.0,277.77777777777777
T968105,C3113074,PRAKASAM DIST (AP),0.36,100.0,277.77777777777777
T65952,C8711171,MUNGER,5.73,1591.0,277.6614310645724
T1020392,C8966319,NOIDA,2.92,810.0,277.3972602739726
T1021695,C4266328,NOIDA,2.92,810.0,277.3972602739726
T363922,C8927812,GURGAON,2.66,737.0,277.0676691729323
T735553,C3219746,DELHI,10.82,2996.0,276.89463955637706
T35857,C4022559,TRICHY,36.13,10000.0,276.7783005812344
T1011647,C6735367,BOISAR,1.72,476.0,276.74418604651163
T703050,C2122238,PATNA,5.29,1463.0,276.5595463137996
T940577,C4125357,MUMBAI,2.72,752.0,276.4705882352941
T859767,C4519424,ANDROTH,7.96,2200.0,276.3819095477387
T979463,C9027370,TEZPUR,21.46,5914.0,275.5824790307549
T1028954,C3242441,MUMBAI,0.65,179.0,275.38461538461536
T600085,C6086637,MUMBAI,3.38,930.0,275.14792899408286
T90319,C2576044,BANGALORE,7.27,2000.0,275.1031636863824
T928930,C8256339,NOIDA,9.19,2527.0,274.9727965179543
T710818,C7242786,BANGALORE,16.37,4500.0,274.8930971288943
T538115,C2241750,PUNE,38.54,10594.0,274.8832381940841
T866753,C4631741,DELHI,20.08,5517.0,274.75099601593627
T192605,C4223042,NOIDA,16.38,4500.0,274.72527472527474
T962955,C4324278,LUDHIANA,0.71,195.0,274.6478873239437
T26700,C1123774,PATHANKOT,11.98,3289.0,274.54090150250414
T766935,C7953566,MUMBAI,0.51,140.0,274.5098039215686
T53274,C5699469,TRICHY,0.82,225.0,274.39024390243907
T993865,C4031941,THANJAVUR DT,3.23,886.0,274.3034055727554
T312034,C8827947,RANGAREDDI,69.27,19000.0,274.289014003176
T544018,C8427952,RANGAREDDI,69.27,19000.0,274.289014003176
T236059,C8546256,KURUKSHETRA,2.63,721.0,274.1444866920152
T453495,C3922992,RANGA REDDY,3.65,1000.0,273.972602739726
T98911,C6541033,MUMBAI,2.13,583.5,273.943661971831
T205052,C2628158,NASHIK,13.33,3650.5,273.85596399099774
T573113,C7637951,NORTH 24 PARGANAS,1.68,460.0,273.8095238095238
T624693,C2840885,HYDERABAD,0.95,260.08,273.7684210526316
T973309,C2814383,CHANDIGARH,27.5,7525.0,273.6363636363636
T747168,C5124630,RAIGARH,2.54,694.99,273.61811023622045
T1032624,C4721811,INDORE,70.8,19369.0,273.57344632768365
T660902,C2019819,NEW DELHI,0.68,186.0,273.52941176470586
T477876,C3241860,SOUTH 24 PARGANS,0.85,232.31,273.3058823529412
T271484,C8517275,NEW DELHI,3.66,1000.0,273.22404371584696
T280771,C5317256,NEW DELHI,3.66,1000.0,273.22404371584696
T382489,C8817234,NEW DELHI,3.66,1000.0,273.22404371584696
T626249,C5617239,NEW DELHI,3.66,1000.0,273.22404371584696
T51696,C2912576,MUMBAI,4.32,1180.0,273.14814814814815
T905190,C6333580,CHENNAI,6.13,1673.0,272.92006525285484
T389575,C2425258,NEW DELHI,4.42,1206.0,272.85067873303166
T804933,C1528411,NEAR BATA MORE KOLKATA,0.11,30.0,272.72727272727275
T29975,C9013239,KOLKATA,7.32,1996.0,272.6775956284153
T621369,C3215958,AMRITSAR,0.73,199.0,272.6027397260274
T700111,C1390917,CHENNAI,1.42,387.0,272.53521126760563
T47916,C4624378,MANGALORE,2.46,670.0,272.3577235772358
T956482,C1524240,RANGA REDDY,7.16,1950.0,272.34636871508377
T148521,C6013078,PRAKASAM DIST (AP),0.36,98.0,272.22222222222223
T150142,C2013084,PRAKASAM DIST (AP),0.36,98.0,272.22222222222223
T432695,C7467525,LUCKNOW,14.11,3840.26,272.1658398299079
T300420,C2841038,CHENNAI,77.16,20997.0,272.1228615863142
T425966,C4319327,KANPUR,27.01,7350.0,272.12143650499814
T426157,C7019327,KANPUR,27.01,7350.0,272.12143650499814
T405235,C4520011,NEW DELHI,0.92,250.0,271.7391304347826
T522004,C7120064,NEW DELHI,0.92,250.0,271.7391304347826
T525849,C2320015,NEW DELHI,0.92,250.0,271.7391304347826
T655869,C1331556,RENIGUNTA,0.92,250.0,271.7391304347826
T652082,C3928950,THANE,9.58,2603.16,271.72860125260956
T252427,C8425225,NEW DELHI,4.42,1200.0,271.49321266968326
T633207,C6140174,NORTH 24 PARGANAS,5.34,1449.01,271.3501872659176
T804366,C7442546,DELHI,4.42,1199.0,271.2669683257919
T633084,C4976873,KUTCH,9.0,2440.0,271.1111111111111
T338041,C5640267,PATIALA,5.35,1450.0,271.0280373831776
T341871,C3540225,PATIALA,5.35,1450.0,271.0280373831776
T345461,C8240241,PATIALA,5.35,1450.0,271.0280373831776
T713739,C4121586,DELHI,1.38,374.0,271.0144927536232
T279520,C8380518,NEW DELHI,3.69,1000.0,271.00271002710025
T360246,C3425747,NEW DELHI,0.48,130.0,270.83333333333337
T1005887,C8825627,AHMEDABAD,110.96,30000.0,270.36770007209805
T562636,C6141481,DEHRADUN,1.48,400.0,270.27027027027026
T567913,C8641453,DEHRADUN,1.48,400.0,270.27027027027026
T741665,C3131628,PUNE,2.59,700.0,270.27027027027026
T953252,C7241423,DEHRADUN,1.48,400.0,270.27027027027026
T779734,C8328716,NOIDA,45.66,12339.97,270.2577748576435
T776387,C2785757,JALANDHAR,7.4,1999.0,270.1351351351351
T655258,C3929142,KASARAGOD,8.69,2347.0,270.0805523590334
T626776,C6227970,RANGAREDDI,69.27,18700.0,269.9581348347048
T402511,C2836070,NEW DELHI,40.87,11028.0,269.83117200880844
T955398,C3423014,REWARI,11.13,3000.0,269.54177897574124
T575148,C5723122,BANGALORE,0.78,210.0,269.2307692307692
T89758,C6631921,NELLORE,126.35,34000.0,269.0937870993273
T128209,C4461116,NEW DELHI,1.84,495.0,269.02173913043475
T297497,C4425575,CANDOLIM BARDEZ,12.97,3489.0,269.0053970701619
T815520,C5733684,MUMBAI,6.74,1813.0,268.99109792284867
T991783,C7434224,RAE BARELI,2.64,710.0,268.93939393939394
T580996,C1066455,NEW DELHI,905.55,243160.0,268.52189277234834
T576163,C5131890,8TH PHASE JP NAGAR BANGALORE,23.83,6397.0,268.44313890054553
T685281,C3431684,PUNE,2.59,694.0,267.95366795366795
T651458,C1690150,PANCHKULA,14.01,3754.0,267.95146324054247
T615345,C7512269,PANVEL,3.74,1002.0,267.91443850267376
T892439,C5719431,KANYAKUMARI DIST,26.13,7000.0,267.8913126674321
T933695,C6340117,LUCKNOW,1.68,450.0,267.8571428571429
T416972,C7116126,PANCHKULA,1.12,300.0,267.85714285714283
T579611,C8630052,MUMBAI,0.56,150.0,267.85714285714283
T52972,C1638666,PARK MAHAPE NAVI MUMBAI,2.26,605.0,267.69911504424783
T554595,C4928757,NEW DELHI,2.43,650.28,267.6049382716049
T43616,C2118932,BANGALORE,2.99,800.0,267.5585284280936
T983669,C5221017,NEW DELHI,0.43,115.0,267.4418604651163
T146752,C7082567,GURGAON,1.87,500.0,267.379679144385
T208456,C6912272,PANVEL,3.74,1000.0,267.379679144385
T749962,C7823874,DELHI,3.74,1000.0,267.379679144385
T713305,C4923381,AHMEDABAD,14.73,3929.0,266.73455532926
T190634,C1910778,PUNE,0.45,120.0,266.6666666666667
T192772,C7510776,PUNE,0.45,120.0,266.6666666666667
T192785,C2710749,PUNE,0.45,120.0,266.6666666666667
T217318,C4213062,PRAKASAM DIST (AP),0.36,96.0,266.6666666666667
T332561,C1027956,VARANASI,0.75,200.0,266.6666666666667
T525551,C1410770,PUNE,0.45,120.0,266.6666666666667
T82784,C8132282,NELLORE,0.9,240.0,266.6666666666667
T95503,C5827128,PATHANKOT [PB],0.75,200.0,266.6666666666667
T817280,C2714685,GURGAON,2.66,709.0,266.5413533834586
T6583,C3722380,HYDERABAD,375.36,100000.0,266.41091219096336
T683517,C3532043,MUMBAI,2.59,690.0,266.4092664092664
T935255,C5229481,KATTUNGA,11.09,2952.0,266.18575293056807
T897200,C8536467,COIMBATORE,0.94,250.0,265.95744680851067
T853279,C5716160,MUMBAI,11.12,2956.0,265.8273381294964
T97034,C5912529,MUMBAI,4.32,1147.51,265.6273148148148
T942659,C7710370,ROAD FARIDABAD,0.64,170.0,265.625
T296886,C3340381,NEW DELHI,1.13,300.0,265.4867256637168
T317431,C2024050,BANGALORE,75.37,20000.0,265.35756932466495
T869784,C5423730,PATHANKOT,11.98,3177.3,265.2170283806344
T526562,C8627738,NEW DELHI,35.82,9490.0,264.9357900614182
T277564,C4115089,MUMBAI,4.36,1155.0,264.9082568807339
T186358,C1250638,CHENNAI,0.34,90.0,264.70588235294116
T203079,C1950619,CHENNAI,0.34,90.0,264.70588235294116
T213750,C7950679,CHENNAI,0.34,90.0,264.70588235294116
T230523,C8250612,CHENNAI,0.34,90.0,264.70588235294116
T285806,C4350687,CHENNAI,0.34,90.0,264.70588235294116
T37656,C7341463,DELHI,12.09,3200.0,264.68155500413565
T198977,C2719860,NOIDA,0.82,217.0,264.6341463414634
T767542,C1533557,CHENNAI,6.13,1620.0,264.2740619902121
T558126,C7632714,MUMBAI,27.48,7257.0,264.0829694323144
T582503,C1816735,CHENNAI,0.89,235.0,264.0449438202247
T869685,C3014183,KOLKATA,15.55,4105.0,263.9871382636656
T316557,C1944257,KOLKATA,66.34,17501.0,263.8076575218571
T788765,C4919445,ANDROTH,7.96,2098.0,263.5678391959799
T248916,C2811442,AURANGABAD,11.99,3157.9,263.37781484570473
T273385,C7419836,MUMBAI,1.9,500.0,263.15789473684214
T375610,C8253414,MEERUT,4.56,1200.0,263.15789473684214
T390221,C2119827,MUMBAI,1.9,500.0,263.15789473684214
T398096,C8329153,DELHI,0.84,221.0,263.09523809523813
T876851,C5736535,DELHI,7.99,2102.0,263.07884856070086
T470347,C3913772,MUMBAI,1.0,263.0,263.0
T108561,C8079541,MUMBAI,4.64,1220.0,262.93103448275866
T196918,C6838876,DELHI,0.35,92.0,262.8571428571429
T543251,C1636277,DELHI,3.88,1019.0,262.62886597938143
T160566,C7111432,GURGAON,1.65,433.32,262.6181818181818
T897955,C8773344,HOJAI,6.6,1732.3,262.469696969697
T428753,C7133530,SOUTH BANGALORE,22.93,6010.0,262.10204971652854
T396278,C7671668,HYDERABAD,19.08,5000.0,262.0545073375262
T361342,C2230311,PUNE,1.93,505.0,261.6580310880829
T408605,C8439464,DELHI,1.3,340.0,261.53846153846155
T917540,C3627779,NEW DELHI,35.82,9368.0,261.52987158012286
T201933,C4393160,KENDRAPARA,2.9,758.35,261.5
T168005,C5676070,BANGALORE,7.27,1900.0,261.3480055020633
T582562,C2918036,BANGALORE,3.12,815.0,261.21794871794873
T1003227,C3031221,MOHALI,114.92,30000.0,261.0511660285416
T111080,C9039084,SIVASAGAR,5.15,1344.0,260.97087378640776
T218986,C6027847,NAVI MUMBAI,19.74,5150.0,260.89159067882474
T894632,C5733791,DELHI,5.46,1423.52,260.71794871794873
T104936,C2345913,HYDERABAD,1190.02,310002.83,260.5022016436699
T358471,C8362064,PUNE,3.5,911.7,260.4857142857143
T584022,C3017645,BANGALORE,5.09,1325.0,260.31434184675834
T980026,C6142874,BENGALURU,16.01,4167.0,260.27482823235476
T852579,C3832666,GUWAHATI,2.19,570.0,260.2739726027397
T519209,C3713374,GREATER NOIDA,3.46,900.0,260.1156069364162
T781851,C2823755,PATHANKOT,11.98,3115.0,260.016694490818
T115330,C2016958,DEORIA,0.25,65.0,260.0
T859788,C4216954,DEORIA,0.25,65.0,260.0
T892771,C8945679,PUNE,3.54,920.0,259.88700564971754
T939617,C1845667,PUNE,3.54,920.0,259.88700564971754
T188419,C1627962,RANGAREDDI,69.27,18000.0,259.852750108272
T757898,C3938847,HYDERABAD,3.85,1000.0,259.7402597402597
T365739,C2057275,BANGALORE,6.43,1669.99,259.7185069984448
T198396,C4125713,WAYANAD,0.99,257.0,259.5959595959596
T8086,C7324185,ERNAKULAM,18.78,4873.0,259.47816826411076
T393848,C6228537,EAST GODAVARI,4.66,1208.0,259.2274678111588
T395789,C4428522,EAST GODAVARI,4.66,1208.0,259.2274678111588
T780099,C7310681,KURNOOL,7.79,2018.0,259.0500641848524
T618048,C2445671,PUNE,3.54,917.0,259.03954802259886
T819803,C1237158,CHENNAI,32.81,8499.0,259.0368790003048
T825908,C6437187,CHENNAI,32.81,8499.0,259.0368790003048
T1012270,C2831270,GUNTUR,0.61,158.0,259.016393442623
T86246,C8215650,BANGALORE,5.96,1543.0,258.89261744966444
T442792,C6323245,GAUTAM BUDDHA NAGAR,0.29,75.0,258.62068965517244
T970973,C2241121,CHENNAI,0.58,150.0,258.62068965517244
T996874,C7111360,THANE,0.29,75.0,258.62068965517244
T957031,C2331984,DELHI,1.28,331.0,258.59375
T380964,C1114853,NEW DELHI,1.47,380.0,258.5034013605442
T217735,C2627851,NAVI MUMBAI,19.74,5100.0,258.3586626139818
T117087,C5137950,DELHI,23.98,6195.0,258.3402835696414
T561976,C8635234,COIMBATORE,14.94,3858.0,258.2329317269076
T780172,C8920231,JALANDHAR,5.81,1500.0,258.1755593803787
T571801,C7839968,BANGALORE,50.37,13000.0,258.09013301568393
T130280,C5335659,BANGALORE,0.31,80.0,258.06451612903226
T837474,C7019159,PURI,10.5,2708.0,257.9047619047619
T651188,C4028244,PUNE,0.38,98.0,257.89473684210526
T74624,C7838418,GHAZIABAD,3.88,1000.0,257.7319587628866
T714817,C2911171,PANIPAT,5.0,1288.0,257.6
T522324,C8829958,THANE WEST,1.0,257.47,257.47
T678583,C1623213,NEW DELHI,33.22,8549.0,257.3449729078868
T356792,C5019937,GURGAON,28.43,7313.0,257.2282799859304
T419424,C8960022,FARIDABAD,0.63,162.0,257.14285714285717
T830411,C3838132,DELHI,3.85,990.0,257.1428571428571
T789193,C3538985,MUSCAT,16.26,4179.0,257.0110701107011
T152546,C2511786,PANVEL,2.84,729.0,256.69014084507046
T263853,C8518878,NAVI MUMBAI,1.91,490.0,256.5445026178011
T184790,C1239753,MALAPPURAM,3.68,944.0,256.52173913043475
T812402,C6523154,BANGALORE,0.78,200.0,256.4102564102564
T996415,C7239217,DEHRADUN,0.39,100.0,256.4102564102564
T84659,C2454192,GOHANA,0.48,123.0,256.25
T364115,C1615823,NEW DELHI,44.9,11500.0,256.1247216035635
T307542,C7631917,THANJAVUR DT,3.23,827.0,256.0371517027864
T867768,C6939816,THANE,0.86,220.0,255.8139534883721
T649932,C5940227,CHENNAI,3.82,977.0,255.75916230366494
T82104,C6032224,NELLORE,0.9,230.0,255.55555555555554
T677337,C5738325,DELHI,10.72,2739.0,255.50373134328356
T374531,C2870113,JODHPUR,0.47,120.0,255.31914893617022
T589544,C8829264,CHENNAI,0.94,240.0,255.31914893617022
T779057,C7640630,DELHI,0.98,250.0,255.10204081632654
T162423,C4439427,HYDERABAD,1.66,423.0,254.81927710843374
T234988,C3510223,MUMBAI,4.93,1255.0,254.56389452332658
T284783,C1135889,JALANDHAR,1.54,392.0,254.54545454545453
T987488,C5741952,THANE,16.11,4099.79,254.4872749844817
T645087,C8634390,GURGAON,3.93,1000.0,254.45292620865138
T182654,C8124955,NO 3 KALYANI NAGAR PUNE,1.73,440.0,254.33526011560693
T163744,C1818243,GUNTUR,98.39,25000.0,254.09086289257039
T721889,C6741652,LUCKNOW,12.3,3124.0,253.98373983739836
T910295,C8335060,GHAZIABAD,4.52,1148.0,253.98230088495578
T55368,C2735825,CHENNAI,14.45,3670.0,253.97923875432528
T621851,C1060032,FARIDABAD,0.63,160.0,253.96825396825398
T291627,C1934256,GANDHIDHAM,4.81,1221.28,253.90436590436593
T240678,C3550457,ERNAKULAM,27.58,7000.0,253.80710659898477
T53448,C7320364,DELHI,12.14,3080.0,253.70675453047775
T46939,C1919651,KOLKATA,11.05,2802.74,253.64162895927598
T962141,C3238982,BAREILLY,27.6,7000.0,253.6231884057971
T299265,C7618874,NAVI MUMBAI,1.91,484.4,253.61256544502618
T60011,C4634225,HYDERABAD,28.07,7118.0,253.58033487709298
T291643,C8013086,BANGALORE,36.33,9200.0,253.23424167354804
T778661,C4738416,PATNA,7.91,2000.0,252.84450063211125
T802591,C8429477,KATTUNGA,11.09,2804.0,252.8403967538323
T983535,C8428371,THANE,9.29,2348.0,252.74488697524222
T622087,C9026451,NEW DELHI,395.73,100000.0,252.69754630682536
T515898,C6427963,RANGAREDDI,69.27,17500.0,252.63461816082
T160303,C3825772,WAYANAD,0.99,250.0,252.52525252525254
T668135,C4956077,NEW DELHI,65.69,16563.0,252.13883391688233
T254059,C3218422,RANGA REDDY,1.19,300.0,252.10084033613447
T918120,C3924726,KUSHI NAGAR,1.19,300.0,252.10084033613447
T253089,C8411462,HYDERABAD,19.05,4800.0,251.96850393700785
T427411,C6036266,DELHI,3.88,977.0,251.80412371134022
T203334,C4777665,JAIPUR,8.34,2100.0,251.79856115107913
T733300,C4522030,GHAZIABAD,1.43,360.0,251.74825174825176
T516894,C9010638,BANGALORE,4.35,1095.0,251.7241379310345
T446128,C2215588,HOWRAH,1.59,400.0,251.57232704402514
T752620,C6912785,AHMEDABAD,8.36,2100.0,251.19617224880383
T377457,C5119486,NEW DELHI,179.25,45000.0,251.0460251046025
T362384,C1992760,GURGAON,42.21,10594.0,250.98317934138828
T917717,C4413351,BANGALORE,7.84,1966.0,250.76530612244898
T457688,C1537750,MUMBAI,15.5,3883.0,250.51612903225808
T870581,C8391592,MUMBAI,4.44,1112.28,250.5135135135135
T453761,C7915971,GHAZIABAD,5.99,1500.0,250.41736227045075
T789595,C1528918,PUNE,115.73,28958.0,250.22034044759351
T792813,C5528923,PUNE,115.73,28958.0,250.22034044759351
T630623,C2216867,ERNAKULAM,4.91,1228.0,250.10183299389
T285753,C4711792,GURGAON,1.14,285.0,250.00000000000003
T112484,C3342137,NEW DELHI,0.4,100.0,250.0
T270716,C8327212,AMRITSAR,1.2,300.0,250.0
T288987,C7435168,CHENNAI,0.04,10.0,250.0
T520210,C1322052,NEW DELHI,0.6,150.0,250.0
T524491,C7334474,ZIRAKPUR,0.78,195.0,250.0
T536349,C5434415,ZIRAKPUR,0.78,195.0,250.0
T539750,C1927278,AMRITSAR,1.2,300.0,250.0
T601925,C8216577,BHUBANESHWAR,0.88,220.0,250.0
T622134,C7429278,DELHI,0.08,20.0,250.0
T7419,C7831445,BANGALORE,0.04,10.0,250.0
T801805,C5349218,MIDNAPORE,0.2,50.0,250.0
T805075,C7749268,MIDNAPORE,0.2,50.0,250.0
T863623,C6332620,PUNE,0.8,200.0,250.0
T70007,C6733188,BARDHAMAN,0.28,70.0,249.99999999999997
T660461,C7626190,PUNE,82.58,20644.0,249.98789053039476
T782142,C4323733,PATHANKOT,11.98,2988.0,249.41569282136894
T742617,C3412580,MUMBAI,4.32,1076.0,249.07407407407405
T916012,C2015129,LUDHIANA,10.87,2705.0,248.85004599816008
T55256,C8657241,BANGALORE,6.43,1600.0,248.83359253499225
T561924,C1814436,ESTATE ALAPKKAM CHENNAI,88.44,22000.0,248.75621890547265
T513755,C4231179,PATIALA,1.97,490.0,248.73096446700507
T288151,C1931653,PUNE,2.59,644.0,248.64864864864867
T490852,C3021544,CHENNAI,91.7,22792.0,248.54961832061068
T273884,C4317265,NEW DELHI,3.66,909.0,248.36065573770492
T779201,C4938750,HYDERABAD,2.01,499.0,248.2587064676617
T513154,C1297416,GURGAON,4.09,1015.0,248.16625916870416
T575331,C4239951,BANGALORE,50.37,12500.0,248.16358943815766
T196137,C6713726,LUCKNOW,0.5,124.0,248.0
T101877,C1026412,CHENNAI,1.23,305.0,247.96747967479675
T102823,C2326453,CHENNAI,1.23,305.0,247.96747967479675
T425317,C3856778,GREATER NOIDA,9.28,2300.0,247.84482758620692
T55054,C2220142,BANGALORE,463.03,114700.0,247.71613070427404
T390903,C7642774,GARHSHANKAR,13.01,3222.0,247.65564950038433
T827687,C8742837,EAST MUMBAI,5.66,1400.0,247.34982332155477
T971383,C5285576,HYDERABAD,5.56,1373.2,246.97841726618708
T755343,C8014620,MUMBAI,17.67,4363.79,246.96038483305034
T219292,C2680511,DELHI,2.45,605.0,246.93877551020407
T611772,C9035160,GUWAHATI,0.81,200.0,246.91358024691357
T903532,C8353922,DELHI,0.81,200.0,246.91358024691357
T413574,C8716733,KRISHNA,0.41,101.0,246.34146341463415
T524657,C6116732,KRISHNA,0.41,101.0,246.34146341463415
T129485,C6020145,FARIDKOT,5.7,1404.0,246.3157894736842
T3684,C6135947,KAPURTHALA,2.03,500.0,246.30541871921184
T602156,C5635927,KAPURTHALA,2.03,500.0,246.30541871921184
T497743,C2929158,PUNE,5.36,1320.0,246.2686567164179
T354857,C6198911,PATNA,162.51,40000.0,246.13869915697498
T1007167,C1031956,THANJAVUR DT,3.23,795.0,246.13003095975233
T255308,C8624737,SOLAN,57.53,14158.0,246.09768816269772
T210132,C8618561,THANE,0.61,150.0,245.9016393442623
T323398,C8718042,ALIGARH,1.22,300.0,245.9016393442623
T564489,C9018058,ALIGARH,1.22,300.0,245.9016393442623
T827622,C3918514,THANE,0.61,150.0,245.9016393442623
T613101,C4139752,KASHIPUR,1.92,472.0,245.83333333333334
T340275,C5911732,MOHALI,1.73,425.0,245.66473988439307
T51184,C1720626,HOSHANGABAD,5.96,1463.0,245.46979865771812
T402710,C8427948,RANGAREDDI,69.27,17000.0,245.416486213368
T78553,C5527918,RANGAREDDI,69.27,17000.0,245.416486213368
T129931,C6536134,PATHANAMTHITTA,1.63,400.0,245.39877300613497
T298584,C2314957,MUMBAI,54.14,13280.0,245.28998891762097
T300893,C5814936,MUMBAI,54.14,13280.0,245.28998891762097
T118190,C3829962,THANE WEST,1.0,245.0,245.0
T975655,C5423778,DELHI,1.09,267.0,244.95412844036696
T386221,C5529163,DELHI,5.48,1342.0,244.8905109489051
T1006479,C6036227,DELHI,3.88,950.0,244.84536082474227
T781938,C1410360,MUMBAI,34.68,8490.03,244.810553633218
T998364,C7432624,BEHROR,0.47,115.0,244.6808510638298
T302437,C1732192,KOTTAYAM,4.7,1150.0,244.68085106382978
T884663,C1524738,KUSHI NAGAR,1.19,291.0,244.53781512605042
T732462,C7697453,GURGAON,4.09,1000.0,244.49877750611248
T93732,C3529142,CHENNAI,0.09,22.0,244.44444444444446
T216602,C4839056,SIVASAGAR,5.15,1258.0,244.27184466019415
T302318,C3542182,BANGALORE,7.48,1827.0,244.25133689839572
T476927,C8828452,AMRITSAR,4.73,1155.0,244.1860465116279
T65034,C4821874,CHENNAI,1.52,371.07,244.125
T956809,C1237446,NAVI MUMBAI,4.92,1200.0,243.90243902439025
T21437,C3334938,NORTH 24 PARGANAS,1.46,356.0,243.83561643835617
T716870,C8630339,GURGAON,71.45,17421.0,243.82085374387682
T798208,C8114423,BHUBANESWAR,9.47,2308.0,243.7170010559662
T193699,C7924842,BARMER,7.63,1859.0,243.64351245085192
T114409,C2830119,BAHADURGARH,48.65,11850.0,243.57656731757453
T142938,C1919991,CHENNAI,3.03,738.0,243.5643564356436
T469434,C7630836,NEW DELHI,3.28,798.0,243.2926829268293
T470438,C4030842,NEW DELHI,3.28,798.0,243.2926829268293
T473256,C4230889,NEW DELHI,3.28,798.0,243.2926829268293
T479843,C5030811,NEW DELHI,3.28,798.0,243.2926829268293
T480456,C2430864,NEW DELHI,3.28,798.0,243.2926829268293
T483478,C6630833,NEW DELHI,3.28,798.0,243.2926829268293
T876283,C7529839,MUMBAI,0.65,158.0,243.07692307692307
T176595,C1811841,VASHI  NAVI MUMBAI,2.88,700.0,243.05555555555557
T831629,C1511848,VASHI  NAVI MUMBAI,2.88,700.0,243.05555555555557
T626636,C6230914,WARANGAL,11.78,2860.0,242.78438030560272
T344404,C2874822,RAJAHMUNDRY,41.19,10000.0,242.77737314882253
T972469,C3423516,TEZPUR,2.48,602.0,242.74193548387098
T888224,C8734564,INDORE,2.39,580.0,242.67782426778243
T360541,C1862581,THANE,14.02,3400.0,242.51069900142653
T837694,C2027088,MUMBAI,0.4,97.0,242.5
T170110,C4141856,BALKUM THANE THANE,3.09,749.18,242.45307443365695
T555450,C4427852,MUMBAI,7.72,1870.34,242.2720207253886
T542969,C2634012,NEW DELHI,2.06,499.0,242.23300970873785
T447460,C6132058,PUNE,2.02,489.0,242.07920792079207
T902501,C1510075,NAVI MUMBAI,13.18,3190.51,242.07207890743553
T1018573,C7628818,KOLKATA,2.81,680.0,241.99288256227757
T374527,C3840832,BANGALORE,3.64,880.0,241.75824175824175
T259860,C3399813,NEW DELHI,3.47,838.0,241.49855907780977
T389696,C5236484,COIMBATORE,0.94,227.0,241.48936170212767
T390370,C8636458,COIMBATORE,0.94,227.0,241.48936170212767
T390828,C5336416,COIMBATORE,0.94,227.0,241.48936170212767
T439052,C8934319,JODHPUR,0.58,140.0,241.37931034482762
T571301,C5623220,GAUTAM BUDDHA NAGAR,0.29,70.0,241.37931034482762
T319014,C4198141,ROPAR,8.29,2000.0,241.25452352231608
T754852,C4013320,CHENNAI,3.77,909.0,241.11405835543766
T428957,C2836728,CHENNAI,0.83,200.0,240.96385542168676
T991366,C1517763,BALLIA,0.83,200.0,240.96385542168676
T95547,C1236642,KANNUR,0.93,224.0,240.86021505376343
T771639,C1735281,CHENNAI,9.17,2201.64,240.0916030534351
T146268,C6429953,THANE WEST,1.0,240.0,240.0
T156644,C1123038,DELHI,2.5,600.0,240.0
T17121,C6823356,SIRSA,0.15,36.0,240.0
T394330,C8920563,CHENGANNUR,0.75,180.0,240.0
T124227,C3926650,BENGALURU,4.17,1000.0,239.80815347721824
T944630,C4326624,BENGALURU,4.17,1000.0,239.80815347721824
T216595,C6716167,DHEMAJI,12.29,2947.0,239.7884458909683
T905292,C4335343,CHENNAI,40.48,9700.0,239.62450592885378
T282996,C4033947,BANGALORE,7.93,1899.0,239.4703656998739
T29827,C5753737,DELHI,26.36,6312.0,239.453717754173
T712756,C2829251,CHENNAI,0.94,225.0,239.36170212765958
T964446,C7716030,DERA BASSI,7.94,1900.0,239.2947103274559
T841762,C1630718,DELHI,8.36,2000.0,239.23444976076556
T52219,C7129339,KANPUR NAGAR,3.47,830.0,239.19308357348703
T84861,C6837287,KOLKATA,0.82,196.0,239.02439024390245
T132276,C4531671,SHAHJAHANPUR,2.93,700.0,238.90784982935153
T466460,C4021519,NAVI MUMBAI,5.8,1385.5,238.8793103448276
T118620,C7699412,HAPUR,8.65,2066.0,238.84393063583815
T47256,C4923064,KOLLAM PERUMPUZHA,10.47,2500.0,238.77745940783188
T977869,C3520523,CHENGANNUR,0.75,179.0,238.66666666666666
T107800,C2429713,GURGAON,5.44,1298.0,238.60294117647058
T1044549,C6831989,DELHI,1.28,305.18,238.421875
T961020,C4231938,DELHI,1.28,305.18,238.421875
T998144,C8889521,DEWAS,8.39,1999.0,238.25983313468413
T113391,C1038512,JALANDHAR,1.26,300.0,238.0952380952381
T18007,C6634163,HYDERABAD,0.21,50.0,238.0952380952381
T440920,C7916431,BANASKANTHA,0.5,119.0,238.0
T558695,C1123272,GAUTAM BUDDHA NAGAR,0.29,69.0,237.93103448275863
T729873,C1836461,PATHANAMTHITTA,2.94,699.0,237.75510204081633
T126709,C3731418,DELHI,0.61,145.0,237.70491803278688
T258186,C3224757,SOLAN,57.53,13674.03,237.6852077177125
T75727,C8923358,AHMEDABAD,14.73,3500.0,237.61031907671418
T437465,C7863644,TIRUPATI,421.08,100000.0,237.4845635033723
T111306,C1022124,SILCHAR,4.42,1049.0,237.33031674208146
T158299,C4839246,HAPUR,2.44,579.0,237.29508196721312
T902774,C6718212,MEERUT,0.59,140.0,237.28813559322035
T780524,C7923778,PATHANKOT,11.98,2842.0,237.228714524207
T122610,C3711625,JAIPUR,14.15,3356.5,237.20848056537102
T231907,C5929738,GURGAON,5.44,1290.0,237.13235294117646
T316516,C5834382,MUMBAI,12.23,2900.0,237.12183156173344
T583414,C4523368,AHMEDNAGAR,2.11,500.0,236.96682464454977
T775893,C1033188,DELHI,2.11,500.0,236.96682464454977
T673387,C8715314,NAGPUR,12.81,3035.0,236.92427790788446
T157860,C4418885,BHIWANDI,21.35,5057.5,236.88524590163934
T328830,C6890024,BOISAR THANE,8.47,2005.0,236.7178276269185
T285113,C1223780,PATHANKOT,11.98,2833.56,236.52420701168614
T363513,C6221952,THANE,2.79,659.6,236.415770609319
T10901,C8514753,NEW DELHI,11.04,2610.0,236.41304347826087
T318397,C1823744,KOLKATA,2.28,539.0,236.40350877192984
T439972,C4557213,BANGALORE,6.43,1519.0,236.23639191290826
T95938,C2639459,HYDERABAD,1.66,392.0,236.14457831325302
T254024,C7012947,FARIDABAD,24.41,5764.0,236.1327324866858
T56877,C1621280,BANGALORE,29.33,6922.0,236.0040913740198
T293849,C2718544,PUNE,0.89,210.0,235.95505617977528
T131332,C3925533,CANDOLIM BARDEZ,12.97,3060.0,235.929067077872
T729188,C7116921,DELHI,0.53,125.0,235.84905660377356
T97746,C4798854,BANGALORE,3.58,844.0,235.75418994413408
T372177,C1734971,DELHI,9.35,2204.0,235.72192513368984
T385059,C1423234,NEW DELHI,33.22,7830.0,235.70138470800723
T815567,C5038580,DELHI,42.22,9950.0,235.67029843675982
T242505,C3936789,BANGALORE,212.2,50000.0,235.62676720075402
T245464,C8336751,BANGALORE,212.2,50000.0,235.62676720075402
T944305,C4826472,MUMBAI,8.3,1954.85,235.52409638554215
T382450,C6122856,SHILLLONG,25.45,5992.0,235.44204322200395
T539933,C6511351,DUBAI,6.97,1641.0,235.43758967001435
T426257,C4542437,MUMBAI,0.65,153.0,235.3846153846154
T749548,C4727142,NEW DELHI,0.85,200.0,235.29411764705884
T464894,C4642931,ROAD PUNE,0.17,40.0,235.2941176470588
T592892,C7539621,GURGAON,0.68,160.0,235.2941176470588
T175819,C6034066,BHUJ,95.68,22500.0,235.15886287625418
T176587,C7934087,BHUJ,95.68,22500.0,235.15886287625418
T177225,C7134078,BHUJ,95.68,22500.0,235.15886287625418
T1011347,C5023892,NOIDA,1.65,388.0,235.15151515151516
T46057,C8699230,THIRUVARUR,3.24,761.5,235.03086419753086
T336505,C5723566,NOIDA,1.4,329.0,235.00000000000003
T838569,C8830325,MUMBAI,0.8,188.0,235.0
T414695,C4634260,CEAT TYRE MUMBAI,8.07,1896.0,234.9442379182156
T709489,C2539713,NEW DELHI,0.83,195.0,234.93975903614458
T313892,C2015466,DELHI,2.72,638.9,234.88970588235293
T236997,C7128158,BAREILLY,2.64,620.0,234.84848484848484
T239807,C8928133,BAREILLY,2.64,620.0,234.84848484848484
T241179,C8728150,BAREILLY,2.64,620.0,234.84848484848484
T1029895,C5341111,GUWAHATI,1.81,425.0,234.80662983425412
T246198,C6931590,NOIDA,0.23,54.0,234.78260869565216
T957282,C8141559,NEW DELHI,8.1,1900.0,234.5679012345679
T1003667,C1034960,DELHI,9.35,2190.0,234.2245989304813
T250548,C5821428,CHANDIGARH,4.9,1146.0,233.87755102040813
T335905,C2538738,NEW DELHI,171.11,40000.0,233.76775173864763
T143321,C7437662,JAMSHEDPUR,15.51,3625.0,233.72018052869117
T647141,C8928840,PUNE,36.37,8500.0,233.70910090734122
T97339,C3317271,NEW DELHI,3.66,855.0,233.60655737704917
T256167,C8023617,CHENNAI,0.9,210.0,233.33333333333331
T681823,C2532266,KURNOOL,1.8,420.0,233.33333333333331
T630181,C1135257,PALACE SILCHAR,141.78,33077.0,233.2980674284102
T636996,C5735249,PALACE SILCHAR,141.78,33077.0,233.2980674284102
T131973,C8310516,THANE,0.91,212.0,232.96703296703296
T481639,C3724130,MUMBAI,2.08,484.4,232.88461538461536
T609113,C8132422,DELHI,49.18,11450.0,232.81821878812525
T1018058,C4512452,NORTH 24 PARGANAS,1.16,270.0,232.75862068965517
T114091,C1721745,GURGAON,2.15,500.0,232.55813953488374
T239739,C5921072,NEW DELHI,0.43,100.0,232.55813953488374
T637719,C8833336,GURGAON,0.86,200.0,232.55813953488374
T384454,C6844532,HYDERABAD,3.38,786.0,232.54437869822485
T151890,C6225432,DELHI,0.83,193.0,232.53012048192772
T51816,C5515344,MUMBAI,6.83,1588.0,232.50366032210835
T10437,C3331662,PUNE,2.59,602.0,232.43243243243245
T1010833,C6728428,AMRITSAR,4.73,1098.0,232.1353065539112
T199724,C3790984,CHENNAI,1.42,329.5,232.04225352112678
T730435,C7117680,KOLKATA,0.25,58.0,232.0
T999869,C5236254,DELHI,3.88,899.0,231.70103092783506
T1021778,C5116469,PUNE,86.93,20140.0,231.68066260209363
T123560,C6632060,MUMBAI,2.59,600.0,231.66023166023166
T483951,C2018073,BANGALORE,3.12,722.75,231.65064102564102
T260433,C3031630,NEW DELHI,45.19,10466.0,231.59991148484178
T782720,C3773312,HOJAI,6.6,1528.5,231.5909090909091
T849749,C5629839,CHENNAI,2.57,595.0,231.51750972762648
T347231,C3824936,NO 3 KALYANI NAGAR PUNE,1.73,400.0,231.21387283236996
T354157,C8724938,NO 3 KALYANI NAGAR PUNE,1.73,400.0,231.21387283236996
T654326,C3219546,CHENNAI,5.15,1190.0,231.06796116504853
T56802,C6314128,COIMBATORE,17.32,4000.0,230.94688221709006
T762315,C3421531,NAVI MUMBAI,5.8,1339.4,230.93103448275863
T13062,C6510470,GURGAON,0.52,120.0,230.76923076923077
T464995,C2527977,BAWAL,0.65,150.0,230.76923076923077
T853779,C8719758,JAIPUR,0.65,150.0,230.76923076923077
T857906,C2619769,JAIPUR,0.65,150.0,230.76923076923077
T378156,C8546278,KURUKSHETRA,2.63,606.9,230.76045627376425
T346577,C2930474,NOIDA,135.59,31271.17,230.63035622096024
T580772,C1531462,PUNE,8.74,2015.0,230.54919908466817
T692171,C5139818,BANGALORE,7.81,1800.0,230.47375160051217
T82652,C8922056,SIKAR,4.24,977.0,230.42452830188677
T145452,C1023143,GURGAON,8.88,2046.0,230.4054054054054
T173073,C4139840,THANE,0.86,198.0,230.2325581395349
T129030,C1536147,PATHANAMTHITTA,1.63,375.0,230.06134969325154
T12475,C2829491,BATHINDA,2.87,660.0,229.96515679442507
T779446,C8218452,BEGUSARAI,8.7,2000.0,229.8850574712644
T40246,C2435555,HUBLI,0.87,200.0,229.88505747126436
T747498,C6929848,BANGALORE,14.54,3340.0,229.7111416781293
T708737,C6042854,EAST MUMBAI,5.66,1300.0,229.68197879858656
T161204,C8214929,DARBHANGA,2.09,480.0,229.66507177033495
T174975,C4230759,VARANASI,1.18,271.0,229.66101694915255
T1036998,C2623083,BARIATU ROAD RANCHI RANCHI,14.81,3400.0,229.57461174881837
T343812,C2440658,GUWAHATI,17.42,3999.0,229.56371986222732
T627477,C2429353,CUTTACK,1.59,365.0,229.55974842767296
T701587,C8418073,ALIGARH,1.22,280.0,229.5081967213115
T684231,C8711787,MOHALI,1.73,397.0,229.47976878612718
T37558,C6538255,PRATAPGARH,0.17,39.0,229.41176470588235
T106785,C2321246,CHENNAI,8.72,2000.0,229.3577981651376
T20162,C2423763,GURGAON,6.54,1500.0,229.3577981651376
T389920,C1316121,BURDWAN,25.09,5754.0,229.33439617377442
T718269,C3434389,JODHPUR,0.58,133.0,229.31034482758622
T267062,C2031561,SHIMLA,23.56,5400.0,229.20203735144312
T59038,C7621251,BANGALORE,29.33,6722.0,229.18513467439482
T496082,C2754151,GOHANA,0.48,110.0,229.16666666666669
T527928,C6154120,GOHANA,0.48,110.0,229.16666666666669
T685820,C5264924,BANGALORE,6.73,1542.0,229.1233283803863
T761508,C7229360,DELHI,1.82,417.0,229.12087912087912
T687372,C2214074,BANGALORE,24.9,5705.0,229.11646586345384
T285729,C5025473,PATNA,1.41,323.0,229.07801418439718
T565135,C2731481,PUNE,8.74,2000.0,228.83295194508008
T237664,C6729215,CHENNAI,0.94,215.0,228.72340425531917
T506863,C4431172,PATIALA,1.97,450.0,228.4263959390863
T914374,C4423237,NEW DELHI,33.22,7587.0,228.38651414810357
T900633,C5432636,GUWAHATI,2.19,500.0,228.31050228310502
T358867,C7517283,NEW DELHI,3.66,835.43,228.25956284153003
T350382,C5938153,GANGTOK,1.1,251.0,228.18181818181816
T745019,C6138113,GANGTOK,1.1,251.0,228.18181818181816
T63718,C2146216,KURUKSHETRA,2.63,600.0,228.13688212927758
T1030387,C4443286,GURGAON,0.57,130.0,228.07017543859652
T333558,C7541620,DELHI,5.29,1206.0,227.97731568998108
T907722,C6877440,MOHALI,4.39,1000.0,227.79043280182233
T230815,C5820352,MALAPPURAM,6.75,1537.5,227.77777777777777
T665543,C4432011,PUNE,2.02,460.0,227.72277227722773
T257140,C7417287,AMRITSAR,4.43,1008.63,227.68171557562079
T183685,C4625427,PATNA,1.41,321.0,227.6595744680851
T676263,C2932543,CHANDIGARH,21.95,4991.0,227.38041002277905
T401424,C8067851,CHENNAI,0.88,200.0,227.27272727272728
T542858,C3567853,CHENNAI,0.88,200.0,227.27272727272728
T996303,C1334274,RAE BARELI,2.64,600.0,227.27272727272725
T152796,C4515251,NALGONDA,4.81,1093.0,227.23492723492726
T353597,C6336227,PALAKKAD,0.64,145.39,227.17187499999997
T250218,C6660083,FARIDABAD,0.63,143.0,226.984126984127
T588710,C1160054,FARIDABAD,0.63,143.0,226.984126984127
T202178,C4818035,BANGALORE,3.12,708.0,226.9230769230769
T807634,C7933527,CHENNAI,6.13,1391.0,226.9168026101142
T156290,C2831469,PUNE,8.74,1982.0,226.77345537757438
T705699,C2279575,MUMBAI,4.64,1052.0,226.7241379310345
T904836,C4916043,DERA BASSI,7.94,1800.0,226.70025188916875
T814873,C7224418,MARGHERITA,20.1,4554.0,226.56716417910445
T939171,C2535972,MUMBAI,30.44,6896.0,226.54402102496715
T60673,C2814052,FARIDABAD,15.57,3527.0,226.52536929993576
T283750,C1722842,BEHROR,61.72,13977.0,226.45819831497084
T10209,C7680973,MUMBAI,6.46,1462.0,226.31578947368422
T219208,C2357879,FARIDABAD,2.21,500.0,226.2443438914027
T288865,C3225244,NEW DELHI,4.42,1000.0,226.2443438914027
T712160,C7424971,MUMBAI,23.1,5225.0,226.19047619047618
T138675,C6620535,GURGAON,1.15,260.0,226.08695652173915
T114862,C6020749,NEW DELHI,4.32,976.0,225.92592592592592
T1045787,C1015213,CHANDIGARH,0.89,201.0,225.8426966292135
T182516,C9015226,CHANDIGARH,0.89,201.0,225.8426966292135
T841452,C2715281,CHANDIGARH,0.89,201.0,225.8426966292135
T946594,C8632060,PUNE,2.02,456.0,225.74257425742573
T63158,C6311848,VASHI  NAVI MUMBAI,2.88,650.0,225.69444444444446
T1037109,C9012766,MUMBAI,14.44,3259.0,225.69252077562328
T656782,C4214864,CHENNAI,35.1,7914.0,225.47008547008545
T762444,C2225535,BANGALORE,83.33,18786.0,225.44101764070564
T399970,C6911792,MOHALI,1.73,390.0,225.4335260115607
T313289,C3128086,DELHI,14.16,3190.0,225.28248587570621
T499601,C5429778,NORTH 24 PARGANAS,0.8,180.0,225.0
T618028,C6012513,CHANDIGARH,4.37,983.0,224.9427917620137
T203281,C2438382,NEW DELHI,0.89,200.0,224.7191011235955
T547649,C8213770,HAMIRPUR,0.89,200.0,224.7191011235955
T553662,C1415258,CHANDIGARH,0.89,200.0,224.7191011235955
T83254,C7478738,MUMBAI,2.65,595.0,224.52830188679246
T178158,C7840266,MUMBAI,2.55,572.52,224.51764705882354
T358870,C1612191,RUDRAPUR,4.45,999.0,224.4943820224719
T1022451,C1429850,THALASSERY,7.01,1573.0,224.39372325249644
T1008617,C8725741,WAYANAD,0.99,222.0,224.24242424242425
T582308,C6123959,DELHI,0.29,65.0,224.13793103448276
T421930,C9022253,DELHI,10.16,2277.0,224.11417322834646
T102849,C8291344,HOWRAH,26.85,6015.0,224.02234636871506
T600307,C1035338,GREATER NOIDA,3.04,681.0,224.01315789473685
T111879,C2136191,PATHANAMTHITTA,1.63,365.0,223.92638036809817
T99016,C4814889,LUCKNOW,8.49,1900.0,223.7926972909305
T170087,C6327919,RANGAREDDI,69.27,15500.0,223.762090371012
T193497,C3934148,LUDHIANA,6.71,1500.0,223.54694485842026
T689841,C6739234,VISAKHAPATNAM,5.37,1200.0,223.46368715083798
T246469,C2938442,MUMBAI,17.16,3832.1,223.3158508158508
T931385,C7221788,GURGAON,2.15,480.0,223.25581395348837
T597774,C3030058,MUMBAI,0.56,125.0,223.2142857142857
T761589,C8625520,BANGALORE,83.33,18600.0,223.20892835713428
T970048,C2798861,BANGALORE,3.58,799.0,223.18435754189943
T377948,C7119420,NEW DELHI,179.25,40000.0,223.15202231520223
T1010752,C3114182,NEW DELHI,2.69,600.0,223.04832713754647
T448507,C7512247,GURGAON,17.91,3994.0,223.0039084310441
T930277,C1838623,NEW DELHI,26.98,6015.0,222.94292068198666
T98281,C6310892,PATNA,4.24,945.0,222.87735849056602
T505771,C2211781,BANGALORE,4.94,1100.0,222.6720647773279
T110010,C7315287,CHANDIGARH,0.89,198.0,222.47191011235955
T581449,C7015238,CHANDIGARH,0.89,198.0,222.47191011235955
T660886,C3615287,CHANDIGARH,0.89,198.0,222.47191011235955
T801062,C6415265,CHANDIGARH,0.89,198.0,222.47191011235955
T459588,C8240683,AHMEDABAD,10.88,2420.0,222.42647058823528
T283735,C4325586,JAIPUR,4.44,987.0,222.2972972972973
T112334,C4323664,CHENNAI,0.9,200.0,222.22222222222223
T114992,C5577074,DELHI,0.45,100.0,222.22222222222223
T210712,C2839727,BANGALORE,0.45,100.0,222.22222222222223
T232016,C3432079,THANJAVUR,16.47,3660.0,222.22222222222223
T24740,C3523671,CHENNAI,0.9,200.0,222.22222222222223
T746177,C2339779,BANGALORE,0.45,100.0,222.22222222222223
T772576,C1123670,CHENNAI,0.9,200.0,222.22222222222223
T835741,C4139769,BANGALORE,0.45,100.0,222.22222222222223
T862602,C1413074,PRAKASAM DIST (AP),0.36,80.0,222.22222222222223
T728188,C8215987,NEW DELHI,22.08,4905.0,222.1467391304348
T562114,C1510061,NEW DELHI,34.35,7628.0,222.06695778748178
T944949,C1721514,VARANASI,11.17,2480.0,222.02327663384065
T909638,C8764387,PUNE,4.1,910.0,221.95121951219514
T586183,C5631622,SHAHJAHANPUR,2.93,650.0,221.84300341296927
T721997,C3618348,NOIDA,7.67,1701.35,221.81877444589307
T896294,C3648163,SARAN,37.49,8315.0,221.79247799413176
T744735,C6820591,GURGAON,1.15,255.0,221.73913043478262
T867849,C6176855,KUTCH,9.0,1995.0,221.66666666666666
T724244,C3118364,NOIDA,7.67,1699.87,221.625814863103
T651198,C3916685,BANGALORE,2.26,500.0,221.23893805309737
T775319,C2911138,KOTTAYAM,45.22,10000.0,221.14108801415304
T750694,C7838777,CHENNAI,12.62,2790.0,221.07765451664028
T71787,C3723282,GAUTAM BUDDHA NAGAR,0.29,64.0,220.6896551724138
T520777,C3922049,NANGANALLUR CHENNAI,5.12,1128.0,220.3125
T74084,C5136975,NEW DELHI,7.22,1590.0,220.22160664819944
T611873,C9073689,MUMBAI,1.0,220.0,220.0
T769807,C4316953,DEORIA,0.25,55.0,220.0
T816305,C1227236,K V RANGAREDDY,8.52,1874.0,219.9530516431925
T477241,C1353421,MEERUT,4.56,1000.0,219.2982456140351
T573691,C8729366,MUMBAI,3.86,846.0,219.17098445595855
T969245,C1260056,FARIDABAD,0.63,138.0,219.04761904761904
T453673,C6635065,GHAZIABAD,4.52,990.0,219.0265486725664
T531582,C8620658,GURGAON,64.94,14220.0,218.97135817677858
T694500,C6278764,MUMBAI,2.65,580.0,218.8679245283019
T175805,C2629414,TARAPUR APP THANE THANE,4.57,1000.0,218.8183807439825
T514256,C2129717,NORTH 24 PARGANAS,0.32,70.0,218.75
T367159,C8229136,PUNE,5.36,1172.46,218.74253731343282
T70461,C4222224,PATNA,5.29,1157.0,218.71455576559546
T199476,C1839412,HYDERABAD,1.66,363.0,218.67469879518075
T676709,C1511155,MUNGER,5.73,1252.0,218.49912739965094
T382951,C5021263,KOTTAYAM,6.49,1418.0,218.4899845916795
T727417,C5128174,DELHI,0.92,201.0,218.47826086956522
T285559,C3229562,DELHI,5.84,1275.85,218.46746575342465
T868876,C4830980,PUNE,10.22,2232.0,218.39530332681016
T733619,C3628460,NEAR BATA MORE KOLKATA,0.11,24.0,218.1818181818182
T155278,C1541035,MEDAK,2.93,639.2,218.15699658703073
T576876,C5811525,SAS NAGAR,2.15,469.0,218.13953488372093
T215608,C7424970,NEW DELHI,39.0,8500.0,217.94871794871796
T593995,C3990327,HYDERABAD,7.26,1579.4,217.5482093663912
T804228,C6811780,GURGAON,1.14,248.0,217.54385964912282
T557591,C7839756,INDORE,137.91,30000.0,217.5331738090059
T313908,C6621540,DELHI,1.38,300.0,217.3913043478261
T60444,C5421557,DELHI,1.38,300.0,217.3913043478261
T66282,C1420515,GURGAON,1.15,250.0,217.3913043478261
T163927,C3639333,NEW DELHI,0.23,50.0,217.39130434782606
T329323,C6339348,NEW DELHI,0.23,50.0,217.39130434782606
T930198,C2720060,NEW DELHI,0.92,200.0,217.39130434782606
T679723,C7518017,BANGALORE,3.12,678.0,217.3076923076923
T60512,C2841636,MEDAK,1.39,302.0,217.26618705035972
T544853,C7129134,KASARAGOD,8.69,1887.0,217.14614499424627
T327976,C4412018,NEW DELHI,4.1,890.0,217.07317073170734
T396131,C3712032,NEW DELHI,4.1,890.0,217.07317073170734
T270440,C2037983,MUMBAI,10.65,2311.0,216.99530516431923
T356275,C8539483,NAVI MUMBAI,2.72,590.0,216.91176470588235
T727613,C2533418,SURAT,83.45,18100.0,216.89634511683641
T692987,C2131920,THANJAVUR DT,3.23,700.0,216.71826625386998
T185294,C6732225,KURNOOL,1.8,390.0,216.66666666666666
T116268,C3436625,ROURKELA,4.42,957.6,216.65158371040724
T207407,C8513077,TRIVANDRUM,25.01,5418.0,216.63334666133545
T379311,C3697117,PUNE,138.5,30000.0,216.60649819494586
T380317,C3797150,PUNE,138.5,30000.0,216.60649819494586
T958129,C2111732,BANGALORE,4.94,1070.0,216.5991902834008
T160621,C3481461,NORTH  24 PARGANAS,5.59,1210.0,216.45796064400716
T844365,C6212427,NORTH 24 PARGANAS,1.16,251.0,216.3793103448276
T923038,C7021674,JODHPUR,0.89,192.5,216.29213483146066
T531381,C3741441,DEHRADUN,1.48,320.0,216.21621621621622
T749506,C6616466,CHENNAI,0.37,80.0,216.21621621621622
T905223,C2115177,LUDHIANA,10.87,2350.0,216.19135234590618
T300759,C4215580,AGARTALA,56.06,12119.0,216.17909382804137
T164237,C8240715,FARIDABAD,2.29,495.0,216.15720524017468
T199011,C6511548,EAST SINGBHUM,5.1,1101.76,216.0313725490196
T244192,C5057359,CHAPRA SARAN,10.89,2350.0,215.7943067033976
T594001,C8732263,DEHRADUN,4.15,895.0,215.66265060240963
T50419,C2778484,VARANAVASI,2.3,495.91,215.6130434782609
T172397,C4023452,LUDHIANA,13.52,2915.0,215.60650887573965
T231622,C4342943,BANGALORE,8.35,1800.0,215.5688622754491
T523216,C8921586,NAVI MUMBAI,5.8,1250.0,215.51724137931035
T836279,C4012416,NORTH 24 PARGANAS,1.16,250.0,215.51724137931035
T127305,C7434580,SRINAGAR,57.52,12396.0,215.50764951321278
T507433,C3734489,ZIRAKPUR,0.78,168.0,215.3846153846154
T60383,C4649991,PARK MAHAPE NAVI MUMBAI,0.13,28.0,215.3846153846154
T669757,C4457779,MOHALI,23.22,5000.0,215.3316106804479
T864145,C1722874,CHENNAI,0.96,206.69,215.30208333333334
T265109,C5836572,DELHI,7.99,1720.0,215.26908635794743
T160103,C6222873,CHENNAI,0.96,206.59,215.19791666666669
T505981,C8638873,GORAKHPUR,0.33,71.0,215.15151515151513
T1037053,C8224328,MUMBAI,1.05,225.83,215.07619047619048
T516878,C3231658,MUMBAI,0.93,200.0,215.0537634408602
T576769,C3923052,FARIDABAD,3.72,800.0,215.0537634408602
T793641,C3512711,MUMBAI,14.44,3105.0,215.02770083102493
T924987,C1037314,THANE,1.77,380.0,214.68926553672316
T209755,C5331633,SHAHJAHANPUR,2.93,629.0,214.67576791808872
T208173,C7816933,THANE,6.01,1290.0,214.64226289517472
T152410,C5456937,MOHALI,80.92,17368.0,214.63173504695996
T135492,C2788773,MUMBAI,4.66,1000.0,214.59227467811158
T850810,C8522875,DELHI,6.06,1300.0,214.52145214521454
T415053,C2523151,CHENNAI,6.29,1349.0,214.46740858505564
T484347,C2211722,MOHALI,1.73,371.0,214.4508670520231
T957720,C1450236,MUMBAI,13.99,3000.0,214.43888491779842
T293945,C1932557,EAST GODAVARI,7.79,1670.0,214.37740693196406
T808861,C4726259,VILLUPURAM,2.23,478.0,214.34977578475338
T192,C4138629,BANGALORE,0.7,150.0,214.2857142857143
T732394,C4917055,VIDISHA,7.06,1512.75,214.27053824362608
T646488,C8152148,DELHI,14.88,3185.0,214.04569892473117
T12295,C8661229,DELHI,4.58,980.0,213.97379912663754
T620240,C3640274,CHENNAI,77.32,16534.0,213.8385928608381
T71842,C5727111,NOIDA,5.14,1099.0,213.81322957198444
T369928,C5523554,DELHI,2.15,459.52,213.73023255813953
T38974,C3574359,GAUTAM BUDDH NAGAR,2.34,500.0,213.67521367521368
T829898,C1833140,MUMBAI,1.17,250.0,213.67521367521368
T668251,C2018758,SOUTH 24 PARGANAS,5.15,1100.01,213.59417475728154
T821668,C4224383,MANGALORE,2.46,525.0,213.41463414634146
T659735,C3033990,BANGALORE,0.75,160.0,213.33333333333334
T849944,C5615992,DELHI,0.15,32.0,213.33333333333334
T857965,C3815985,DELHI,0.15,32.0,213.33333333333334
T909940,C3515974,DELHI,0.15,32.0,213.33333333333334
T274275,C5024945,PANIPAT,92.65,19760.0,213.2757690232056
T892314,C2025687,BANGALORE,17.37,3700.0,213.0109383995394
T482700,C6482537,GURGAON,1.87,398.33,213.01069518716577
T870384,C5381544,CHENNAI,1.0,213.0,213.0
T1023075,C3423745,PATHANKOT,11.98,2551.0,212.9382303839733
T245531,C3925011,HOWRAH,0.93,198.0,212.90322580645162
T114452,C1811491,TIRUVANNAMALAI,0.94,200.0,212.76595744680853
T221180,C3325459,PATNA,1.41,300.0,212.76595744680853
T449700,C7126166,DELHI,0.47,100.0,212.76595744680853
T490394,C4523285,KOLKATA,0.94,200.0,212.76595744680853
T541661,C2921425,KANPUR,0.94,200.0,212.76595744680853
T598255,C8825411,PATNA,1.41,300.0,212.76595744680853
T982292,C5611454,TIRUVANNAMALAI,0.94,200.0,212.76595744680853
T864540,C1136654,RANGA REDDY,9.76,2075.3,212.6331967213115
T906168,C6225216,NEW DELHI,48.92,10400.0,212.5919869174162
T377054,C1830365,MUMBAI,0.8,170.0,212.5
T613990,C5539759,KASHIPUR,1.92,408.0,212.5
T636348,C3027937,HYDERABAD,1.13,240.0,212.38938053097348
T63214,C3181919,BANGALORE,8.22,1745.0,212.28710462287103
T709868,C8557220,BANGALORE,6.43,1365.0,212.28615863141525
T501714,C7614861,AGARTALA,3.51,745.0,212.25071225071227
T549292,C4016075,NAVI MUMBAI,4.0,849.0,212.25
T500464,C2816811,ERNAKULAM,4.91,1042.0,212.21995926680245
T818521,C6914359,BANGALORE,28.8,6110.0,212.15277777777777
T820250,C7014332,BANGALORE,28.8,6110.0,212.15277777777777
T322900,C2813076,BANGALORE,36.33,7706.79,212.13294797687863
T452574,C6238821,GORAKHPUR,0.33,70.0,212.12121212121212
T3168,C5925588,JALANDHAR,297.14,63000.0,212.02126943528305
T874646,C7129852,KOTA,20.05,4251.0,212.01995012468828
T702884,C7927959,VARANASI,0.75,159.0,212.0
T118987,C1140119,BANGALORE,9.44,2000.0,211.86440677966104
T768691,C5342863,EAST MUMBAI,5.66,1199.0,211.83745583038868
T840718,C6942885,EAST MUMBAI,5.66,1199.0,211.83745583038868
T848449,C6724759,KUSHI NAGAR,1.19,252.0,211.76470588235296
T117734,C5353431,MEERUT,4.56,965.0,211.6228070175439
T152699,C8132068,PUMP NR YES BANK SURAT,0.52,110.0,211.53846153846152
T318157,C3422927,SHAHJAHANPUR,0.52,110.0,211.53846153846152
T469883,C3131879,SCHOOL HYDERABAD,0.54,114.21,211.49999999999997
T474002,C8731849,SCHOOL HYDERABAD,0.54,114.21,211.49999999999997
T919879,C1328470,AMRITSAR,4.73,1000.0,211.4164904862579
T923600,C2828441,AMRITSAR,4.73,1000.0,211.4164904862579
T342539,C3920476,GHAZIABAD,49.1,10376.0,211.32382892057026
T936204,C4426451,HYDERABAD,1.42,300.0,211.26760563380282
T863737,C7712976,NAVI MUMBAI,24.86,5251.77,211.25382139983913
T577010,C1620547,NOIDA,11.17,2359.0,211.19068934646376
T392386,C2428577,MUMBAI,47.36,10000.0,211.14864864864865
T386182,C7414812,AGARTALA,3.51,740.0,210.82621082621083
T892774,C2277472,MOHALI,4.39,925.0,210.70615034168566
T275735,C5225348,KOLKATA,0.95,200.0,210.5263157894737
T744703,C5023060,NEW DELHI,0.95,200.0,210.5263157894737
T877241,C6132325,NOIDA,0.95,200.0,210.5263157894737
T900565,C6838240,MUMBAI,4.75,1000.0,210.52631578947367
T262377,C6618482,RANGA REDDY,1.19,250.0,210.0840336134454
T895523,C3044577,HYDERABAD,3.38,710.0,210.05917159763314
T935745,C4899488,HAPUR,8.65,1817.0,210.05780346820808
T324479,C4920426,MUMBAI,1.0,210.0,210.0
T424125,C4916486,BANASKANTHA,0.5,105.0,210.0
T554508,C5010023,MUMBAI,1.0,210.0,210.0
T679606,C1073627,MUMBAI,1.0,210.0,210.0
T143359,C3515214,NEW DELHI,14.28,2996.0,209.80392156862746
T58089,C3112974,RAISEN,27.65,5801.0,209.80108499095843
T554987,C4335435,III BLOCK BANGALORE,0.42,88.0,209.52380952380952
T508596,C5015986,DELHI,65.19,13656.0,209.47998159226876
T455149,C6139724,FATEHABAD,0.53,111.0,209.43396226415092
T257640,C3118833,NAVI MUMBAI,1.91,400.0,209.4240837696335
T1047237,C4032440,ABU DHABI,143.28,30000.0,209.38023450586263
T84757,C2230343,PUNE,1.93,404.0,209.32642487046633
T997659,C4687458,CHENNAI,30.34,6350.0,209.2946605141727
T578231,C8130728,DELHI,8.36,1749.0,209.21052631578948
T754348,C7239542,DELHI,2.61,546.0,209.19540229885058
T74138,C4080126,RUWI,78.92,16500.0,209.07247845919917
T703599,C8032280,BANGALORE,33.46,6989.0,208.8762701733413
T827394,C6486959,DELHI,83.0,17335.0,208.85542168674698
T730707,C7678461,VARANAVASI,2.3,480.0,208.69565217391306
T15964,C4593357,TIRUPPUR,23.97,5000.0,208.59407592824365
T228907,C4621136,BANGALORE,4.06,846.8,208.57142857142858
T1029149,C8939488,HYDERABAD,1.66,346.0,208.43373493975903
T629727,C5873359,HOJAI,6.6,1375.65,208.43181818181822
T870299,C7673356,HOJAI,6.6,1375.65,208.43181818181822
T875252,C4873328,HOJAI,6.6,1375.65,208.43181818181822
T156547,C5113281,MUMBAI,1.2,250.0,208.33333333333334
T338629,C8719314,INDORE,0.48,100.0,208.33333333333334
T352198,C4819324,INDORE,0.48,100.0,208.33333333333334
T583443,C4220633,NOIDA,0.48,100.0,208.33333333333334
T921264,C3085832,THANE,0.24,50.0,208.33333333333334
T674608,C5927432,NEW DELHI,10.56,2200.0,208.33333333333331
T864373,C4839080,PUNE,78.29,16300.0,208.20028100651422
T865781,C2039023,PUNE,78.29,16300.0,208.20028100651422
T866189,C3739073,PUNE,78.29,16300.0,208.20028100651422
T866829,C1439066,PUNE,78.29,16300.0,208.20028100651422
T993889,C5230227,NEW DELHI,13.3,2767.0,208.04511278195488
T234327,C2445992,NEW DELHI,6.27,1304.0,207.9744816586922
T455698,C2914029,SRIKAKULAM,0.76,158.0,207.89473684210526
T755735,C6925084,PORT BLAIR,25.02,5200.0,207.83373301358912
T511408,C8520064,NEW DELHI,12.03,2500.0,207.81379883624274
T239904,C5336984,HYDERABAD,6.28,1305.0,207.80254777070064
T105552,C5137479,GHAZIABAD,0.77,160.0,207.7922077922078
T645892,C8439461,NOIDA,3.85,800.0,207.7922077922078
T647597,C8439472,NOIDA,3.85,800.0,207.7922077922078
T975162,C4021512,MUMBAI,1.91,396.7,207.69633507853405
T674997,C2614559,MANGALORE,15.22,3158.9,207.54927726675427
T512234,C2429465,TARAPUR APP THANE THANE,4.57,948.0,207.43982494529538
T807547,C8331991,THANJAVUR DT,3.23,670.0,207.43034055727554
T657033,C6021946,SADARMANGALA BANGALORE,127.13,26369.0,207.41760402737356
T55056,C1521277,BANGALORE,29.33,6076.0,207.15990453460623
T83059,C7830482,INDORE,0.28,58.0,207.1428571428571
T28799,C1144527,HYDERABAD,3.38,700.0,207.10059171597635
T815722,C7875122,NEW DELHI,154.53,32000.0,207.07953148256001
T630188,C2228664,PANIPAT,0.71,147.0,207.04225352112678
T923047,C7131113,REWARI,24.15,5000.0,207.0393374741201
T857868,C6331982,DELHI,1.28,265.0,207.03125
T278152,C2157241,BANGALORE,6.43,1331.0,206.99844479004668
T269882,C3335840,CHENNAI,14.45,2990.0,206.9204152249135
T298289,C4423221,GAUTAM BUDDHA NAGAR,0.29,60.0,206.89655172413794
T78815,C6036914,KHURJA,28.04,5800.0,206.84736091298146
T265911,C3812880,GANDHINAGAR,14.52,3003.0,206.8181818181818
T267426,C3912831,GANDHINAGAR,14.52,3003.0,206.8181818181818
T307157,C9035773,BANGALORE,45.52,9407.0,206.65641476274163
T13468,C5512819,GANDHINAGAR,14.52,3000.0,206.61157024793388
T425777,C3320519,GURGAON,1.15,237.56,206.57391304347829
T472465,C5227224,K V RANGAREDDY,8.52,1760.0,206.57276995305165
T56195,C7228188,DELHI,0.92,190.0,206.52173913043478
T1018160,C6625385,DELHI,0.63,130.0,206.34920634920636
T91363,C5126258,VILLUPURAM,2.23,460.0,206.2780269058296
T895919,C3322152,DELHI,13.14,2710.0,206.24048706240487
T864633,C1255911,WARANGAL,193.48,39900.0,206.22286541244574
T642412,C7527654,HOSUR,5.65,1165.0,206.1946902654867
T295709,C3839089,NEW DELHI,8.97,1849.0,206.13154960981046
T387819,C7929131,MUMBAI,30.84,6356.7,206.11867704280155
T176877,C8920570,GURGAON,1.15,237.0,206.08695652173915
T815767,C4841679,DELHI,5.29,1090.0,206.0491493383743
T94061,C3612514,MUMBAI,4.32,890.0,206.0185185185185
T512186,C1998858,AJMER,6.82,1405.0,206.01173020527858
T277124,C7432453,MARSEILLE,61.57,12680.0,205.94445346759787
T111782,C2228771,NEW DELHI,2.43,500.0,205.76131687242798
T937211,C2411371,DELHI,4.86,1000.0,205.76131687242798
T779316,C2719913,ALWAR,4.91,1010.0,205.70264765784114
T24619,C6587130,PERAMBALUR,1.24,255.0,205.6451612903226
T38493,C4215779,NEW DELHI,446.93,91907.48,205.64177835455214
T950049,C8524356,INDORE,9.24,1900.0,205.6277056277056
T988109,C3331944,THANJAVUR DT,3.23,664.0,205.57275541795667
T57771,C1818392,MUMBAI,6.77,1390.0,205.31757754800591
T769277,C8413958,NOIDA,17.71,3635.0,205.25127046866177
T974698,C8233764,DELHI,5.46,1120.0,205.12820512820514
T119214,C8236631,RANGA REDDY,9.76,2002.0,205.12295081967213
T910706,C8951956,UDAIPUR,2.96,606.9,205.03378378378378
T266469,C1477485,MOHALI,4.39,900.0,205.0113895216401
T737402,C3677442,MOHALI,4.39,900.0,205.0113895216401
T774585,C8236728,BANGALORE,5.61,1150.0,204.9910873440285
T586345,C6930157,NEAR JAIPUR GOLDEN HOSPITAL DELHI,16.59,3400.0,204.94273658830622
T254631,C1246919,AHMEDABAD,2.44,500.0,204.91803278688525
T257409,C3946935,AHMEDABAD,2.44,500.0,204.91803278688525
T454884,C4117290,NEW DELHI,3.66,750.0,204.91803278688525
T331193,C1229841,DELHI,6.98,1430.0,204.87106017191977
T979653,C1578920,ELPHINSTONE ROAD W MUMBAI,6.39,1309.0,204.8513302034429
T249547,C2414111,MANDI,37.14,7600.0,204.63112547119007
T220180,C7917037,GURGAON,3.03,620.0,204.62046204620464
T71888,C3340179,MANDYA,3.31,677.0,204.53172205438065
T122002,C3014126,NEW DELHI,2.69,550.0,204.46096654275092
T18491,C4314142,NEW DELHI,2.69,550.0,204.46096654275092
T494765,C1341587,THANE,0.46,94.0,204.3478260869565
T210789,C8024927,GONDA,24.47,5000.0,204.3318348998774
T718268,C8031479,PUNE,8.74,1785.0,204.23340961098398
T374827,C4833952,NADIA,0.24,49.0,204.16666666666669
T175220,C5338239,JAMSHEDPUR,3.67,749.0,204.08719346049045
T632772,C6021261,KOLKATA,2.94,600.0,204.08163265306123
T941996,C8523218,KOCHI,4.41,900.0,204.0816326530612
T951296,C6923292,KOCHI,4.41,900.0,204.0816326530612
T722397,C2911375,NAVI MUMBAI,9.66,1970.0,203.93374741200827
T594621,C2041617,LUCKNOW,12.3,2508.0,203.90243902439022
T600108,C1316716,SONIPAT,1.57,320.0,203.8216560509554
T126268,C4712536,MUMBAI,4.32,880.0,203.7037037037037
T419163,C1217221,NEW DELHI,3.66,745.0,203.551912568306
T970893,C4213590,DELHI,2.29,466.0,203.4934497816594
T182409,C1838622,BANGALORE,0.7,142.43,203.4714285714286
T742740,C4313018,NOIDA,84.0,17075.0,203.27380952380952
T235443,C3621279,NEW DELHI,9.84,2000.0,203.2520325203252
T923115,C2584043,AMETHI,59.09,11999.0,203.06312404806226
T582411,C7442045,NEW DELHI,0.99,201.0,203.03030303030303
T678142,C6616792,HARIJ,4.95,1005.0,203.03030303030303
T380569,C4927449,NAVI MUMBAI,24.63,5000.0,203.00446609825417
T478341,C3711316,MUMBAI,55.51,11268.63,203.0018014772113
T867916,C6626131,NEVILLEHOUSE  MUMBAI,23.4,4748.0,202.9059829059829
T420169,C2231068,NEW DELHI,6.9,1400.0,202.89855072463766
T359968,C4111856,STORE BANGALORE,8.63,1751.0,202.89687137891076
T556289,C7728519,JABALPUR,10.9,2211.0,202.8440366972477
T418925,C8134951,NORTH 24 PARGANAS,1.46,296.0,202.73972602739727
T332413,C7423767,VISAKHAPATNAM,0.74,150.0,202.7027027027027
T1040494,C7938170,DELHI,3.85,780.0,202.5974025974026
T673095,C2015345,NAGPUR,12.81,2595.0,202.576112412178
T712833,C6330745,FARIDABAD,7.41,1500.0,202.42914979757086
T200637,C7118842,SONIPAT,5.49,1111.0,202.367941712204
T768607,C2398825,DELHI,7.18,1453.0,202.36768802228414
T705528,C4610621,MALDA,6.42,1299.0,202.33644859813083
T467027,C5330965,PUNE,10.22,2067.0,202.2504892367906
T756727,C8740374,GOLAGHAT,1.34,271.0,202.23880597014923
T935520,C4729765,GURGAON,5.44,1100.0,202.20588235294116
T97198,C7430464,MUMBAI,5.46,1104.0,202.1978021978022
T657508,C1211688,NASHIK,4.31,871.0,202.0881670533643
T624503,C8285449,DELHI,0.49,99.0,202.0408163265306
T660717,C2125763,WAYANAD,0.99,200.0,202.02020202020202
T627015,C2013725,MUMBAI,1.0,202.0,202.0
T950547,C1840235,PATIALA,5.35,1080.0,201.8691588785047
T72305,C6716728,NOWGAWAN SADAT,34.68,7000.0,201.84544405997693
T821063,C6137592,MUMBAI,8.6,1734.0,201.62790697674419
T716848,C2320420,NOIDA,4.96,1000.0,201.61290322580646
T862408,C4838045,DELHI,4.96,1000.0,201.61290322580646
T142020,C4236587,GORAKHPUR,12.32,2483.0,201.5422077922078
T34671,C4298179,MUMBAI,16.44,3311.0,201.39902676399026
T745695,C2916175,ROAD PUNE,1.53,308.0,201.30718954248366
T1010518,C4638827,VALSAD,5.55,1117.0,201.26126126126127
T767853,C3921590,BANGALORE,7.95,1600.0,201.2578616352201
T939579,C8240524,MUMBAI,16.15,3250.0,201.23839009287929
T807367,C2438738,DELHI,6.73,1354.0,201.1887072808321
T426403,C6628135,DELHI,0.92,185.0,201.08695652173913
T121362,C1329276,CHENNAI,0.94,189.0,201.06382978723406
T177754,C7040516,CHURCHANPUR,49.84,10020.0,201.0433386837881
T203630,C5838288,RUDRAPUR,19.92,4000.0,200.80321285140562
T860934,C6532860,CHANDIGARH,184.97,37111.0,200.6325350056766
T951398,C4135378,BOISAR,1.72,345.0,200.58139534883722
T948166,C3028173,NEW DELHI,10.57,2120.0,200.56764427625353
T71634,C7636634,MUMBAI,108.31,21723.0,200.5631982273105
T1020381,C2912677,MUMBAI,24.93,5000.0,200.56157240272765
T584389,C8316379,ERODE,31.72,6361.0,200.53593947036572
T374291,C7336960,KHURJA,28.04,5620.0,200.42796005706134
T948005,C2969440,KOLKATA,11.43,2290.0,200.34995625546807
T781182,C4423713,PATHANKOT,11.98,2400.0,200.3338898163606
T227521,C4727713,NEW DELHI,35.82,7174.0,200.27917364600782
T208735,C4731420,PUNE,8.74,1750.0,200.22883295194507
T1001850,C8197415,GURGAON,4.09,818.0,200.0
T1008140,C6618070,BANGALORE,0.66,132.0,200.0
T1025697,C5213725,LUCKNOW,0.5,100.0,200.0
T102750,C3010789,GURGAON,0.5,100.0,200.0
T132111,C4239192,ALIGARH,0.05,10.0,200.0
T192665,C7373659,MUMBAI,1.0,200.0,200.0
T195363,C2019638,THANE,0.05,10.0,200.0
T238349,C7810018,MUMBAI,1.0,200.0,200.0
T268672,C6823044,DELHI,2.5,500.0,200.0
T298044,C5124912,MUMBAI,0.25,50.0,200.0
T380732,C2636244,SANT KABIR NAGAR,0.5,100.0,200.0
T388924,C7410783,GURGAON,0.5,100.0,200.0
T401880,C8411359,OSL TOWER II CUTTACK,2.94,588.0,200.0
T403378,C1120489,MUMBAI,1.0,200.0,200.0
T43297,C4213748,LUCKNOW,0.5,100.0,200.0
T459649,C9010726,GURGAON,0.5,100.0,200.0
T464850,C1013786,LUCKNOW,0.5,100.0,200.0
T532125,C4739956,JAIPUR,0.05,10.0,200.0
T537504,C8523026,DELHI,2.5,500.0,200.0
T554144,C4315550,NOIDA,0.15,30.0,200.0
T591387,C2738338,KOCHI,0.3,60.0,200.0
T597967,C2420450,MUMBAI,1.0,200.0,200.0
T660232,C6928520,SIVAGANGAI,0.12,24.0,200.0
T73024,C1629168,CHENNAI,0.09,18.0,200.0
T736880,C5042685,DELHI,1.2,240.0,200.0
T762684,C6323831,NOIDA,1.65,330.0,200.0
T765968,C8915586,NOIDA,0.15,30.0,200.0
T803681,C1832052,PUNE,2.02,404.0,200.0
T82759,C8632289,NELLORE,0.9,180.0,200.0
T858602,C3115959,DELHI,0.15,30.0,200.0
T861129,C2013743,LUCKNOW,0.5,100.0,200.0
T885072,C5423060,DELHI,2.5,500.0,200.0
T898408,C7813781,LUCKNOW,0.5,100.0,200.0
T970012,C5715987,DELHI,0.15,30.0,200.0
T202717,C6250612,CHENNAI,0.34,68.0,199.99999999999997
T171482,C7929414,ZIRAKPUR,9.99,1997.0,199.8998998998999
T308014,C8391642,MUMBAI,6.36,1271.0,199.84276729559747
T7526,C7012021,MUMBAI,4.98,995.0,199.7991967871486
T1020691,C3032757,GHAZIABAD,50.07,10000.0,199.72039145196723
T626289,C2311350,CHANDIGARH,1.76,351.0,199.4318181818182
T824831,C5034330,CHENNAI,34.62,6894.0,199.13344887348356
T225085,C1629471,TARAPUR APP THANE THANE,4.57,910.0,199.12472647702407
T509099,C3635018,GHAZIABAD,4.52,900.0,199.11504424778764
T963898,C2832644,BANGALORE,51.24,10200.0,199.0632318501171
T355809,C2265729,LUDHIANA,8.39,1670.0,199.04648390941597
T845077,C3932537,EAST GODAVARI,7.79,1550.0,198.97304236200256
T122814,C1936475,COIMBATORE,0.94,187.0,198.93617021276597
T682944,C6832046,MUMBAI,2.59,514.92,198.8108108108108
T136194,C8039426,HYDERABAD,1.66,330.0,198.7951807228916
T865999,C1038830,MUMBAI,0.79,157.0,198.73417721518987
T267052,C9023161,BANGALORE,0.78,155.0,198.7179487179487
T273607,C5710645,PUNE,0.73,145.0,198.63013698630138
T331070,C3610624,PUNE,0.73,145.0,198.63013698630138
T621094,C6831058,SILCHAR,10.06,1998.0,198.6083499005964
T150535,C8778726,MUMBAI,2.65,526.0,198.49056603773585
T247348,C8439513,TIRUPUR,0.79,156.8,198.48101265822785
T840807,C5698168,ROPAR,8.29,1645.0,198.43184559710497
T869157,C5727077,NOIDA,31.76,6302.0,198.4256926952141
T259218,C5474268,CHENNAI,4.43,879.0,198.41986455981942
T931772,C7224014,NORTH 24 PARGANAS,2.53,502.0,198.4189723320158
T15522,C2340685,BHUJ,18.9,3750.0,198.41269841269843
T979045,C4231589,GANDHINAGAR,0.63,125.0,198.4126984126984
T996516,C3330131,GREATER NOIDA,10.08,2000.0,198.4126984126984
T44590,C6020919,NAWANSHAHR,126.02,25000.0,198.3812093318521
T69491,C4728167,NASHIK,13.33,2644.0,198.34958739684922
T796475,C6025150,THANE,13.55,2687.36,198.32915129151291
T108049,C7538633,PARK MAHAPE NAVI MUMBAI,2.26,448.0,198.23008849557525
T155239,C5134547,THANE W,21.87,4334.9,198.21216278006398
T675813,C6916469,BANASKANTHA,0.5,99.0,198.0
T628280,C9020612,YAMUNANAGAR,8.67,1716.51,197.98269896193773
T688351,C3710618,KOLLAM,0.49,97.0,197.9591836734694
T120716,C2142611,NEW DELHI,2.45,485.0,197.95918367346937
T36402,C4611336,CHANDIGARH,1.76,348.0,197.72727272727272
T775023,C5928815,TEMPLE RAJAMUNDRY,505.91,100000.0,197.66361605819216
T303367,C7539264,WEST GODAVARI,2.85,563.0,197.5438596491228
T785046,C3241448,MUMBAI,6.84,1350.0,197.3684210526316
T985718,C6034942,NORTH 24 PARGANAS,1.46,288.0,197.26027397260273
T381119,C4720346,BANGALORE,5.76,1135.92,197.20833333333334
T98630,C6131640,PUNE,2.59,510.0,196.91119691119692
T188621,C8942765,MARG LOWER PAREL MUMBAI,31.49,6200.0,196.88790092092728
T193701,C8342724,MARG LOWER PAREL MUMBAI,31.49,6200.0,196.88790092092728
T306894,C5142764,MARG LOWER PAREL MUMBAI,31.49,6200.0,196.88790092092728
T731910,C4024637,RAIGARH,2.54,500.0,196.8503937007874
T200730,C7351792,JAIPUR,5.14,1011.0,196.69260700389106
T135057,C6236743,DELHI,0.89,175.0,196.62921348314606
T817587,C1114679,GURGAON,2.66,523.0,196.61654135338344
T1031183,C1734917,NORTH 24 PARGANAS,1.46,287.0,196.57534246575344
T455247,C3125566,CANDOLIM BARDEZ,12.97,2549.0,196.53045489591364
T838675,C6420565,GURGAON,1.15,226.0,196.5217391304348
T878446,C3620552,GURGAON,1.15,226.0,196.5217391304348
T168451,C3013284,MOHALI,3.09,607.0,196.4401294498382
T608285,C5156290,NELLORE,4.0,785.65,196.4125
T894726,C4724136,BHOPAL,9.02,1770.64,196.30155210643017
T284009,C2820474,AGRA,10.19,2000.0,196.27085377821393
T345669,C7920441,AGRA,10.19,2000.0,196.27085377821393
T355204,C7020458,AGRA,10.19,2000.0,196.27085377821393
T590917,C7638923,GHAZIABAD,203.93,40000.0,196.14573628205756
T281729,C6840060,PATNA,1.02,200.0,196.078431372549
T42277,C3212754,BANGALORE,1.53,300.0,196.078431372549
T871274,C3819712,JAMNAGAR,7.17,1405.0,195.95536959553695
T7431,C3032747,NEW DELHI,21.94,4298.0,195.897903372835
T326497,C5533527,CHENNAI,6.13,1200.0,195.75856443719414
T116343,C8318335,NOIDA,7.67,1501.0,195.6975228161669
T60438,C2421539,DELHI,1.38,270.0,195.6521739130435
T998701,C1597432,GURGAON,4.09,800.0,195.59902200488997
T184857,C8242822,NGR KEMPAPURA HEBBAL BANGALORE,5.4,1056.0,195.55555555555554
T84355,C3820554,GURGAON,1.15,224.8,195.47826086956525
T927557,C5924140,SCHOOL GUWAHATI,1.73,338.0,195.3757225433526
T19638,C5631060,DELHI,5.12,1000.0,195.3125
T262473,C1330828,CHENNAI,47.15,9200.0,195.1219512195122
T727861,C1235144,CHANDIGARH,2.46,480.0,195.1219512195122
T885593,C6628826,KOLKATA,2.81,548.0,195.01779359430606
T673817,C4511131,KOLKATA,10.0,1950.0,195.0
T684327,C7616751,LUCKNOW,7.95,1550.0,194.9685534591195
T584471,C8129424,CENTER INDIRANAGAR BANGALORE,21.14,4120.0,194.89120151371807
T366677,C7810445,MARG LOWER PAREL MUMBAI,9.7,1890.0,194.84536082474227
T771844,C7581470,NORTH  24 PARGANAS,5.59,1089.0,194.81216457960645
T720883,C5427950,NEW DELHI,25.68,5000.0,194.70404984423675
T52432,C6913054,PRAKASAM DIST (AP),0.36,70.0,194.44444444444446
T708344,C1313039,PRAKASAM DIST (AP),0.36,70.0,194.44444444444446
T904360,C8239219,WEST GODAVARI,2.85,554.0,194.38596491228068
T587594,C8034947,NORTH 24 PARGANAS,1.46,283.77,194.36301369863014
T959515,C5191575,MUMBAI,4.44,862.11,194.1689189189189
T132789,C6727177,NEW DELHI,0.85,165.0,194.11764705882354
T868725,C8955968,WARANGAL,193.48,37500.0,193.81848253049412
T74,C7527844,BANGALORE,20.63,3998.0,193.7954435288415
T131424,C4833951,AMRITSAR,24.0,4650.26,193.76083333333335
T131903,C1833942,AMRITSAR,24.0,4650.26,193.76083333333335
T263995,C3517225,NEW DELHI,3.66,709.0,193.71584699453553
T72793,C5322412,DHARMAPURI,15.24,2950.0,193.56955380577426
T342690,C3819140,HAMIRPUR,0.77,149.0,193.5064935064935
T82297,C2222271,VISAKHAPATNAM,3.78,731.0,193.3862433862434
T547746,C6139956,PATNA,87.91,17000.0,193.3795927653282
T569382,C3851955,UDAIPUR,2.96,572.0,193.24324324324326
T296262,C2510158,AHMEDABAD,113.89,22000.0,193.1688471331987
T227991,C8613030,TRIVANDRUM,25.01,4827.0,193.0027988804478
T199040,C8730015,GURGAON,67.12,12954.0,192.99761620977353
T440417,C6073326,HOJAI,6.6,1273.75,192.99242424242425
T126119,C4514174,NEW DELHI,2.69,519.0,192.9368029739777
T730585,C7530055,MUMBAI,48.31,9320.0,192.92072034775407
T137156,C4620649,HOSHANGABAD,5.96,1149.8,192.91946308724832
T798025,C3410374,BANGALORE,30.79,5939.0,192.88730107177656
T933651,C1230770,THANE,13.18,2541.97,192.8657056145675
T929442,C4263448,KOTTAYAM,160.49,30950.0,192.84690634930524
T222024,C8223232,NEW DELHI,33.22,6405.0,192.8055388320289
T172904,C5911618,JAIPUR,14.15,2728.0,192.79151943462898
T874439,C4410627,KURNOOL,7.79,1500.0,192.55455712451862
T560423,C7337963,MUMBAI,10.65,2050.34,192.52018779342723
T179910,C1132820,DELHI,18.64,3588.0,192.4892703862661
T352846,C6765733,LUDHIANA,8.39,1614.0,192.37187127532775
T176510,C2522982,SHAHJAHANPUR,0.52,100.0,192.3076923076923
T23135,C1724658,NAINITAL,0.26,50.0,192.3076923076923
T263979,C7210467,GURGAON,0.52,100.0,192.3076923076923
T415963,C6661553,THANE WEST,0.52,100.0,192.3076923076923
T440867,C9031427,GURGAON,0.26,50.0,192.3076923076923
T483285,C7328132,KURALI,0.26,50.0,192.3076923076923
T614660,C3461518,THANE WEST,0.52,100.0,192.3076923076923
T759828,C4928114,KURALI,0.26,50.0,192.3076923076923
T214099,C3739053,SIVASAGAR,5.15,990.0,192.23300970873785
T958762,C7821653,JODHPUR,0.89,171.05,192.19101123595507
T981082,C8160075,FARIDABAD,0.63,121.0,192.06349206349205
T677550,C4715338,NAGPUR,12.81,2460.0,192.03747072599532
T171413,C8040468,AHMEDABAD,25.72,4936.0,191.91290824261276
T557255,C1118357,KHARAR,20.77,3984.0,191.81511795859413
T307880,C4042850,MAHALAXMI (W) MUMBAI,9.59,1839.0,191.76225234619395
T887197,C3842670,DELHI,1.2,230.0,191.66666666666669
T28760,C5023758,PATHANKOT,11.98,2295.0,191.56928213689483
T41255,C6417272,NEW DELHI,3.66,701.0,191.53005464480873
T523545,C3099522,KOLKATA,4.7,900.0,191.48936170212764
T205888,C2631820,KARNAL,12.72,2435.0,191.4308176100629
T145236,C3914938,DARBHANGA,2.09,400.0,191.38755980861245
T279901,C4033376,NAVI MUMBAI,5.09,974.0,191.3555992141454
T328093,C8232484,BIJNI,5.23,1000.0,191.20458891013382
T804820,C5736992,HYDERABAD,6.28,1200.0,191.08280254777068
T1001058,C4337314,DELHI,7.2,1375.0,190.97222222222223
T379219,C1713237,MUMBAI,15.71,3000.0,190.96117122851686
T430536,C5010419,BELLARY,5.35,1021.1,190.85981308411218
T389777,C7027739,THANE,3.65,695.72,190.6082191780822
T786421,C5842769,MARG LOWER PAREL MUMBAI,31.49,6000.0,190.53667831057479
T242625,C4388025,MYSORE,5.25,1000.0,190.47619047619048
T255430,C6788033,MYSORE,5.25,1000.0,190.47619047619048
T959957,C7897216,THANE,5.25,1000.0,190.47619047619048
T312870,C4315747,NAVI MUMBAI,16.51,3144.6,190.46638400969107
T152769,C8820570,GURGAON,1.15,219.0,190.43478260869566
T221736,C3636732,CHENNAI,0.83,158.0,190.36144578313255
T112865,C5720043,NOIDA,15.5,2950.0,190.32258064516128
T389938,C3539774,MALAPPURAM,3.68,700.0,190.2173913043478
T119723,C8217624,BANGALORE,4.49,854.0,190.20044543429844
T764595,C1138087,CHENNAI,9.45,1797.0,190.15873015873018
T379582,C3516732,MUMBAI,6.3,1198.0,190.15873015873015
T131890,C5946212,KURUKSHETRA,2.63,500.0,190.11406844106466
T876514,C3146225,KURUKSHETRA,2.63,500.0,190.11406844106466
T995211,C4946237,KURUKSHETRA,2.63,500.0,190.11406844106466
T841382,C2819424,ANDROTH,7.96,1512.75,190.04396984924622
T97238,C1323384,AHMEDABAD,14.73,2799.0,190.020366598778
T163,C7410760,GULBARGA,5.37,1020.0,189.9441340782123
T690123,C1317385,JAMSHEDPUR,0.89,169.0,189.8876404494382
T433984,C1329111,KASARAGOD,8.69,1650.0,189.873417721519
T26132,C5915685,MUMBAI,111.49,21150.0,189.70311238676115
T814894,C7611362,THANE,0.29,55.0,189.6551724137931
T510538,C1211985,UDHAMPUR,35.34,6700.0,189.58687040181096
T605852,C7631072,SILCHAR,10.06,1907.0,189.56262425447315
T747884,C2312523,MUMBAI,4.32,818.5,189.46759259259258
T634267,C7236413,GUWAHATI,18.11,3431.13,189.4605190502485
T799982,C2234988,HILLTOP NAGPUR,2.83,536.0,189.39929328621906
T1010040,C4741845,BALKUM THANE THANE,3.09,585.0,189.32038834951456
T863961,C7338025,NAGPUR,15.62,2957.0,189.30857874519847
T100293,C6533019,BANGALORE,1.58,299.0,189.2405063291139
T720039,C8711117,MUNGER,5.73,1084.0,189.17975567190226
T314036,C1033119,DELHI,2.11,399.0,189.09952606635073
T122031,C2327739,PUNE,16.97,3206.0,188.9216263995286
T404851,C4733475,NEW DELHI,4.42,835.0,188.91402714932127
T1010384,C4331559,PRATAPGARH,5.84,1103.0,188.86986301369865
T834630,C2811127,MUNGER,5.73,1082.0,188.8307155322862
T10484,C3339783,FATEHABAD,0.53,100.0,188.67924528301887
T14501,C4426856,BANGALORE,3.71,700.0,188.67924528301887
T262252,C8070034,VISAKHAPATNAM,0.53,100.0,188.67924528301887
T262452,C8318447,BANGALORE,1.59,300.0,188.67924528301887
T262857,C2870014,VISAKHAPATNAM,0.53,100.0,188.67924528301887
T541046,C8518465,BANGALORE,1.59,300.0,188.67924528301887
T592118,C5330371,HYDERABAD,2.65,500.0,188.67924528301887
T635441,C8130348,HYDERABAD,2.65,500.0,188.67924528301887
T664775,C4439162,BALLABGARH,0.53,100.0,188.67924528301887
T691520,C1239763,FATEHABAD,0.53,100.0,188.67924528301887
T699462,C8139713,FATEHABAD,0.53,100.0,188.67924528301887
T713908,C8830339,HYDERABAD,2.65,500.0,188.67924528301887
T771619,C2530337,HYDERABAD,2.65,500.0,188.67924528301887
T965790,C5370017,VISAKHAPATNAM,0.53,100.0,188.67924528301887
T279155,C3487427,DELHI,4.15,783.0,188.67469879518072
T914233,C1525569,CANDOLIM BARDEZ,12.97,2447.0,188.66615265998456
T624271,C5032788,VADODARA VADODARA,2.54,479.0,188.58267716535434
T930003,C8634114,PRAKASAM,3.5,660.0,188.57142857142858
T260787,C2912432,PUNE,7.93,1495.0,188.52459016393442
T1000093,C6870431,BETUL,3.23,608.92,188.52012383900927
T244040,C4136781,BANGALORE,212.2,40000.0,188.5014137606032
T804093,C2920059,VIJAYAWADA,65.2,12285.0,188.420245398773
T871786,C5747428,COLLEGE VISAKHAPATNAM,21.0,3956.65,188.41190476190476
T654457,C6551052,BANKURA,10.86,2045.07,188.3121546961326
T847783,C8626686,NEW DELHI,9.12,1717.0,188.26754385964915
T310807,C9087438,DELHI,4.15,781.0,188.19277108433732
T310998,C2087470,DELHI,4.15,781.0,188.19277108433732
T311480,C5687421,DELHI,4.15,781.0,188.19277108433732
T126831,C8225082,HOWRAH,0.93,175.0,188.17204301075267
T970051,C5425070,HOWRAH,0.93,175.0,188.17204301075267
T251663,C2338419,BIDAR DIST KARNATAKA,3.61,679.0,188.0886426592798
T246003,C1132532,NEW DELHI,27.61,5192.0,188.04780876494024
T65737,C5257255,BANGALORE,6.43,1209.0,188.0248833592535
T355800,C7024790,NASHIK,10.78,2025.0,187.847866419295
T231019,C3041066,MUMBAI,2.13,400.0,187.79342723004694
T1030072,C8536527,DELHI,7.99,1500.0,187.73466833541926
T966653,C2136576,DELHI,7.99,1500.0,187.73466833541926
T37919,C4525938,PUNE,7.99,1499.0,187.60951188986232
T849384,C4532647,PUNE,0.8,150.0,187.5
T999045,C1073311,MAHOBA,3.15,590.0,187.30158730158732
T289961,C1534974,NORTH 24 PARGANAS,1.46,273.44,187.2876712328767
T1041241,C8518535,DELHI,3.68,689.0,187.22826086956522
T410296,C7937784,MUMBAI,15.5,2900.0,187.09677419354838
T463765,C4037757,MUMBAI,15.5,2900.0,187.09677419354838
T505865,C1437771,MUMBAI,15.5,2900.0,187.09677419354838
T63148,C7921570,DELHI,1.38,258.0,186.95652173913044
T491332,C4480131,RUWI,78.92,14754.0,186.94880892042573
T495921,C7280154,RUWI,78.92,14754.0,186.94880892042573
T48756,C7425176,THANE,13.55,2533.1,186.94464944649445
T346878,C3240276,PATIALA,5.35,1000.0,186.9158878504673
T711431,C5835958,GOREGAON EAST MUMBAI,69.62,13010.0,186.87158862395862
T301504,C3818661,BANGALORE,90.92,16988.0,186.84557853057632
T571402,C7832966,RISHIKESH,269.75,50378.0,186.758109360519
T573289,C6832942,RISHIKESH,269.75,50378.0,186.758109360519
T251674,C2528334,WORLI,7.28,1359.0,186.67582417582418
T730521,C5020582,KRISHNA,2.25,420.0,186.66666666666666
T734329,C7320558,KRISHNA,2.25,420.0,186.66666666666666
T877040,C1025560,MUMBAI,5.54,1034.0,186.64259927797835
T402274,C9098876,BANGALORE,3.58,668.0,186.59217877094972
T65828,C3913543,CHENNAI,9.55,1781.0,186.49214659685862
T467726,C6229176,PUNE,5.36,999.0,186.38059701492537
T30449,C5624953,SCHOOL SOUTH 24 PARGANAS,26.75,4985.0,186.3551401869159
T626392,C1727656,NEW DELHI,25.61,4770.0,186.25536899648574
T30015,C3228012,COIMBATORE,5.37,1000.0,186.21973929236498
T487757,C6364942,BANGALORE,6.73,1252.0,186.03268945022288
T409471,C1373616,AMBERNATH AMBERNATH THANE,27.25,5065.0,185.87155963302752
T880252,C7125828,NEW DELHI,15.56,2890.0,185.73264781491002
T110798,C4027462,MUMBAI,1.6,297.0,185.625
T380875,C8018139,MUMBAI,85.4,15852.25,185.6235362997658
T719067,C5324228,CHENNAI,2.42,449.0,185.53719008264463
T715580,C8534177,PRAKASAM,3.5,649.0,185.42857142857142
T324867,C3497064,DELHI,0.48,89.0,185.41666666666669
T575026,C4232962,RISHIKESH,269.75,50000.0,185.35681186283597
T429586,C6633516,SOUTH BANGALORE,22.93,4250.0,185.34670737025732
T193859,C2967818,CHENNAI,0.88,163.0,185.22727272727272
T478004,C2927945,MUMBAI,382.27,70805.0,185.22248672404322
T484219,C3627944,MUMBAI,382.27,70805.0,185.22248672404322
T519682,C8813574,MUMBAI,0.54,100.0,185.18518518518516
T801395,C1449211,MIDNAPORE,0.2,37.0,185.0
T163506,C7610685,PUNE,0.73,135.0,184.93150684931507
T838183,C2578711,MUMBAI,2.65,490.0,184.9056603773585
T967848,C5327180,NOIDA,5.14,950.0,184.82490272373542
T297048,C3914919,MUMBAI,54.14,10000.0,184.7063169560399
T734385,C6819766,DELHI,10.82,1998.0,184.65804066543438
T368248,C2820823,SIRMAUR,65.0,12000.0,184.6153846153846
T286522,C2636015,THANE,2.74,505.49,184.48540145985402
T359724,C6717083,GREATER NOIDA,1.99,366.98,184.41206030150755
T346574,C4430469,NOIDA,135.59,25000.0,184.37937901025148
T542601,C7438146,DELHI,27.64,5095.0,184.33429811866858
T852556,C3731257,LUDHIANA,27.13,5000.0,184.29782528566165
T456898,C4232289,KOCHI,12.78,2354.69,184.24804381846636
T337532,C4036365,SANT RAVIDAS NAGAR,0.19,35.0,184.21052631578948
T85099,C9021845,SOUTH 24 PARGANAS,12.22,2250.0,184.1243862520458
T8166,C6215533,NAVI MUMBAI,1.82,335.0,184.06593406593407
T150642,C3436182,PATHANAMTHITTA,1.63,300.0,184.04907975460125
T847771,C2634958,NORTH 24 PARGANAS,1.46,268.66,184.01369863013701
T636869,C2717656,KOLKATA,0.25,46.0,184.0
T458963,C1024622,GORAKHPUR,20.2,3716.0,183.96039603960398
T485028,C8220816,VIZIANAGARAM,17.45,3209.0,183.8968481375358
T1032262,C6229770,GURGAON,5.44,1000.0,183.8235294117647
T131971,C8138862,MORADABAD,2.72,500.0,183.8235294117647
T169036,C4738827,MORADABAD,2.72,500.0,183.8235294117647
T33008,C3942020,BHOPAL,0.68,125.0,183.8235294117647
T52439,C3439485,NAVI MUMBAI,2.72,500.0,183.8235294117647
T803950,C6815088,ERODE,60.44,11110.0,183.81866313699538
T1027596,C7463481,KANPUR,13.12,2409.0,183.6128048780488
T293690,C2030791,SILIGURI,7.37,1353.0,183.5820895522388
T59107,C8223492,DELHI,4.69,861.0,183.58208955223878
T91154,C2139037,SIVASAGAR,5.15,945.0,183.49514563106794
T702838,C8428571,SIVAGANGAI,0.12,22.0,183.33333333333334
T550793,C4212369,VISAKHAPATNAM,0.54,99.0,183.33333333333331
T725204,C2033868,MANGAL KARYALAY NASHIK,9.49,1739.0,183.245521601686
T468344,C1819060,BANGALORE,5.46,1000.0,183.15018315018315
T878137,C5228718,GURGAON,7.1,1299.94,183.09014084507044
T614601,C3326551,BANGALORE,0.82,150.0,182.9268292682927
T562659,C5817181,JEWELLARS THANE,0.9,164.6,182.88888888888889
T307341,C2236565,DELHI,7.99,1461.0,182.85356695869837
T120475,C4626018,MUMBAI,21.88,4000.0,182.81535648994517
T844329,C4521533,NAVI MUMBAI,5.8,1060.0,182.75862068965517
T981473,C2320592,CHENGANNUR,0.75,137.0,182.66666666666666
T711547,C1263649,CHENNAI,18.97,3463.5,182.57775434897206
T295794,C2242843,PUNE,2.74,500.0,182.4817518248175
T363232,C4446250,GURGAON,10.96,2000.0,182.4817518248175
T695633,C8798128,MUMBAI,16.44,3000.0,182.4817518248175
T829713,C5432513,CHANDIGARH,21.95,4004.0,182.4145785876993
T712180,C7677422,MOHALI,4.39,800.0,182.23234624145786
T863591,C6377463,MOHALI,4.39,800.0,182.23234624145786
T199654,C2919185,BARAMATI,32.93,6000.0,182.20467658669907
T317808,C3128138,WEST GODAVARI,12.08,2200.0,182.11920529801324
T692570,C7863163,HAVELI NR PRIDE ASHIYANA PUNE,76.9,14000.0,182.05461638491545
T59235,C3113389,CHANDIGARH,16.48,3000.0,182.0388349514563
T256077,C8212966,FARIDABAD,24.41,4443.0,182.01556739041376
T256998,C3112965,FARIDABAD,24.41,4443.0,182.01556739041376
T518399,C3020253,BANGALORE,0.11,20.0,181.8181818181818
T522518,C5420224,BANGALORE,0.11,20.0,181.8181818181818
T632974,C6820273,BANGALORE,0.11,20.0,181.8181818181818
T876559,C8925519,MUMBAI,5.54,1007.0,181.76895306859205
T508525,C8210612,BANGALORE,4.35,790.0,181.60919540229887
T628850,C4434162,ALWAR,8.26,1500.0,181.59806295399517
T878785,C6836125,CHITTO0R,1.79,325.0,181.56424581005587
T600775,C5616791,SONIPAT,1.57,285.0,181.52866242038215
T324806,C3022831,DELHI,6.06,1100.0,181.51815181518154
T149135,C7113930,BANGALORE,7.75,1406.76,181.51741935483872
T512272,C4734181,KOCHI,4.05,735.0,181.4814814814815
T509735,C7341245,DELHI,1.67,303.0,181.437125748503
T238466,C5985537,HYDERABAD,5.56,1008.63,181.40827338129498
T415341,C7031661,PUNE,2.59,469.56,181.29729729729732
T554071,C8539721,INDORE,137.91,25000.0,181.27764484083824
T294669,C5928646,JAIPUR,1.6,290.0,181.25
T72081,C5418313,MUMBAI,6.77,1226.0,181.09305760709012
T781873,C3025220,NEW DELHI,4.42,800.0,180.99547511312218
T901741,C8514568,VENKATA PURAM,10.5,1900.0,180.95238095238096
T277877,C1367736,PUNE,1.99,360.0,180.90452261306532
T317007,C4529979,DEHRADUN,9.78,1768.0,180.77709611451945
T555533,C7434869,BANGALORE,6.36,1149.0,180.66037735849056
T599260,C7328678,JAIPUR,1.44,260.0,180.55555555555557
T661473,C1715843,GURDASPUR,8.27,1493.0,180.53204353083436
T378339,C5697165,PUNE,138.5,25000.0,180.50541516245488
T972394,C8823782,GUNTUR,6.09,1099.0,180.45977011494253
T367719,C2039242,KARUR,0.61,110.0,180.32786885245903
T711476,C7831528,SHIMLA,23.56,4248.0,180.3056027164686
T74609,C7410217,THANE,13.86,2499.0,180.3030303030303
T530750,C4321571,VARANASI,11.17,2013.0,180.2148612354521
T722062,C2539481,NAVI MUMBAI,2.72,490.0,180.1470588235294
T854265,C5542981,RANGA REDDY,3.06,551.14,180.11111111111111
T691069,C2713232,(EAST) MUMBAI,4.1,738.0,180.00000000000003
T285858,C5734590,NEW DELHI,0.1,18.0,180.0
T933707,C3124024,MUMBAI,9.41,1693.0,179.91498405951117
T278687,C6635030,EAST MUMBAI,57.77,10393.0,179.90306387398303
T278935,C1934357,MUMBAI,12.23,2200.0,179.88552739165985
T989761,C3815223,CHANDIGARH,0.89,160.0,179.7752808988764
T737569,C3838812,MUMBAI,0.79,142.0,179.74683544303798
T225497,C1434751,SHIMLA,3.93,706.3,179.72010178117046
T146667,C5132958,PRAKASAM,4.93,886.0,179.71602434077082
T137868,C4740487,KANCHIPURAM,0.64,115.0,179.6875
T346700,C5140432,KANCHIPURAM,0.64,115.0,179.6875
T921206,C2240470,KANCHIPURAM,0.64,115.0,179.6875
T512846,C5931560,PRATAPGARH,5.84,1049.0,179.62328767123287
T270310,C2714539,VENKATA PURAM,10.5,1886.0,179.61904761904762
T125996,C5018049,BANGALORE,3.12,560.0,179.48717948717947
T833297,C8234022,CHENNAI,7.05,1265.0,179.43262411347519
T324202,C3815969,NEW DELHI,22.08,3960.0,179.34782608695653
T876928,C7312428,NORTH 24 PARGANAS,1.16,208.0,179.31034482758622
T884000,C4112474,NORTH 24 PARGANAS,1.16,208.0,179.31034482758622
T423580,C2921922,THANE,2.79,500.0,179.21146953405017
T390699,C4318343,BATHINDA,7.53,1347.51,178.95219123505976
T256654,C6211279,CHENNAI,0.76,136.0,178.94736842105263
T487166,C3329741,BHIWANDI,111.81,20000.0,178.87487702352203
T245398,C2584114,AURANGABAD,3.43,613.0,178.71720116618076
T445450,C4527936,VARANASI,0.75,134.0,178.66666666666666
T958727,C8221619,JODHPUR,0.89,159.0,178.65168539325842
T372920,C4834625,RANGA REDDY,2.8,500.0,178.57142857142858
T653665,C6213765,AHMEDABAD,1.26,225.0,178.57142857142858
T1035929,C8916177,PANCHKULA,1.12,200.0,178.57142857142856
T258444,C1047549,BATHINDA,0.56,100.0,178.57142857142856
T276031,C1533156,BARDHAMAN,0.28,50.0,178.57142857142856
T344952,C8847559,BATHINDA,0.56,100.0,178.57142857142856
T433832,C5233146,BARDHAMAN,0.28,50.0,178.57142857142856
T790113,C6233116,BARDHAMAN,0.28,50.0,178.57142857142856
T747673,C2490132,PANCHKULA,14.01,2500.0,178.44396859386154
T141260,C7094371,DELHI,3.66,653.0,178.4153005464481
T638168,C3964979,BANGALORE,6.73,1200.0,178.30609212481426
T271374,C5515040,MUMBAI,12.91,2300.0,178.15646785437644
T429623,C7610666,PUNE,0.73,130.0,178.08219178082192
T561033,C4480173,RUWI,78.92,14054.0,178.07906741003546
T240547,C6839712,VISAKHAPATNAM,26.59,4733.42,178.01504324934186
T546789,C7335830,THIRUVANANTHAPURAM,28.09,5000.0,177.99928800284798
T1035778,C1634477,GURGAON,6.22,1107.0,177.9742765273312
T173732,C3845661,PUNE,3.54,630.0,177.96610169491524
T58492,C4145652,PUNE,3.54,630.0,177.96610169491524
T927030,C4030244,HYDERABAD,84.3,15000.0,177.93594306049823
T26817,C4928836,KOLKATA,2.81,500.0,177.9359430604982
T812573,C3518082,BANGALORE,3.12,555.0,177.8846153846154
T623299,C2732533,CHANDIGARH,21.95,3901.62,177.7503416856492
T772725,C6523469,DEHRADUN,57.48,10216.0,177.7313848295059
T98975,C1789231,MUMBAI,2.2,391.0,177.72727272727272
T171608,C4010969,BELLANDUR POST BANGALORE,12.2,2167.95,177.70081967213113
T569830,C8690344,HYDERABAD,7.26,1290.0,177.68595041322314
T467315,C2041933,MUMBAI,37.59,6679.0,177.6802341048151
T396823,C2617252,NEW DELHI,3.66,650.0,177.59562841530055
T557582,C1313241,KOLKATA,7.32,1300.0,177.59562841530055
T962294,C2629684,CHENNAI,3.38,600.0,177.5147928994083
T983606,C5110638,BANGALORE,4.35,772.0,177.4712643678161
T133330,C4520560,GURGAON,1.15,204.0,177.3913043478261
T304385,C3028717,GURGAON,7.1,1259.05,177.33098591549296
T305651,C5417224,ALAPPUZHA,14.82,2628.0,177.32793522267207
T24295,C4344545,HOOGHLY,18.06,3202.0,177.29789590254708
T325423,C3138846,MUMBAI,0.79,140.0,177.2151898734177
T630642,C4138863,MUMBAI,0.79,140.0,177.2151898734177
T644860,C1636654,NEW DELHI,1.58,280.0,177.2151898734177
T761574,C6833885,MANGAL KARYALAY NASHIK,9.49,1681.0,177.13382507903054
T977656,C9016348,BETUL,14.62,2589.0,177.08618331053353
T448430,C6882786,MAIN RD P N PALAYAM COIMBATORE,2.05,363.0,177.07317073170734
T334724,C5610340,BANGALORE,1.13,200.0,176.9911504424779
T289790,C2868313,MUMBAI,56.99,10086.5,176.9871907352167
T750174,C8425742,WAYANAD,0.99,175.0,176.76767676767676
T184,C5523764,PATHANKOT,11.98,2117.0,176.7111853088481
T173173,C2423456,GUNTUR,5.66,1000.0,176.67844522968198
T4039,C7934960,HILLTOP NAGPUR,2.83,500.0,176.67844522968198
T429030,C7816169,DELHI,2.83,500.0,176.67844522968198
T547500,C6371282,DELHI,5.97,1054.0,176.5494137353434
T115271,C6327552,HYDERABAD,123.52,21800.0,176.4896373056995
T410418,C3323313,BELLARY,0.17,30.0,176.47058823529412
T735288,C3742938,ROAD PUNE,0.17,30.0,176.47058823529412
T875235,C8423336,BELLARY,0.17,30.0,176.47058823529412
T932967,C5842944,ROAD PUNE,0.17,30.0,176.47058823529412
T371909,C6413861,LUCKNOW,66.93,11783.99,176.0643956372329
T906162,C1242816,KANGRA,14.2,2500.0,176.05633802816902
T1008880,C1840453,MUMBAI,15.91,2800.0,175.9899434318039
T1005988,C2623392,VISAKHAPATNAM,39.71,6987.0,175.9506421556283
T435150,C1031739,NEW DELHI,3.1,545.0,175.80645161290323
T744962,C7738813,HYDERABAD,113.77,20000.0,175.7932671178694
T573105,C3542347,MUMBAI,142.25,25000.0,175.7469244288225
T430233,C6623115,KURNOOL,4.44,780.0,175.67567567567565
T184119,C8135790,BANGALORE,45.52,7995.0,175.63708260105446
T280747,C5836641,VIJAYAWADA,10.8,1896.0,175.55555555555554
T224140,C7733247,ERNAKULAM,20.38,3577.23,175.52649656526006
T304332,C4535715,BANGALORE,45.52,7988.69,175.49846221441123
T971325,C3638253,GURGAON,3.58,628.24,175.48603351955308
T10037,C5943239,GURGAON,0.57,100.0,175.43859649122808
T898491,C4043255,GURGAON,0.57,100.0,175.43859649122808
T93142,C8741290,MANDIR KOLKATA,0.57,100.0,175.43859649122808
T717500,C6139242,WEST GODAVARI,2.85,500.0,175.43859649122805
T906124,C2439262,WEST GODAVARI,2.85,500.0,175.43859649122805
T107860,C6613270,(EAST) MUMBAI,4.1,719.0,175.3658536585366
T339412,C6038773,NEW DELHI,171.11,30000.0,175.32581380398574
T122511,C5519179,HAMIRPUR,0.77,135.0,175.32467532467533
T545675,C8019118,HAMIRPUR,0.77,135.0,175.32467532467533
T893561,C1857253,BANGALORE,6.43,1127.0,175.27216174183516
T315950,C7739329,NAVI MUMBAI,0.56,98.13,175.23214285714283
T223517,C8956944,AMBEDKAR NAGAR,21.71,3800.0,175.0345462920313
T252291,C7127083,MUMBAI,0.4,70.0,175.0
T490921,C7613274,MUMBAI,1.2,210.0,175.0
T750720,C3918067,BANGALORE,3.12,546.0,175.0
T539555,C4690848,NORTH 24 PARGANAS,0.28,49.0,174.99999999999997
T946004,C2030377,GURGAON,71.45,12500.0,174.9475157452764
T794069,C7931973,THANJAVUR DT,3.23,565.0,174.92260061919504
T355945,C4412124,NEW DELHI,17.98,3145.0,174.91657397107898
T1041189,C5378041,RAJAMUNDRY,6.14,1073.72,174.87296416938113
T597184,C3529439,MUMBAI,7.84,1370.0,174.74489795918367
T752541,C8364152,GURGAON,18.21,3182.0,174.73915431081824
T177681,C6326643,AURANGABAD,1.26,220.0,174.6031746031746
T233214,C5327459,NAVI MUMBAI,24.63,4300.0,174.58384084449858
T603857,C7920847,VIZIANAGARAM,17.45,3046.0,174.55587392550143
T15237,C6747172,BANGALORE,3.65,637.0,174.5205479452055
T674256,C6232268,KURNOOL,1.8,314.0,174.44444444444443
T488383,C3712151,RUDRAPUR,4.45,776.0,174.38202247191012
T260937,C6035840,CHENNAI,14.45,2519.0,174.32525951557093
T869012,C7021175,PANCHKULA,17.41,3034.9,174.31935669155658
T482183,C8937931,MUMBAI,10.65,1856.0,174.27230046948355
T520246,C6134054,NEW DELHI,2.06,359.0,174.27184466019418
T560962,C1828547,JABALPUR,10.9,1899.0,174.22018348623854
T112214,C7025234,BANGALORE,21.25,3700.0,174.11764705882354
T456172,C2261466,THANE,9.99,1739.0,174.07407407407408
T922277,C3837317,PUNE,2.7,470.0,174.07407407407408
T554620,C6936361,SANT RAVIDAS NAGAR,0.19,33.0,173.68421052631578
T87196,C7618174,MUMBAI,85.4,14829.0,173.6416861826698
T159614,C2511831,VASHI  NAVI MUMBAI,2.88,500.0,173.61111111111111
T297566,C4318535,RAIPUR,2.88,500.0,173.61111111111111
T586577,C1418570,RAIPUR,2.88,500.0,173.61111111111111
T665454,C6311828,VASHI  NAVI MUMBAI,2.88,500.0,173.61111111111111
T741581,C1318527,RAIPUR,2.88,500.0,173.61111111111111
T958864,C8313271,MOHALI,3.09,536.0,173.46278317152104
T627471,C6718090,BANGALORE,3.12,541.0,173.39743589743588
T1011227,C6239236,WEST GODAVARI,2.85,494.0,173.33333333333331
T235302,C3637321,THANE,28.85,4994.0,173.10225303292893
T530357,C5815848,AHMEDABAD,5.78,1000.0,173.01038062283737
T431406,C1944441,GURGAON,92.51,16000.0,172.95427521349043
T811168,C2627530,PUNE,1.62,280.0,172.8395061728395
T899264,C5432026,PUNE,2.02,349.0,172.77227722772278
T359159,C2538823,ALLAHABAD,6.68,1154.0,172.75449101796409
T818485,C5913729,CHENNAI,1.67,288.2,172.5748502994012
T114217,C1623237,GAUTAM BUDDHA NAGAR,0.29,50.0,172.41379310344828
T220745,C3723976,DELHI,0.29,50.0,172.41379310344828
T269878,C6323959,DELHI,0.29,50.0,172.41379310344828
T274253,C2423959,DELHI,0.29,50.0,172.41379310344828
T27879,C3512464,NORTH 24 PARGANAS,1.16,200.0,172.41379310344828
T304441,C1723961,DELHI,0.29,50.0,172.41379310344828
T444256,C2922226,ERODE,0.58,100.0,172.41379310344828
T445153,C7641145,CHENNAI,0.58,100.0,172.41379310344828
T501461,C2423273,GAUTAM BUDDHA NAGAR,0.29,50.0,172.41379310344828
T526939,C3223268,GAUTAM BUDDHA NAGAR,0.29,50.0,172.41379310344828
T576476,C5323268,GAUTAM BUDDHA NAGAR,0.29,50.0,172.41379310344828
T640300,C4623234,GAUTAM BUDDHA NAGAR,0.29,50.0,172.41379310344828
T650183,C3123236,GAUTAM BUDDHA NAGAR,0.29,50.0,172.41379310344828
T765160,C5823967,DELHI,0.29,50.0,172.41379310344828
T847202,C3923278,GAUTAM BUDDHA NAGAR,0.29,50.0,172.41379310344828
T161386,C5627778,ALWAR,42.5,7327.0,172.4
T60856,C8633134,BANGALORE,40.31,6949.0,172.3889853634334
T581437,C5212180,RUDRAPUR,4.45,767.0,172.35955056179773
T1034461,C4131025,TIRUNELVELI,33.77,5819.17,172.31773763695585
T192086,C4052745,MOHALI,24.73,4258.21,172.18803073190458
T161222,C2291282,GORAKHPUR,1.51,260.0,172.18543046357615
T361445,C1712892,GANDHINAGAR,14.52,2500.0,172.1763085399449
T875832,C2220590,GURGAON,1.15,198.0,172.17391304347828
T418893,C7531469,DELHI,0.61,105.0,172.13114754098362
T96770,C5335980,BANGALORE,0.86,148.0,172.09302325581396
T867223,C3420686,KANNUR,7.55,1299.0,172.05298013245033
T956156,C5241665,RAJKOT,22.09,3799.0,171.97827071072885
T315839,C8523224,PUNE,4.21,723.4,171.82897862232778
T351267,C2928065,MUMBAI,11.64,2000.0,171.82130584192439
T784210,C8631942,ALLAHABAD,59.95,10300.0,171.80984153461216
T4892,C3921490,HYDERABAD,2.27,390.0,171.80616740088107
T396446,C3731718,DELHI,20.08,3448.0,171.71314741035857
T227700,C1622482,NIZAMPATNAM,6.29,1080.0,171.70111287758345
T797060,C8218471,GURGAON,6.83,1171.71,171.55344070278184
T1040909,C6034345,NAVI MUMBAI,58.3,10000.0,171.52658662092625
T291531,C2818856,NORTH 24 PARGANAS,0.35,60.0,171.42857142857144
T145644,C6233174,BARDHAMAN,0.28,48.0,171.42857142857142
T878848,C3928282,KANGRA,6.42,1100.0,171.33956386292834
T306575,C8210645,PUNE,0.73,125.0,171.23287671232876
T513622,C5210667,PUNE,0.73,125.0,171.23287671232876
T564476,C4066392,NOIDA,2.92,500.0,171.23287671232876
T681160,C3266353,NOIDA,2.92,500.0,171.23287671232876
T736443,C5066341,NOIDA,2.92,500.0,171.23287671232876
T760117,C2766330,NOIDA,2.92,500.0,171.23287671232876
T885272,C7535590,VADODARA,0.97,166.0,171.13402061855672
T886308,C8635520,VADODARA,0.97,166.0,171.13402061855672
T99844,C9021724,NEW DELHI,9.42,1612.0,171.12526539278133
T297717,C7010757,PUNE,0.45,77.0,171.11111111111111
T298215,C1710739,PUNE,0.45,77.0,171.11111111111111
T318621,C5510789,PUNE,0.45,77.0,171.11111111111111
T21676,C9029323,HARIDWAR,3.77,644.84,171.0450928381963
T901469,C6234951,NORTH 24 PARGANAS,1.46,249.6,170.95890410958904
T419620,C7638838,MUMBAI,0.79,135.0,170.88607594936707
T594634,C4128548,MAHABUBNAGAR,0.69,117.91,170.8840579710145
T961026,C1719238,CHENNAI,125.68,21472.0,170.84659452577975
T559705,C6337975,NORTH 24 PARGANAS,1.68,287.0,170.83333333333334
T765729,C8641114,CHENNAI,0.58,99.0,170.6896551724138
T880680,C4541054,MEDAK,2.93,500.0,170.64846416382252
T345501,C1042918,ROAD PUNE,0.17,29.0,170.58823529411762
T497644,C7716416,NOIDA,8.6,1466.35,170.50581395348837
T648314,C3630245,NAGAR A BLOCK CHENNAI,58.65,10000.0,170.50298380221653
T435154,C1724256,PUNE,52.1,8883.0,170.49904030710172
T404787,C7819252,GHAZIABAD,9.5,1619.0,170.42105263157896
T630200,C6230068,JAIPUR,0.27,46.0,170.37037037037035
T1011558,C3934732,RANGA REDDY,4.11,700.0,170.316301703163
T815734,C5681990,BANGALORE,8.22,1400.0,170.316301703163
T1032297,C2222526,MUMBAI,11.04,1880.0,170.28985507246378
T74191,C9065613,KANCHEEPURAM,3.69,628.0,170.18970189701898
T769846,C2835936,NOIDA,14.69,2500.0,170.1837985023826
T155445,C4731733,KALYANI NAGAR PUNE,82.28,14000.0,170.15070491006318
T886810,C1010652,BANGALORE,4.35,740.0,170.11494252873564
T349104,C6038877,ALLAHABAD,6.68,1136.28,170.10179640718565
T758027,C5436419,PATHANAMTHITTA,2.94,500.0,170.06802721088437
T1003447,C5356229,NELLORE,4.0,680.0,170.0
T1004586,C2110025,MUMBAI,1.0,170.0,170.0
T433630,C6273625,MUMBAI,1.0,170.0,170.0
T688905,C5310089,MUMBAI,1.0,170.0,170.0
T786881,C6635757,MUMBAI,1.0,170.0,170.0
T248480,C8436653,VIJAYAWADA,10.8,1835.0,169.9074074074074
T791690,C4432342,BANGALORE,3.1,526.45,169.8225806451613
T751596,C6426427,IMPHAL WEST,12.21,2073.44,169.8149058149058
T675729,C3133935,GANDHINAGAR,6.95,1180.0,169.78417266187049
T844412,C5638876,GORAKHPUR,0.33,56.0,169.6969696969697
T607460,C4742663,BANGALORE,9.41,1596.0,169.6068012752391
T233599,C2117317,COIMBATORE,40.87,6926.0,169.4641546366528
T622689,C4339073,NEW DELHI,8.97,1520.0,169.45373467112597
T403637,C1910091,HOWRAH,17.71,3000.0,169.3958215697346
T198524,C4332539,EAST GODAVARI,7.79,1319.0,169.3196405648267
T502951,C1229190,KASARAGOD,8.69,1471.0,169.27502876869966
T268169,C7337351,TEZPUR,19.5,3300.0,169.23076923076923
T981192,C5123750,PATHANKOT,11.98,2026.74,169.1769616026711
T536410,C2932714,NEW DELHI,4.14,700.0,169.08212560386474
T353158,C5611643,NASHIK,4.31,728.65,169.0603248259861
T565788,C3013230,(EAST) MUMBAI,4.1,692.99,169.0219512195122
T1002284,C8723292,GAUTAM BUDDHA NAGAR,0.29,49.0,168.96551724137933
T180449,C6735834,HYDERABAD,0.58,98.0,168.96551724137933
T197074,C4735830,HYDERABAD,0.58,98.0,168.96551724137933
T550007,C3035814,HYDERABAD,0.58,98.0,168.96551724137933
T62555,C1523964,DELHI,0.29,49.0,168.96551724137933
T725457,C7223932,DELHI,0.29,49.0,168.96551724137933
T102717,C7928324,WORLI,7.28,1230.0,168.95604395604394
T311893,C1426651,GHAZIABAD,10.66,1800.0,168.85553470919325
T805331,C4741573,MANGALORE,1.7,287.0,168.82352941176472
T590325,C8126645,COLONY GORAKHPUR,0.16,27.0,168.75
T995608,C8216164,PANCHKULA,1.12,189.0,168.74999999999997
T733787,C2535822,CHENNAI,14.45,2437.0,168.65051903114187
T830517,C8735733,HYDERABAD,45.9,7740.79,168.6446623093682
T503247,C4186681,MUMBAI,3.38,570.0,168.63905325443787
T979401,C3129856,DELHI,6.98,1177.0,168.62464183381087
T315917,C7932290,KURNOOL,1.8,303.42,168.56666666666666
T203721,C2017351,JAMSHEDPUR,0.89,150.0,168.53932584269663
T865106,C8617347,JAMSHEDPUR,0.89,150.0,168.53932584269663
T293479,C2522461,NIZAMPATNAM,6.29,1060.0,168.5214626391097
T1022822,C6124956,SCHOOL SOUTH 24 PARGANAS,26.75,4507.0,168.48598130841123
T698235,C4120045,NEW DELHI,0.92,155.0,168.47826086956522
T700511,C4020073,NEW DELHI,0.92,155.0,168.47826086956522
T835346,C6139278,WEST GODAVARI,2.85,480.0,168.42105263157893
T153133,C2030020,UP HANDLOOMS HYDERABAD,3.07,517.0,168.4039087947883
T874165,C6236017,KOLKATA,49.19,8280.0,168.32689571051029
T286589,C2110375,BANGALORE,1.13,190.0,168.141592920354
T135653,C5631732,DELHI,20.08,3376.0,168.12749003984067
T1022856,C7934719,RANGA REDDY,4.11,691.0,168.1265206812652
T953208,C7813727,NOIDA,3.61,606.9,168.1163434903047
T652118,C6911158,KOLKATA,10.0,1681.0,168.1
T721786,C5811864,VASHI  NAVI MUMBAI,2.88,484.0,168.05555555555557
T367093,C4124846,ALWAR,10.09,1695.0,167.98810703666996
T694783,C2333153,BARDHAMAN,0.28,47.0,167.85714285714283
T738322,C6622024,GHAZIABAD,1.43,240.0,167.83216783216784
T671469,C4482769,MAIN RD P N PALAYAM COIMBATORE,2.05,344.0,167.8048780487805
T526982,C1922683,PATAUDI,16.69,2800.0,167.76512881965246
T322031,C2222812,FARIDABAD,17.26,2895.0,167.72885283893393
T333197,C6374531,BANGALORE,8.7,1459.01,167.70229885057472
T333198,C7974548,BANGALORE,8.7,1459.01,167.70229885057472
T1040278,C4410621,SINGAPERUMAL KOIL,1.64,275.0,167.6829268292683
T729133,C8711378,CHANDIGARH,1.76,295.0,167.61363636363637
T172600,C8242783,BAGALKOT,1.79,300.0,167.5977653631285
T397182,C1442761,BAGALKOT,1.79,300.0,167.5977653631285
T383115,C5222832,DELHI,6.06,1015.0,167.49174917491752
T287764,C7534780,RANGA REDDY,4.11,688.0,167.39659367396592
T556353,C3114144,NEW DELHI,2.69,450.0,167.28624535315984
T639927,C3841331,MEDINIPUR,11.93,1995.0,167.2254819782062
T168193,C1527830,DELHI,2.99,500.0,167.22408026755852
T950612,C7715934,GHAZIABAD,5.99,1000.0,166.9449081803005
T81531,C5193383,KHANDWA,3.96,661.0,166.91919191919192
T115282,C4117632,BANGALORE,4.49,749.0,166.81514476614697
T112497,C7338811,MUMBAI,0.79,131.78,166.81012658227849
T656633,C8120869,MUMBAI,386.28,64434.0,166.80646163404785
T670978,C5720849,MUMBAI,386.28,64434.0,166.80646163404785
T70180,C1911413,AURANGABAD,11.99,2000.0,166.80567139282735
T743471,C6620548,GURGAON,1.15,191.8,166.7826086956522
T123483,C6116665,VADODARA,15.91,2652.95,166.7473287240729
T1020701,C2115913,DELHI,0.15,25.0,166.66666666666669
T29152,C5765787,GURGAON,0.6,100.0,166.66666666666669
T298791,C2665735,GURGAON,0.6,100.0,166.66666666666669
T30445,C8665712,GURGAON,0.6,100.0,166.66666666666669
T316699,C6919312,INDORE,0.48,80.0,166.66666666666669
T419642,C3565728,GURGAON,0.6,100.0,166.66666666666669
T422175,C7865785,GURGAON,0.6,100.0,166.66666666666669
T48096,C5065755,GURGAON,0.6,100.0,166.66666666666669
T496619,C6154152,GOHANA,0.48,80.0,166.66666666666669
T496969,C4365782,GURGAON,0.6,100.0,166.66666666666669
T503648,C2827071,RUPNAGAR,3.57,595.0,166.66666666666669
T562110,C8665749,GURGAON,0.6,100.0,166.66666666666669
T897373,C2765778,GURGAON,0.6,100.0,166.66666666666669
T912235,C5813057,PRAKASAM DIST (AP),0.36,60.0,166.66666666666669
T95776,C6465769,GURGAON,0.6,100.0,166.66666666666669
T974924,C8965784,GURGAON,0.6,100.0,166.66666666666669
T497285,C7864959,GURGAON,0.39,65.0,166.66666666666666
T694407,C4028879,KOLKATA,19.33,3220.0,166.58044490429387
T462598,C1130984,PUNE,10.22,1701.0,166.43835616438355
T156857,C3074977,PUNE,65.85,10957.0,166.39331814730448
T413208,C3216946,THANE,6.01,1000.0,166.38935108153078
T358328,C5730976,PUNE,10.22,1700.0,166.34050880626222
T262990,C8325891,UDALGURI,30.06,5000.0,166.33399866932803
T447928,C7188831,CHENNAI,2.88,479.0,166.31944444444446
T90155,C7416973,THANE,6.01,999.0,166.22296173044927
T250856,C2434749,RANGA REDDY,4.11,683.0,166.18004866180047
T420501,C5129511,DELHI,5.84,970.0,166.0958904109589
T309091,C6111414,CHENNAI,60.22,10000.0,166.05778811026238
T583703,C8934277,CEAT TYRE MUMBAI,8.07,1340.0,166.04708798017347
T1006210,C1936051,PANCHKULA,60.28,10000.0,165.89250165892503
T332577,C2738790,MUMBAI,35.87,5950.0,165.87677725118485
T300095,C6938622,BANGALORE,0.7,116.0,165.71428571428572
T728600,C2356940,SURAT,15.09,2500.0,165.6726308813784
T148642,C4339583,BANGALORE,70.96,11752.0,165.6144306651635
T294883,C4635063,GHAZIABAD,4.52,748.0,165.48672566371684
T327367,C4614855,AHMEDABAD,60.44,10000.0,165.4533421575116
T37816,C6641469,DELHI,12.09,2000.0,165.42597187758477
T68975,C3211525,THANE,41.11,6800.0,165.40987594259303
T41893,C6126525,SAHARANPUR,3.93,650.0,165.39440203562341
T889610,C8829041,ALLAHABAD,136.83,22629.0,165.38039903529926
T452450,C2425575,CANDOLIM BARDEZ,12.97,2144.0,165.30454895913647
T113123,C7354381,NOIDA,3.63,600.0,165.28925619834712
T943560,C6336056,BENGALURU,39.92,6596.01,165.2307114228457
T808328,C3018738,BURDWAN,30.29,5000.0,165.0709805216243
T1022376,C6821620,BANGALORE,7.3,1205.0,165.06849315068493
T23399,C2523755,PATHANKOT,11.98,1976.0,164.9415692821369
T554381,C8526312,MEERUT,1.51,249.0,164.90066225165563
T381100,C7720487,AGRA,10.19,1680.0,164.86751717369972
T333450,C2885648,PUNE,0.71,117.0,164.7887323943662
T471463,C7429820,DELHI,6.98,1150.0,164.756446991404
T88661,C4077878,UDAIPUR,103.22,17000.0,164.69676419298585
T471521,C1559953,DELHI,1.97,324.0,164.46700507614213
T415312,C2625153,PUNE,3.43,564.0,164.43148688046645
T295210,C6323138,KURNOOL,4.44,730.0,164.4144144144144
T100513,C8043090,CHENNAI,8.06,1325.0,164.39205955334987
T133189,C7210614,PUNE,0.73,120.0,164.38356164383563
T217765,C6710645,PUNE,0.73,120.0,164.38356164383563
T694290,C4541030,DELHI,1.61,264.52,164.2981366459627
T303618,C2338683,BANGALORE,0.7,115.0,164.2857142857143
T751026,C1420736,DELHI,2.74,450.0,164.23357664233575
T197164,C4762561,THANE,14.02,2301.65,164.16904422253924
T386450,C5710668,BANGALORE,4.35,714.0,164.13793103448276
T490180,C3823567,GUNTUR,62.88,10320.0,164.12213740458014
T316435,C4632539,BAZAAR BANGALORE,47.24,7750.0,164.05588484335308
T931488,C1111732,BANGALORE,4.94,810.0,163.96761133603238
T651826,C9026679,NAVI MUMBAI,20.74,3400.01,163.93490838958536
T185931,C2724741,GHAZIABAD,0.61,100.0,163.9344262295082
T187751,C2824740,GHAZIABAD,0.61,100.0,163.9344262295082
T201035,C3818543,THANE,0.61,100.0,163.9344262295082
T341357,C2331683,PUMP OPP RAKESH TRA CO JODHPUR,0.61,100.0,163.9344262295082
T3464,C2839284,KARUR,0.61,100.0,163.9344262295082
T431129,C2024723,GHAZIABAD,0.61,100.0,163.9344262295082
T872235,C6518073,ALIGARH,1.22,200.0,163.9344262295082
T915817,C2224787,GHAZIABAD,0.61,100.0,163.9344262295082
T949548,C5431689,PUMP OPP RAKESH TRA CO JODHPUR,0.61,100.0,163.9344262295082
T410538,C1117283,NEW DELHI,3.66,600.0,163.93442622950818
T234509,C4031369,BANGALORE,0.78,127.81,163.85897435897436
T157291,C8541025,MEDAK,2.93,479.98,163.81569965870307
T32816,C8034928,BANGALORE,2.18,357.0,163.76146788990823
T788743,C2818556,CHENNAI,7.86,1287.0,163.74045801526717
T767380,C8017276,NEW DELHI,3.66,599.0,163.66120218579235
T338949,C7138729,NEW DELHI,171.11,28000.0,163.63742621705333
T803201,C1938333,BAWAL,38.36,6276.0,163.60792492179354
T116289,C4035167,KOLKATA,79.48,13000.0,163.56316054353294
T679913,C5485914,BANGALORE,4.27,698.0,163.46604215456676
T427479,C4721273,CHENNAI,8.72,1425.0,163.41743119266053
T300187,C5932336,NOIDA,1.53,250.0,163.3986928104575
T316436,C5732361,NOIDA,1.53,250.0,163.3986928104575
T1024542,C3423750,GUNTUR,6.09,995.0,163.38259441707717
T172227,C7829945,JAMSHEDPUR,142.25,23200.0,163.09314586994728
T867160,C1920924,LUDHIANA,18.4,3000.0,163.0434782608696
T931443,C6320015,NEW DELHI,0.92,150.0,163.04347826086956
T703555,C1157066,GUNTUR,18.37,2995.0,163.03756124115404
T127054,C3213948,NOIDA,17.71,2887.0,163.01524562394127
T485281,C3060661,BANGALORE,61.38,10000.0,162.91951775822744
T131169,C5380549,DELHI,2.45,399.0,162.85714285714283
T436472,C1964952,BANGALORE,6.73,1095.0,162.704309063893
T112857,C2336153,PATHANAMTHITTA,1.63,265.0,162.57668711656441
T926435,C7568058,KOLKATA,6.33,1029.0,162.55924170616115
T194836,C7331958,THANJAVUR DT,3.23,525.0,162.53869969040247
T150443,C7334571,PANIPAT,18.46,3000.0,162.51354279523292
T177460,C1634577,PANIPAT,18.46,3000.0,162.51354279523292
T75054,C2434521,PANIPAT,18.46,3000.0,162.51354279523292
T622796,C1678690,DELHI,1.84,299.0,162.5
T72844,C4823867,DELHI,3.74,607.0,162.2994652406417
T498243,C8324747,GHAZIABAD,0.61,99.0,162.29508196721312
T80739,C8316745,BANGALORE,63.09,10237.0,162.2602631161832
T998817,C5472862,DELHI,246.52,40000.0,162.2586402725945
T563813,C7711856,STORE BANGALORE,8.63,1400.0,162.22479721900345
T620068,C8523341,GULBARGA,13.74,2225.81,161.99490538573508
T676106,C3946088,CHHINDWARA,131.86,21352.0,161.92931897467008
T541891,C1130324,PALGHAR,10.16,1645.0,161.90944881889763
T253299,C4641839,BALKUM THANE THANE,3.09,500.0,161.81229773462783
T449192,C6211515,NEW DELHI,33.59,5434.0,161.77433760047631
T914462,C7232350,PANVEL,63.68,10300.0,161.7462311557789
T14679,C8234971,NORTH 24 PARGANAS,1.46,236.0,161.64383561643837
T347234,C1142841,AURANGABAD,11.64,1880.0,161.51202749140893
T395705,C6115257,BANGALORE,57.15,9230.0,161.50481189851268
T239230,C7741075,DELHI,1.61,260.0,161.49068322981364
T953007,C3226270,SHILLLONG,69.98,11298.0,161.44612746498998
T567504,C7629368,MAHALAXMI(EAST) MUMBAI,21.69,3500.0,161.36468418626094
T113706,C1010081,HOWRAH,17.71,2856.0,161.26482213438734
T8923,C3140542,MUMBAI,16.15,2600.0,160.99071207430342
T504129,C7436347,MUMBAI,1.23,198.0,160.97560975609755
T640859,C4819749,JAMNAGAR,7.17,1154.0,160.9483960948396
T661170,C6340547,MUMBAI,16.15,2599.0,160.92879256965946
T319315,C2838158,GANGTOK,1.1,177.0,160.9090909090909
T834711,C7338150,GANGTOK,1.1,177.0,160.9090909090909
T969065,C4389937,DELHI,285.99,45990.0,160.80981852512326
T29442,C5821723,NOIDA,1.99,320.0,160.80402010050253
T753434,C6313739,GREATER NOIDA,48.68,7827.0,160.784716516023
T906470,C5424786,GHAZIABAD,0.61,98.0,160.65573770491804
T697580,C6623844,NOIDA,1.65,265.0,160.60606060606062
T497375,C2521472,AURANGABAD,96.55,15500.0,160.53858104609012
T758033,C5977223,KOTHAMANGALAM,52.95,8500.0,160.52880075542964
T184479,C6326432,PUNE,3.11,499.0,160.4501607717042
T131542,C8511828,VASHI  NAVI MUMBAI,2.88,462.0,160.41666666666669
T230935,C8935874,JALANDHAR,1.54,247.0,160.3896103896104
T106788,C6588517,MUMBAI,5.3,850.0,160.37735849056605
T885373,C8571970,RISHIKESH,2.92,468.28,160.36986301369862
T866462,C5626343,TONK,4.36,699.0,160.32110091743118
T377437,C5042365,NOIDA,4.99,800.0,160.32064128256513
T113005,C2541730,BANGALORE,43.24,6930.0,160.26827012025902
T976978,C6234780,DELHI,1.56,250.0,160.25641025641025
T474216,C8110037,HOWRAH,17.71,2838.0,160.24844720496893
T992330,C3950434,ERNAKULAM,27.58,4416.9,160.14865844815083
T919374,C8144227,AHMEDABAD,3.61,578.0,160.11080332409972
T658456,C7585592,HYDERABAD,5.56,890.0,160.07194244604318
T269959,C8413252,PUNE,10.61,1698.0,160.03770028275213
T377604,C7329927,THANE WEST,1.0,160.0,160.0
T584526,C4499871,KHURDA BHUBANESWAR,0.55,88.0,160.0
T871478,C3774547,BANGALORE,0.35,56.0,160.0
T367624,C7532152,CALANGUTE,218.77,35000.0,159.98537276591853
T102325,C5914648,NEW DELHI,21.03,3360.0,159.77175463623394
T300962,C8938779,KHARAR,47.04,7510.0,159.65136054421768
T114580,C2311436,TIRUVANNAMALAI,0.94,150.0,159.5744680851064
T115194,C8011453,TIRUVANNAMALAI,0.94,150.0,159.5744680851064
T538003,C3524877,DOMBIVALI EAST THANE,0.94,150.0,159.5744680851064
T602697,C3129272,CHENNAI,0.94,150.0,159.5744680851064
T675696,C2711833,MUMBAI,0.94,150.0,159.5744680851064
T120390,C4736021,NOIDA,0.69,110.0,159.42028985507247
T54643,C7539057,SIVASAGAR,5.15,821.0,159.41747572815532
T963921,C4661291,DELHI,4.58,730.0,159.3886462882096
T515139,C6229870,MUMBAI,30.36,4839.0,159.38735177865613
T365273,C7840486,KANCHIPURAM,0.64,102.0,159.375
T143877,C4659789,DELHI,48.12,7668.93,159.3709476309227
T743034,C3918884,NAVI MUMBAI,1.91,304.36,159.35078534031416
T799734,C6583165,THANE,34.72,5532.56,159.3479262672811
T717379,C6928152,PATNA,5.65,900.0,159.29203539823007
T43586,C2739071,SIVASAGAR,5.15,820.0,159.22330097087377
T69624,C2913184,WEST MIDNAPORE,5.81,925.0,159.20826161790018
T695437,C1218784,HYDERABAD,20.55,3270.0,159.12408759124088
T828836,C5112344,LUDHIANA,57.91,9214.0,159.1089621826973
T465304,C7067853,CHENNAI,0.88,140.0,159.0909090909091
T908656,C8628343,MEDAK,8.8,1400.0,159.09090909090907
T592652,C7431685,PUMP OPP RAKESH TRA CO JODHPUR,0.61,97.0,159.01639344262296
T782330,C3131912,DELHI,1.28,203.45,158.9453125
T829175,C8710614,MALDA,6.42,1020.0,158.8785046728972
T993141,C4213021,NEW DELHI,23.12,3671.75,158.81271626297578
T871512,C5020627,KANNUR,7.55,1199.0,158.80794701986756
T67841,C5038625,BANGALORE,8.31,1319.08,158.73405535499396
T1028716,C5677645,GURGAON,0.63,100.0,158.73015873015873
T220480,C4915574,DARBHANGA,1.26,200.0,158.73015873015873
T438874,C4060021,FARIDABAD,0.63,100.0,158.73015873015873
T560120,C3360034,FARIDABAD,0.63,100.0,158.73015873015873
T948024,C6626684,AURANGABAD,1.26,200.0,158.73015873015873
T271884,C1035139,ERODE,6.26,993.0,158.6261980830671
T268160,C8641488,THANE,45.26,7175.39,158.5371188687583
T925308,C7721616,JODHPUR,0.89,141.05,158.48314606741573
T116667,C4218229,NEW DELHI,6.31,1000.0,158.4786053882726
T422906,C6822261,MUMBAI,9.47,1500.0,158.3949313621964
T690217,C1142625,DELHI,1.2,190.0,158.33333333333334
T60070,C2863672,CHENNAI,18.97,3003.01,158.3031101739589
T88138,C8531957,NELLORE,126.35,20000.0,158.29046299960427
T617417,C6738864,MUMBAI,0.79,125.0,158.2278481012658
T552915,C2017885,MUMBAI,0.31,49.0,158.06451612903226
T41688,C3934526,AHMEDABAD,6.33,1000.0,157.9778830963665
T539688,C8334563,AHMEDABAD,6.33,1000.0,157.9778830963665
T305198,C2736159,GREATER NOIDA,1.64,259.0,157.9268292682927
T839790,C6532580,PUNE,10.33,1631.1,157.89932236205226
T832105,C1670480,BETUL,3.23,510.0,157.89473684210526
T14994,C3431282,ROURKELA,81.62,12878.68,157.7882871845136
T1007316,C7721729,GURGAON,2.15,339.06,157.70232558139534
T167814,C1120163,KOLKATA,13.32,2100.0,157.65765765765767
T662481,C6425952,GURGAON,4.55,716.92,157.56483516483516
T324662,C5534950,NORTH 24 PARGANAS,1.46,230.0,157.53424657534248
T523316,C6519648,UDAIPUR,24.95,3930.0,157.51503006012024
T284948,C8471020,GHAZIABAD,19.8,3113.0,157.22222222222223
T301100,C5238660,BANGALORE,0.7,110.0,157.14285714285714
T582704,C1837086,JAIPUR,9.55,1500.0,157.0680628272251
T853693,C2937067,JAIPUR,9.55,1500.0,157.0680628272251
T59221,C4598542,SHAHJAHANPUR,108.29,17000.0,156.98587127158555
T818600,C2738630,GURGAON,12.33,1934.3,156.87753446877534
T563571,C5532915,OFFICE KHORDHA,0.51,80.0,156.86274509803923
T259680,C4830786,NAVI MUMBAI,60.57,9500.0,156.843321776457
T892213,C7845612,PUNE,3.54,555.0,156.77966101694915
T179351,C5339475,HYDERABAD,1.66,260.0,156.6265060240964
T858131,C1224282,CHENNAI,2.42,379.0,156.61157024793388
T886758,C2420565,GURGAON,1.15,180.0,156.52173913043478
T913615,C2720547,GURGAON,1.15,180.0,156.52173913043478
T150271,C3466314,MUMBAI,43.74,6840.0,156.37860082304525
T159078,C4814766,HASSAN,10.72,1676.0,156.34328358208955
T74922,C6632323,KOLKATA,25.87,4042.4,156.2582141476614
T1010342,C1440488,KANCHIPURAM,0.64,100.0,156.25
T1012951,C6640432,KANCHIPURAM,0.64,100.0,156.25
T1016307,C7340425,KANCHIPURAM,0.64,100.0,156.25
T104944,C4027412,MUMBAI,1.6,250.0,156.25
T106310,C8227420,MUMBAI,1.6,250.0,156.25
T118810,C3527429,MUMBAI,1.6,250.0,156.25
T118855,C5827444,MUMBAI,1.6,250.0,156.25
T120086,C7427458,MUMBAI,1.6,250.0,156.25
T120391,C6027467,MUMBAI,1.6,250.0,156.25
T176888,C8140463,KANCHIPURAM,0.64,100.0,156.25
T177353,C7940471,KANCHIPURAM,0.64,100.0,156.25
T202211,C5727487,MUMBAI,1.6,250.0,156.25
T205307,C8427416,MUMBAI,1.6,250.0,156.25
T291683,C6722855,CHENNAI,0.96,150.0,156.25
T380928,C2840446,KANCHIPURAM,0.64,100.0,156.25
T404076,C2740460,KANCHIPURAM,0.64,100.0,156.25
T482318,C3840444,KANCHIPURAM,0.64,100.0,156.25
T58635,C2167242,MAHENDERGARH,0.64,100.0,156.25
T711323,C8340483,KANCHIPURAM,0.64,100.0,156.25
T805026,C8340449,KANCHIPURAM,0.64,100.0,156.25
T837381,C2140429,KANCHIPURAM,0.64,100.0,156.25
T884263,C6540463,KANCHIPURAM,0.64,100.0,156.25
T945870,C1536330,BANGALORE,0.32,50.0,156.25
T992302,C8740412,KANCHIPURAM,0.64,100.0,156.25
T300429,C4670321,FATEHGARH SAHIB,4.48,700.0,156.24999999999997
T675730,C4736727,HAZARIBAGH,5.11,798.0,156.16438356164383
T552689,C1224726,LUDHIANA KHANNA,29.76,4646.0,156.11559139784944
T115233,C7283747,PALAKKAD,16.26,2538.0,156.08856088560884
T234234,C6924966,NO 3 KALYANI NAGAR PUNE,1.73,270.0,156.0693641618497
T722321,C9038745,DELHI,6.73,1050.0,156.01783060921247
T44474,C8913734,LUCKNOW,0.5,78.0,156.0
T982494,C6223739,PATHANKOT,11.98,1868.64,155.97996661101837
T311897,C5298118,ROPAR,8.29,1293.0,155.97104945717734
T442847,C4116232,VISAKHAPATNAM,394.46,61489.0,155.88145819601482
T442965,C8716215,VISAKHAPATNAM,394.46,61489.0,155.88145819601482
T253511,C4724737,SOLAN,57.53,8966.0,155.84912219711455
T183791,C4939232,KARUR,0.61,95.0,155.7377049180328
T282115,C7339249,KARUR,0.61,95.0,155.7377049180328
T1005457,C6434747,RANGA REDDY,4.11,640.0,155.7177615571776
T749187,C6310375,PUNE,3.5,545.0,155.71428571428572
T160339,C2625352,DELHI,3.34,520.0,155.68862275449104
T672473,C6491936,CHENNAI,472.44,73510.0,155.59647785962238
T54523,C3441540,NEW DELHI,8.1,1260.0,155.55555555555557
T766702,C5212681,GURAGAON,33.44,5200.0,155.50239234449762
T890238,C1263430,KANPUR,13.12,2040.0,155.4878048780488
T971880,C3031943,DELHI,1.28,199.0,155.46875
T324169,C5512654,GURAGAON,33.44,5198.0,155.44258373205741
T219472,C1630337,PUNE,1.93,300.0,155.44041450777203
T91279,C3411056,PURVAVANTAGE APT BENGALURU,64.39,10000.0,155.3036185743128
T151940,C1929223,CHHINDWARA,34.66,5382.0,155.2798615118292
T543874,C7113428,MORADABAD,3.35,520.0,155.22388059701493
T131403,C8424364,MUMBAI,4.22,655.0,155.2132701421801
T652640,C3023219,GAUTAM BUDDHA NAGAR,0.29,45.0,155.17241379310346
T108454,C1912416,MUMBAI,7.53,1168.0,155.1128818061089
T891801,C4134767,GHAZIABAD,116.09,18000.0,155.0521147385649
T461659,C8316920,MUMBAI,8.12,1258.92,155.0394088669951
T283311,C3439167,DEHRADUN,2.58,400.0,155.03875968992247
T919575,C3815726,MUMBAI,7.74,1200.0,155.03875968992247
T503274,C7530361,PALGHAR,10.16,1575.0,155.01968503937007
T808812,C4913729,MUMBAI,1.0,155.0,155.0
T811579,C8949286,MIDNAPORE,0.2,31.0,155.0
T965860,C7729690,CHENNAI,3.38,523.57,154.90236686390534
T704112,C4837988,NORTH 24 PARGANAS,1.68,260.0,154.76190476190476
T585265,C5740274,CHENNAI,3.82,591.0,154.71204188481676
T138396,C6720838,JAIPUR,61.45,9500.0,154.59723352318957
T569540,C6734989,BANGALORE,2.18,337.0,154.58715596330273
T869395,C2237419,GHAZIABAD,0.77,119.0,154.54545454545453
T174959,C6138759,DELHI,6.73,1040.0,154.53194650817235
T389858,C3916569,MUMBAI,7.67,1185.0,154.4980443285528
T108527,C7630322,BAGALKOT,2.59,400.0,154.44015444015446
T46799,C4530386,PUNE,1.93,298.0,154.40414507772022
T241496,C5120381,MALAPPURAM,6.75,1042.0,154.37037037037038
T876797,C8127521,PUNE,1.62,250.0,154.320987654321
T812121,C5911692,SONIPAT,117.65,18150.0,154.27114322141946
T77855,C8428112,NEENDOOR,45.38,6999.0,154.23093873953283
T356071,C2076074,FARIDABAD,6.28,968.0,154.14012738853503
T530903,C6132830,KALYAN,7.14,1100.0,154.06162464985997
T296648,C3731625,PUNE,2.59,399.0,154.05405405405406
T1040214,C1131432,FARIDABAD,2.39,368.0,153.97489539748952
T731771,C1835659,RANCHI,2.06,317.0,153.88349514563106
T172336,C8923145,BAHADURGARH (HARYANA),0.65,100.0,153.84615384615384
T18479,C8239446,DELHI,1.3,200.0,153.84615384615384
T20103,C1327380,MUKERIAN,0.13,20.0,153.84615384615384
T351464,C5424971,NEW DELHI,39.0,6000.0,153.84615384615384
T466044,C9027914,BAWAL,0.65,100.0,153.84615384615384
T74902,C3124517,NAMAKKAL,0.65,100.0,153.84615384615384
T862399,C4428141,KURALI,0.26,40.0,153.84615384615384
T353540,C6998991,PATNA,162.51,25000.0,153.83668697310935
T395780,C2998945,PATNA,162.51,25000.0,153.83668697310935
T418895,C3298920,PATNA,162.51,25000.0,153.83668697310935
T442238,C4798950,PATNA,162.51,25000.0,153.83668697310935
T453659,C8718635,LUDHIANA,98.21,15102.31,153.77568475715304
T504061,C4535077,GHAZIABAD,4.52,695.0,153.76106194690266
T337285,C7377957,BANGALORE,16.26,2500.0,153.75153751537513
T979543,C5533711,DELHI,5.46,839.0,153.66300366300365
T953187,C6818638,ETAWAH,10.09,1550.0,153.61744301288405
T393600,C1139912,MUMBAI,53.77,8260.0,153.61725869443927
T570205,C3232724,VADODARA VADODARA,2.54,390.0,153.54330708661416
T756565,C7234940,DELHI,3.26,500.0,153.37423312883436
T980735,C4635342,AMRITSAR,45.64,7000.0,153.37423312883436
T981752,C7635316,AMRITSAR,45.64,7000.0,153.37423312883436
T982202,C3835380,AMRITSAR,45.64,7000.0,153.37423312883436
T499240,C4535486,MUMBAI,2.7,414.0,153.33333333333331
T71520,C8522036,SIKAR,4.24,650.0,153.30188679245282
T235045,C7539049,PUNE,78.29,12000.0,153.27628049559328
T901450,C4731913,THANJAVUR DT,3.23,495.0,153.25077399380805
T145842,C8318667,DELHI,17.62,2700.0,153.2349602724177
T229636,C3746249,KURUKSHETRA,2.63,403.0,153.2319391634981
T955564,C6032645,GURGAON,8.68,1330.0,153.2258064516129
T886329,C7811775,GUWAHATI,15.02,2301.0,153.19573901464713
T120866,C1729440,TARAPUR APP THANE THANE,4.57,700.0,153.17286652078775
T999218,C6328336,KOLKATA,6.33,969.0,153.08056872037915
T904546,C1126314,DHENKANAL,2.6,398.0,153.07692307692307
T889450,C4610143,BANGALORE,65.35,10000.0,153.02218821729153
T195984,C7612012,BANGALORE,8.11,1241.0,153.0209617755857
T769377,C2138026,THANE,6.54,1000.0,152.9051987767584
T214748,C7539072,SIVASAGAR,5.15,786.98,152.8116504854369
T576200,C7140075,GURGAON,6.43,982.0,152.72161741835149
T399681,C3812774,BANGALORE,1.53,233.57,152.66013071895424
T419324,C9021649,KOLKATA,10.46,1595.0,152.48565965583174
T988190,C3626511,BANGALORE,0.82,125.0,152.4390243902439
T187713,C5932512,BAZAAR BANGALORE,47.24,7199.0,152.39204064352242
T443999,C4564731,HYDERABAD,93.45,14211.0,152.07062600321026
T939202,C6314435,GURGAON,19.74,3001.0,152.02634245187437
T327910,C6924017,NAVI MUMBAI,6.58,1000.0,151.9756838905775
T328209,C4224013,NAVI MUMBAI,6.58,1000.0,151.9756838905775
T196287,C5133057,BANGALORE,1.58,240.0,151.89873417721518
T595487,C3918175,DELHI,13.82,2099.0,151.88133140376266
T212805,C2733582,CHENNAI,6.13,931.0,151.87601957585645
T122789,C7142512,BANGALORE,4.61,700.0,151.84381778741866
T871328,C4835262,THANJAVUR,18.44,2800.0,151.84381778741866
T382986,C7032585,THIRUVANANTHAPURAM,6.26,950.0,151.75718849840257
T756472,C7723282,GAUTAM BUDDHA NAGAR,0.29,44.0,151.7241379310345
T588989,C6636732,DELHI,0.89,135.0,151.68539325842696
T517387,C2969477,BHIWANDI,296.73,45000.0,151.6530178950561
T589184,C7214846,AHMEDABAD,60.44,9163.25,151.6090337524818
T401129,C8213517,DELHI,2.29,347.0,151.52838427947597
T251773,C8331643,DELHI,12.13,1838.0,151.52514427040396
T267172,C2318061,BANGALORE,0.66,100.0,151.5151515151515
T659220,C1118066,BANGALORE,0.66,100.0,151.5151515151515
T779946,C5418060,BANGALORE,0.66,100.0,151.5151515151515
T853430,C5118022,BANGALORE,0.66,100.0,151.5151515151515
T84525,C1321685,DELHI,3.36,509.08,151.51190476190476
T38523,C3625870,HYDERABAD,4.99,756.0,151.50300601202403
T45791,C2675387,GURGAON,33.03,5000.0,151.37753557372085
T47583,C5375366,GURGAON,33.03,5000.0,151.37753557372085
T49926,C4075390,GURGAON,33.03,5000.0,151.37753557372085
T378642,C2335363,GREATER NOIDA,3.04,460.0,151.31578947368422
T714290,C4632255,NORTH TWENTY FOUR PARGANAS,8.36,1265.0,151.31578947368422
T42655,C2337934,MUMBAI,10.65,1611.0,151.26760563380282
T443938,C3314153,VISAKHAPATNAM,26.45,4001.0,151.26654064272213
T702952,C3932686,BANGALORE,0.41,62.0,151.21951219512195
T990624,C4626443,PUNE,3.11,470.0,151.12540192926045
T504238,C2380527,NEW DELHI,3.69,557.52,151.08943089430895
T559773,C4239722,KASHIPUR,1.92,290.0,151.04166666666669
T915532,C1239255,NEW DELHI,15.61,2357.0,150.99295323510572
T766073,C6813335,BANGALORE,11.66,1760.0,150.9433962264151
T896108,C8912978,FARIDABAD,24.41,3684.0,150.92175337976238
T385236,C5428518,DELHI,25.17,3796.11,150.81883194278902
T687023,C2330053,VADODARA,13.53,2040.0,150.7760532150776
T312750,C4367762,PUNE,1.99,300.0,150.7537688442211
T547022,C6911883,STORE BANGALORE,8.63,1300.0,150.63731170336035
T291622,C4610167,KOLKATA,6.64,1000.0,150.60240963855424
T496481,C7323364,BARAMATI,13.28,2000.0,150.60240963855424
T705280,C4123362,BARAMATI,13.28,2000.0,150.60240963855424
T1008126,C7729641,CHENNAI,3.38,509.0,150.59171597633136
T928726,C9010981,BANGALORE,41.84,6299.0,150.54971319311662
T1014176,C3232390,NOIDA,0.95,143.0,150.5263157894737
T72104,C7030975,GURGAON,5.76,867.0,150.52083333333334
T735071,C3035847,CHENNAI,14.45,2175.0,150.5190311418685
T1044497,C6628942,THANE,9.58,1441.89,150.5104384133612
T863422,C1821740,BANGALORE,3.97,597.0,150.3778337531486
T697862,C6915914,NEW DELHI,22.08,3320.0,150.36231884057972
T428776,C3314056,BANGALORE,24.9,3743.0,150.32128514056225
T556775,C7532779,MUMBAI,27.48,4129.0,150.254730713246
T627308,C6769728,THANJAVUR,20.21,3036.0,150.22266204849083
T174038,C6942975,PUNE,56.99,8561.0,150.21933672574136
T581050,C2915066,PANIPAT,73.19,10991.5,150.17761989342807
T83674,C8534176,GURGAON,77.22,11596.02,150.16860916860918
T539959,C5321885,PATNA,3.23,485.0,150.1547987616099
T624862,C3737973,MUMBAI,10.65,1599.0,150.14084507042253
T251316,C6628128,NASHIK,13.33,2000.0,150.03750937734432
T225091,C7873675,MUMBAI,1.0,150.0,150.0
T271119,C4918167,NAGPUR,0.26,39.0,150.0
T295584,C6418460,NOIDA,1.72,258.0,150.0
T316113,C8242654,DELHI,1.2,180.0,150.0
T518243,C3042644,DELHI,1.2,180.0,150.0
T539037,C3173622,MUMBAI,1.0,150.0,150.0
T559395,C8856282,NELLORE,4.0,600.0,150.0
T648352,C7831133,MUMBAI,1.0,150.0,150.0
T678313,C8125513,SRIPERUMBUDUR TALUK KANCHEEPURAM,0.04,6.0,150.0
T755704,C1734955,GORAKHPUR,2.0,300.0,150.0
T902290,C7631566,NOIDA,4.0,600.0,150.0
T991742,C3169025,JALANDHAR,9.73,1459.0,149.9486125385406
T232846,C6729919,VISAKHAPATNAM,666.98,100000.0,149.92953311943387
T236750,C8829911,VISAKHAPATNAM,666.98,100000.0,149.92953311943387
T464616,C5626156,WARANGAL,4.34,650.0,149.76958525345623
T467802,C4826123,WARANGAL,4.34,650.0,149.76958525345623
T496524,C6826134,WARANGAL,4.34,650.0,149.76958525345623
T586013,C6726141,WARANGAL,4.34,650.0,149.76958525345623
T662390,C4826161,WARANGAL,4.34,650.0,149.76958525345623
T899622,C5726131,WARANGAL,4.34,650.0,149.76958525345623
T997831,C2126113,WARANGAL,4.34,650.0,149.76958525345623
T310540,C6814957,DARBHANGA,2.09,313.0,149.76076555023926
T741930,C8133239,LUDDALORE,7.68,1150.0,149.73958333333334
T305446,C6342734,BAGALKOT,1.79,268.0,149.72067039106145
T679472,C8629112,KASARAGOD,8.69,1300.0,149.59723820483316
T984863,C8635358,BOISAR,1.72,257.0,149.41860465116278
T643701,C1614839,CHENNAI,35.1,5240.0,149.28774928774928
T1010488,C7785520,HYDERABAD,5.56,830.0,149.28057553956836
T892490,C1012463,JAIPUR,4.69,700.0,149.25373134328356
T231612,C5838640,GURGAON,12.33,1839.97,149.22708840227088
T479332,C8732572,NAVI MUMBAI,4.7,700.0,148.93617021276594
T310917,C6145750,BANGALORE,7.39,1100.0,148.84979702300407
T263044,C8128336,KOLKATA,6.33,942.0,148.81516587677726
T253975,C1324667,GORAKHPUR,20.2,3006.0,148.8118811881188
T522624,C6133875,NOIDA,3.36,500.0,148.80952380952382
T534665,C2242045,NEW DELHI,0.99,147.24,148.72727272727275
T304863,C7822311,DELHI,178.87,26590.0,148.6554480907922
T306627,C4522374,DELHI,178.87,26590.0,148.6554480907922
T737603,C4421782,NEW DELHI,9.42,1400.0,148.619957537155
T578249,C4224339,GHAZIABAD (NCR),6.11,908.0,148.6088379705401
T313480,C6038767,DELHI,6.73,1000.0,148.58841010401187
T478523,C1564979,BANGALORE,6.73,1000.0,148.58841010401187
T606813,C4264932,BANGALORE,6.73,1000.0,148.58841010401187
T719075,C2038715,DELHI,6.73,1000.0,148.58841010401187
T748584,C4723234,DASUYA,33.02,4905.85,148.57207752877045
T622837,C8838791,HOWRAH,66.64,9900.0,148.5594237695078
T209478,C5112937,NOIDA,166.95,24798.0,148.53548966756514
T160084,C1822862,CHENNAI,0.96,142.48,148.41666666666666
T45250,C6275357,GURGAON,33.03,4900.0,148.34998486224643
T442143,C6962330,DELHI,11.27,1670.0,148.1810115350488
T930279,C4275619,SAS NAGAR,49.36,7314.0,148.17666126418152
T293139,C6936678,VIJAYAWADA,10.8,1600.0,148.14814814814815
T797169,C8977487,MOHALI,4.39,650.0,148.0637813211845
T414297,C5528950,FRESH HYDERABAD,3.38,500.0,147.92899408284023
T475027,C5644516,HYDERABAD,3.38,500.0,147.92899408284023
T994124,C3526482,PUNE,3.11,460.0,147.90996784565917
T387139,C5297936,MUMBAI,13.15,1945.0,147.9087452471483
T902978,C1328182,DELHI,0.92,136.0,147.82608695652172
T907043,C6326685,CHENNAI,5.07,748.6,147.65285996055226
T565412,C5818389,NOIDA,0.61,90.0,147.54098360655738
T131163,C5114243,HYDERABAD,0.02,2.95,147.5
T1003930,C7859148,NIPANI AMRAVATI,1.35,199.0,147.4074074074074
T274632,C4621980,SIVAGANGAI TK,13.58,2001.01,147.34977908689248
T9738,C8028476,KARIMNAGAR,6.78,999.0,147.34513274336283
T886456,C5753774,DELHI,26.36,3881.0,147.23065250379364
T652827,C2083325,COIMBATORE,1.8,265.0,147.22222222222223
T219481,C6615725,NAVI MUMBAI,16.51,2428.0,147.06238643246516
T331937,C5242175,ALLAHABAD,0.34,50.0,147.05882352941177
T697622,C4932056,HYDERABAD,37.68,5540.0,147.0276008492569
T900111,C9040539,SILIGURI,26.87,3950.0,147.00409378489022
T720111,C4814667,MUMBAI,17.67,2596.8,146.96095076400678
T721647,C1430311,GURGAON,71.45,10500.0,146.95591322603218
T717305,C4114773,DARJEELING,18.79,2760.0,146.88664183076105
T686213,C1932617,HYDERABAD,10.78,1583.06,146.85157699443414
T924818,C4023557,BHUJ KACHCHH,15.87,2330.29,146.8361688720857
T932490,C5839464,PUNE,24.45,3590.0,146.83026584867076
T4514,C2833541,CHENNAI,6.13,900.0,146.8189233278956
T778182,C5110031,HOWRAH,17.71,2600.0,146.80971202710333
T342822,C7011219,3RD BLOCK BANGALORE,7.73,1134.74,146.79689521345406
T380910,C3918883,MUMBAI,3.95,579.8,146.78481012658227
T51425,C8411014,SURAT,142.79,20958.4,146.77778555921284
T72045,C2123446,DELHI,4.69,688.0,146.6950959488273
T583951,C6915930,DELHI,0.15,22.0,146.66666666666669
T809271,C3115965,DELHI,0.15,22.0,146.66666666666669
T234628,C9059186,NIPANI AMRAVATI,1.35,198.0,146.66666666666666
T297365,C1425632,DELHI,70.5,10340.0,146.66666666666666
T29971,C4088014,MYSORE,5.25,770.0,146.66666666666666
T620218,C2359156,NIPANI AMRAVATI,1.35,198.0,146.66666666666666
T792833,C5723627,CHENNAI,0.9,132.0,146.66666666666666
T944028,C7559155,NIPANI AMRAVATI,1.35,198.0,146.66666666666666
T356675,C8618771,NEW DELHI,54.55,8000.0,146.6544454628781
T49207,C5436164,JABALPUR,47.76,7000.0,146.56616415410386
T284357,C8536351,VISAKHAPATNAM,26.29,3853.0,146.55762647394448
T268436,C8123714,PATHANKOT,11.98,1755.0,146.4941569282137
T351073,C3724639,DELHI,9.15,1340.0,146.44808743169398
T690361,C7735571,EAST GODAVARI,6.96,1019.0,146.40804597701148
T698194,C1835548,EAST GODAVARI,6.96,1019.0,146.40804597701148
T406589,C2532620,BANGALORE,0.41,60.0,146.34146341463415
T927910,C3535883,DELHI,39.83,5826.97,146.29600803414513
T700135,C4729541,AHMEDABAD,51.63,7550.0,146.2328103815611
T338917,C1938763,NEW DELHI,171.11,25000.0,146.10484483665476
T228233,C4332365,NEW DELHI,6.64,970.0,146.0843373493976
T670794,C8834011,NEW DELHI,2.06,300.8,146.01941747572815
T622677,C5640640,MUMBAI,30.02,4382.95,146.0009993337775
T968954,C6814840,MUMBAI,6.85,1000.0,145.98540145985402
T986311,C3714844,MUMBAI,6.85,1000.0,145.98540145985402
T459382,C3997028,DELHI,0.48,70.0,145.83333333333334
T682117,C4554188,GOHANA,0.48,70.0,145.83333333333334
T725034,C8797030,DELHI,0.48,70.0,145.83333333333334
T1015047,C5621161,HYDERABAD,61.72,9000.0,145.8198314970836
T773958,C6635425,INDORE,8.23,1200.0,145.80801944106926
T375291,C3242172,GHAZIABAD,8.39,1223.0,145.76877234803337
T629434,C2934037,NEW DELHI,2.06,300.0,145.63106796116506
T950898,C3234082,NEW DELHI,2.06,300.0,145.63106796116506
T230949,C3448368,MUMBAI,17.17,2500.0,145.602795573675
T114773,C1220721,NEW DELHI,4.32,629.0,145.60185185185185
T472278,C4230380,PUNE,1.93,281.0,145.59585492227978
T633817,C5012752,NOIDA,23.23,3381.76,145.57727077055532
T184482,C5429516,DELHI,5.84,850.0,145.54794520547946
T61222,C1436343,MUMBAI,1.23,179.0,145.52845528455285
T53936,C1241266,HOOGHLY,92.09,13400.0,145.5098273428168
T967411,C5319453,KOLKATA,2.44,355.0,145.49180327868854
T1021863,C1822635,JALANDHAR,2.75,400.0,145.45454545454547
T668207,C1823859,NOIDA,1.65,240.0,145.45454545454547
T894439,C8712784,MUMBAI,14.44,2100.0,145.42936288088643
T20749,C6922091,NOIDA,13.76,2000.0,145.34883720930233
T629899,C1133914,BANGALORE,0.75,109.0,145.33333333333334
T799216,C7331424,PUNE,8.74,1270.0,145.30892448512586
T826601,C2362520,THANE,14.02,2037.1,145.29957203994294
T525158,C5931050,MUMBAI,1337.83,194382.0,145.2964875955839
T355167,C6013970,BANGALORE,7.75,1126.0,145.29032258064515
T436767,C7739723,FATEHABAD,0.53,77.0,145.2830188679245
T618314,C7334145,ALWAR,8.26,1200.0,145.27845036319613
T492596,C6413064,DEHRADUN,5.93,860.0,145.02529510961216
T496040,C5215513,AGARTALA,56.06,8128.0,144.987513378523
T562671,C2224085,RANCHI,17.13,2483.0,144.95037945125512
T247152,C7636548,KOLKATA,5.54,803.0,144.94584837545125
T995427,C4940464,HYDERABAD,9.91,1435.99,144.90312815338044
T427714,C1634079,KOLKATA,0.49,71.0,144.89795918367346
T204029,C7834623,GHAZIABAD,9.65,1398.0,144.87046632124353
T206247,C8034667,GHAZIABAD,9.65,1398.0,144.87046632124353
T256335,C8624662,GORAKHPUR,20.2,2926.0,144.85148514851485
T426103,C6224623,GORAKHPUR,20.2,2926.0,144.85148514851485
T404121,C7618440,NEW DELHI,73.82,10690.0,144.8117041452181
T401458,C8132014,MUMBAI,2.59,375.0,144.7876447876448
T471678,C1941913,DELHI,8.61,1244.0,144.48315911730546
T476165,C2517212,AMRITSAR,4.43,640.0,144.46952595936796
T967346,C1560066,FARIDABAD,0.63,91.0,144.44444444444446
T126812,C7831675,PUNE,2.59,374.0,144.4015444015444
T194430,C1790933,CHENNAI,1.42,205.0,144.3661971830986
T690013,C3627936,RANGAREDDI,69.27,10000.0,144.36263894904
T200995,C7720845,MUMBAI,0.77,111.0,144.15584415584416
T62284,C6611147,DELHI,26.24,3781.0,144.09298780487805
T852543,C3841491,CHENNAI,2.77,399.0,144.043321299639
T306256,C1112366,DELHI,43.46,6260.0,144.04049700874367
T222922,C3641086,SOLAN,22.89,3297.0,144.03669724770643
T538971,C8448437,DELHI,4.86,700.0,144.03292181069958
T268010,C6923782,PATHANKOT,11.98,1725.0,143.98998330550918
T840167,C2422644,NEW DELHI,10.06,1448.0,143.93638170974154
T386606,C5325662,BANGALORE,17.37,2500.0,143.92630972941853
T810560,C6619061,THANE WEST,27.29,3927.74,143.92598021253207
T192386,C5441679,MEDAK,1.39,200.0,143.88489208633095
T640857,C8041647,MEDAK,1.39,200.0,143.88489208633095
T390942,C6017665,BANGALORE,4.49,646.0,143.87527839643653
T349078,C8876375,TRIVANDRUM,12.46,1792.0,143.8202247191011
T696625,C3527964,THIRUVARUR DT,9.67,1390.0,143.7435367114788
T883254,C8372014,KOLKATA,6.79,976.0,143.74079528718704
T923273,C1740419,NOIDA,2.06,296.0,143.6893203883495
T296678,C8032158,SOLAPUR,1.74,250.0,143.67816091954023
T326262,C6210690,BANGALORE,4.35,625.0,143.67816091954023
T419071,C8429192,EXCHANGE SONIPAT,128.71,18492.0,143.6718203713775
T430745,C7729150,EXCHANGE SONIPAT,128.71,18492.0,143.6718203713775
T337697,C4124523,WEST TRIPURA,3.28,471.0,143.59756097560975
T388994,C8942479,NEW DELHI,1.86,267.0,143.54838709677418
T632408,C1116760,LAKHIMPUR,13.91,1995.0,143.42199856218548
T394596,C5229869,DELHI,6.98,1000.0,143.26647564469914
T570175,C7920885,VIZIANAGARAM,17.45,2500.0,143.26647564469914
T46064,C2811139,BILASPUR,1056.86,151373.0,143.22899911057283
T285959,C2917662,BANGALORE,4.49,643.0,143.20712694877506
T200446,C7012190,NORTH 24 PARGANAS,0.44,63.0,143.1818181818182
T1031232,C3891778,NEW DELHI,9.22,1320.0,143.16702819956615
T950284,C3519422,UDAIPUR,1.39,199.0,143.16546762589928
T1011967,C5961327,NAVI MUMBAI,25.81,3694.7,143.1499418829911
T52519,C7541992,BANGALORE,3.13,448.0,143.13099041533548
T750027,C8422272,VISAKHAPATNAM,3.78,541.0,143.12169312169314
T143862,C7232719,VISAKHAPATNAM,69.9,10000.0,143.0615164520744
T148631,C6732765,VISAKHAPATNAM,69.9,10000.0,143.0615164520744
T150890,C1332791,VISAKHAPATNAM,69.9,10000.0,143.0615164520744
T769078,C6120662,KANNUR,7.55,1080.0,143.04635761589404
T753723,C3414942,MUMBRA,2.07,296.0,142.9951690821256
T589160,C7428848,PUNE,36.37,5200.0,142.97497937860877
T499260,C7181930,BANGALORE,8.22,1175.0,142.94403892944038
T262213,C1023541,NOIDA,1.4,200.0,142.85714285714286
T430888,C5120730,NARNAUL,0.7,100.0,142.85714285714286
T48635,C2738689,BANGALORE,0.7,100.0,142.85714285714286
T501298,C4229464,YAMUNA NAGAR,9.66,1380.0,142.85714285714286
T797751,C7215261,GURGAON,23.8,3400.0,142.85714285714286
T819673,C4331642,PUNE,2.59,370.0,142.85714285714286
T782419,C5813160,PALI,5.44,777.0,142.83088235294116
T180249,C8835750,BANGALORE,45.52,6495.0,142.68453427065026
T450102,C3819625,MAHIM (W) MUMBAI,365.29,52110.0,142.65378192668837
T185061,C8239271,KARUR,0.61,87.0,142.62295081967213
T78218,C3459263,GURGAON,21.92,3125.25,142.5752737226277
T628360,C7642058,AURANGABAD,8.41,1199.0,142.56837098692034
T138670,C8936254,DELHI,3.88,553.0,142.5257731958763
T434809,C2638281,GURGAON,3.58,510.03,142.46648044692736
T49475,C6515685,FARIDABAD,3.51,500.0,142.45014245014247
T980502,C9035332,AMRITSAR,45.64,6500.0,142.41893076248905
T305675,C2411163,MUNGER,5.73,816.0,142.40837696335078
T629648,C8819658,MAHIM (W) MUMBAI,365.29,52000.0,142.3526513181308
T568032,C1623374,AHMEDNAGAR,2.11,300.0,142.18009478672985
T606771,C1731262,MUMBAI,0.76,108.0,142.10526315789474
T299258,C1837934,GUNTUR,9.16,1300.0,141.92139737991266
T1015956,C1814521,NOIDA,6.57,932.0,141.85692541856926
T244881,C3615681,UTTAR DINAJPUR,28.2,4000.0,141.84397163120568
T690668,C6026661,ROOM OPP AXIS BANK BRANCH MUMBAI,5.29,750.0,141.77693761814746
T68503,C4791532,DELHI,0.84,119.0,141.66666666666669
T262348,C5323778,PATHANKOT,11.98,1696.0,141.56928213689483
T268217,C3423763,PATHANKOT,11.98,1696.0,141.56928213689483
T784812,C2423058,AHMEDABAD,0.65,92.0,141.53846153846155
T388594,C8136264,DELHI,3.88,549.0,141.49484536082474
T593892,C7222929,GUNTUR,9.5,1343.0,141.3684210526316
T242004,C4230086,UP HANDLOOMS HYDERABAD,3.07,434.0,141.36807817589576
T694576,C1914873,LUCKNOW,8.49,1200.0,141.3427561837456
T815774,C3134661,YAMUNANAGAR,7.08,1000.0,141.24293785310735
T866613,C8419335,BANGALORE,0.97,137.0,141.23711340206185
T644301,C5825438,PATNA,1.41,199.0,141.13475177304966
T252715,C7627326,MUMBAI,15.25,2152.0,141.11475409836066
T613379,C2127931,STORE HYDERABAD,425.21,60000.0,141.1067472542979
T627352,C6035247,PALACE SILCHAR,141.78,20000.0,141.0636196924813
T34216,C8223027,GURGAON,0.78,110.0,141.02564102564102
T745046,C7818042,BANGALORE,3.12,440.0,141.02564102564102
T691361,C2934563,BHARUCH,7.68,1083.0,141.015625
T317536,C5813090,BANGALORE,6.17,870.0,141.00486223662884
T386449,C4631773,MUMBAI,10.1,1424.0,140.990099009901
T387987,C8331716,MUMBAI,10.1,1424.0,140.990099009901
T209144,C2135920,SHIMLA,3.59,506.0,140.94707520891365
T809409,C5335867,BANGALORE,21.81,3074.0,140.94452086198993
T293115,C8697916,MUMBAI,13.15,1853.0,140.9125475285171
T1024715,C4226455,HYDERABAD,1.42,200.0,140.84507042253523
T245254,C6426414,HYDERABAD,1.42,200.0,140.84507042253523
T254460,C1526436,HYDERABAD,1.42,200.0,140.84507042253523
T470486,C5121418,DELHI,3.55,500.0,140.84507042253523
T710951,C1624277,LUDHIANA,0.71,100.0,140.84507042253523
T635736,C1212052,BANGALORE,71.02,10000.0,140.80540692762602
T1000628,C8438343,BAWAL,38.36,5400.0,140.7716371220021
T485688,C5539158,MUMBAI,35.54,5000.0,140.68655036578502
T238967,C5912344,NOIDA,14.93,2100.0,140.6563965170797
T295339,C5530244,NEW DELHI,24.2,3400.0,140.49586776859505
T916195,C4942821,KANGRA,14.2,1995.0,140.49295774647888
T262240,C7523749,GUNTUR,6.09,855.4,140.45977011494253
T75684,C6913882,ALLAHABAD,24.92,3500.0,140.4494382022472
T676497,C5731174,CHANDIGARH,5.05,709.0,140.3960396039604
T714763,C6034511,BANGALORE,9.96,1398.0,140.36144578313252
T688061,C8474081,BANGALORE,29.93,4200.0,140.327430671567
T339429,C1822756,MUMBAI,135.44,18995.0,140.24660366213823
T352000,C6328161,DELHI,0.92,129.0,140.2173913043478
T447211,C2680351,DELHI,81.71,11450.0,140.1297270835883
T535806,C8716780,SONIPAT,1.57,220.0,140.12738853503186
T35102,C6623316,SIRSA,0.15,21.0,140.0
T442453,C7510024,MUMBAI,1.0,140.0,140.0
T312224,C2536954,BHILWARA,110.7,15495.0,139.97289972899728
T481062,C2113030,DEHRADUN,5.93,830.0,139.96627318718382
T866795,C4713560,THANE,3.18,445.0,139.93710691823898
T22543,C1023723,GURGAON,6.54,915.0,139.90825688073394
T570074,C8281954,BANGALORE,8.22,1150.0,139.90267639902675
T362739,C6242448,NEW DELHI,35.74,5000.0,139.89927252378286
T168508,C5733055,BANGALORE,1.58,221.0,139.873417721519
T564254,C3922111,BANGALORE,4.72,660.0,139.83050847457628
T991613,C1728324,THANE,9.29,1299.0,139.82777179763187
T909796,C7216981,SURAT,44.1,6166.0,139.81859410430837
T836485,C6722983,VIRUDHUNAGAR,5.0,699.0,139.8
T663682,C7610891,NEW DELHI,1.55,216.65,139.7741935483871
T368818,C9039463,NAVI MUMBAI,2.72,380.0,139.70588235294116
T468544,C5040492,KANPUR,143.17,20000.0,139.69406998672906
T478371,C6040464,KANPUR,143.17,20000.0,139.69406998672906
T170689,C5319348,MUMBAI,12.98,1813.0,139.6764252696456
T109160,C8631254,MUMBAI,15.33,2140.0,139.5955642530985
T895851,C3612219,GURGAON,17.91,2500.0,139.58682300390842
T813108,C6740373,SHILLLONG,71.65,10000.0,139.56734124214933
T350943,C9021748,GURGAON,2.15,300.0,139.53488372093022
T42881,C6521777,GURGAON,2.15,300.0,139.53488372093022
T596551,C2721765,GURGAON,2.15,300.0,139.53488372093022
T377423,C3219435,NEW DELHI,179.25,25000.0,139.4700139470014
T686776,C5118079,BANGALORE,3.12,435.0,139.4230769230769
T344202,C7723831,NOIDA,1.65,230.0,139.3939393939394
T724901,C6639241,HAPUR,2.44,340.0,139.34426229508196
T590520,C4846911,LUCKNOW,2.72,379.0,139.33823529411762
T836462,C6414265,GURGAON,11.54,1607.0,139.25476603119586
T796783,C7811330,CHANDIGARH,1.76,245.0,139.20454545454547
T51391,C3938835,DARJEELING,14.21,1976.0,139.0570021111893
T123299,C5315276,HARDWAR,87.06,12101.0,138.99609464736963
T178910,C6211886,VASHI  NAVI MUMBAI,2.88,400.0,138.88888888888889
T279562,C8713066,PRAKASAM DIST (AP),0.36,50.0,138.88888888888889
T475629,C7013053,PRAKASAM DIST (AP),0.36,50.0,138.88888888888889
T487544,C7399617,GWALIOR,1.44,200.0,138.88888888888889
T495952,C7113024,PRAKASAM DIST (AP),0.36,50.0,138.88888888888889
T502085,C3013035,PRAKASAM DIST (AP),0.36,50.0,138.88888888888889
T522924,C4213015,PRAKASAM DIST (AP),0.36,50.0,138.88888888888889
T582557,C7713020,PRAKASAM DIST (AP),0.36,50.0,138.88888888888889
T590387,C3288414,MUMBAI,2.88,400.0,138.88888888888889
T695631,C3042759,TEHSIL-PUNE PUNE,0.36,50.0,138.88888888888889
T931198,C8618555,RAIPUR,2.88,400.0,138.88888888888889
T211796,C8520331,GANDHIDHAM,36.01,5000.0,138.8503193557345
T213268,C2320348,GANDHIDHAM,36.01,5000.0,138.8503193557345
T316849,C8024962,NO 3 KALYANI NAGAR PUNE,1.73,240.0,138.72832369942196
T335324,C5933548,CHENNAI,6.13,850.0,138.66231647634584
T673624,C2433523,CHENNAI,6.13,850.0,138.66231647634584
T461114,C5310448,TEMPLE HYDERABAD,9.96,1381.0,138.65461847389557
T944845,C8514288,VISAKHAPATNAM,4.42,612.0,138.46153846153845
T731149,C2916173,DHEMAJI,12.29,1700.0,138.32384052074858
T108431,C1224748,DELHI,0.94,130.0,138.29787234042553
T483498,C2722237,THANE,3.29,455.0,138.29787234042553
T672824,C6691781,SURAT,0.47,65.0,138.29787234042553
T999934,C1732673,BEHROR,0.47,65.0,138.29787234042553
T663801,C5816327,ERODE,31.72,4386.0,138.27238335435058
T823086,C6738764,JALORE,12.05,1665.75,138.23651452282158
T315301,C2437069,AMETHI,1.7,235.0,138.23529411764707
T847295,C9015544,SAS NAGAR,8.32,1150.0,138.22115384615384
T339371,C8783124,COIMBATORE,0.89,123.0,138.20224719101122
T343232,C2783124,COIMBATORE,0.89,123.0,138.20224719101122
T347819,C1383115,COIMBATORE,0.89,123.0,138.20224719101122
T357178,C1629160,DELHI,0.84,116.0,138.0952380952381
T672863,C1849341,THANE,5.36,740.0,138.0597014925373
T663952,C7011329,THANE,0.29,40.0,137.93103448275863
T659247,C8831172,NASHIK,63.86,8800.0,137.801440651425
T410833,C8638046,DELHI,4.71,649.0,137.791932059448
T1010915,C3410733,PUNE,0.45,62.0,137.77777777777777
T329150,C3613035,BANGALORE,6.17,850.0,137.76337115072934
T1026423,C6912839,GANDHINAGAR,14.52,2000.0,137.7410468319559
T239181,C1112817,GANDHINAGAR,14.52,2000.0,137.7410468319559
T53838,C5520440,NEW DELHI,6.53,899.0,137.67228177641653
T394817,C6736554,DELHI,7.99,1100.0,137.6720901126408
T688779,C4621571,BLDG MUMBAI,9.48,1305.0,137.65822784810126
T781495,C4929483,BATHINDA,2.87,395.0,137.63066202090593
T742469,C6511466,AURANGABAD,11.99,1650.0,137.61467889908258
T52993,C6080146,RUWI,78.92,10860.0,137.60770400405474
T45988,C5123060,NOIDA,16.38,2254.0,137.60683760683762
T28570,C5724956,SCHOOL SOUTH 24 PARGANAS,26.75,3680.0,137.57009345794393
T128233,C7616775,CUTTACK,37.08,5100.0,137.54045307443366
T270576,C1518038,BANGALORE,3.12,429.0,137.5
T618007,C4736374,MUMBAI,1.23,169.0,137.39837398373984
T905627,C4022761,MUMBAI,10.19,1400.0,137.38959764474976
T4130,C3841149,NEW DELHI,56.09,7706.0,137.38634337671598
T333097,C1330440,MUMBAI,5.46,750.0,137.36263736263737
T525518,C1017663,MUMBAI,7.28,1000.0,137.36263736263737
T106553,C6424712,DELHI,0.94,129.0,137.2340425531915
T716106,C5241262,NALGONDA,6.59,904.0,137.1775417298938
T994314,C7146568,NEW DELHI,51.2,7020.0,137.109375
T69362,C3931276,KHANNA,32.69,4481.0,137.07555827470176
T717343,C4611944,KANDIVALI (W) MUMBAI,12.77,1750.0,137.0399373531715
T375753,C8839027,GURGAON,10.95,1500.0,136.986301369863
T971484,C8647133,BANGALORE,3.65,500.0,136.986301369863
T206431,C8729167,DELHI,0.84,115.0,136.9047619047619
T356862,C5129148,DELHI,0.84,115.0,136.9047619047619
T108887,C2781963,BANGALORE,8.22,1125.0,136.86131386861314
T205577,C1542841,GUNTUR,2.12,290.0,136.79245283018867
T855953,C2088240,UDAIPUR,20.18,2760.0,136.76907829534193
T841425,C1841643,COIMBATORE,123.32,16864.0,136.74991891015245
T272848,C6421965,BANGALORE,6.07,830.0,136.73805601317957
T1040937,C1911874,KOLKATA,22.64,3095.0,136.70494699646642
T565698,C7774960,PUNE,65.85,9000.0,136.67425968109342
T907964,C5077491,MOHALI,4.39,600.0,136.67425968109342
T486450,C3217286,NEW DELHI,3.66,500.0,136.61202185792348
T527859,C6630117,LUDHIANA,3.66,500.0,136.61202185792348
T559299,C8313274,KOLKATA,7.32,1000.0,136.61202185792348
T768633,C3920474,AGRA,10.19,1392.0,136.60451422963692
T315045,C8682787,MAIN RD P N PALAYAM COIMBATORE,2.05,280.0,136.58536585365854
T582884,C3336873,VISAKHAPATNAM,2.99,408.0,136.45484949832775
T227848,C1610458,MUMBAI,14.88,2030.0,136.42473118279568
T294632,C1712172,NORTH 24 PARGANAS,0.44,60.0,136.36363636363637
T491830,C7737570,MUMBAI,9.57,1305.0,136.36363636363635
T81926,C5528732,DELHI,5.1,694.0,136.07843137254903
T65428,C7521068,KANGRA,1.58,215.0,136.0759493670886
T972287,C8631152,AJMER,20.28,2756.34,135.91420118343194
T39536,C6114741,NEW DELHI,11.04,1500.0,135.8695652173913
T593766,C8330359,HYDERABAD,2.65,360.0,135.8490566037736
T55102,C5025259,GURGAON,26.62,3615.0,135.8001502629602
T61562,C8818978,BANGALORE,2.99,406.0,135.7859531772575
T156305,C6926239,GURGAON,38.07,5168.0,135.74993433149461
T417251,C4925231,NEW DELHI,4.42,600.0,135.74660633484163
T713060,C1957846,FARIDABAD,2.21,300.0,135.74660633484163
T362398,C1739818,BANGALORE,7.81,1060.0,135.72343149807938
T158242,C3429444,TARAPUR APP THANE THANE,4.57,620.0,135.66739606126913
T666144,C5830964,WARANGAL,11.78,1598.0,135.65365025466895
T475189,C5632286,DEHRADUN,184.34,25000.0,135.61896495605944
T448727,C8229142,DELHI,3.69,500.0,135.50135501355012
T930839,C5916941,KANPUR,14.8,2005.0,135.47297297297297
T1019974,C4023789,PATHANKOT,11.98,1622.82,135.46076794657762
T166931,C4725633,BANGALORE,111.69,15120.0,135.37469782433521
T3448,C6491339,KOLKATA,1.47,199.0,135.37414965986395
T661164,C4414891,NEW DELHI,1.47,199.0,135.37414965986395
T261839,C7739266,NEW DELHI,15.61,2112.34,135.319666880205
T565748,C2662658,NORTH DELHI DELHI,0.68,92.0,135.2941176470588
T987841,C6441970,BANGALORE,29.58,4000.0,135.2265043948614
T335807,C7332637,BANGALORE,18.54,2507.0,135.22114347357066
T893252,C8394812,KALYANI NAGAR PUNE,4.29,580.0,135.1981351981352
T171,C4023754,VISAKHAPATNAM,0.74,100.0,135.13513513513513
T29497,C8131634,PUNE,2.59,350.0,135.13513513513513
T468046,C5323788,VISAKHAPATNAM,0.74,100.0,135.13513513513513
T500852,C4523768,VISAKHAPATNAM,0.74,100.0,135.13513513513513
T635720,C4788748,JAMNAGAR,0.37,50.0,135.13513513513513
T945289,C1741454,DEHRADUN,1.48,200.0,135.13513513513513
T98268,C8123790,VISAKHAPATNAM,0.74,100.0,135.13513513513513
T90387,C7534430,GURGAON,6.22,840.0,135.04823151125402
T581787,C7135283,THIRUVANNAMALAI,32.32,4364.0,135.0247524752475
T930847,C7917215,AMRITSAR,4.43,598.01,134.99097065462755
T709830,C8721077,NEW DELHI,0.43,58.0,134.88372093023256
T399839,C6542155,NEW DELHI,28.92,3899.0,134.820193637621
T544269,C1933277,BANGALORE,48.18,6495.0,134.80697384806973
T165991,C8137122,NASHIK,0.69,93.0,134.7826086956522
T169159,C5537153,NASHIK,0.69,93.0,134.7826086956522
T231208,C3637139,NASHIK,0.69,93.0,134.7826086956522
T311915,C6137187,NASHIK,0.69,93.0,134.7826086956522
T752570,C4427256,K V RANGAREDDY,8.52,1148.0,134.7417840375587
T837434,C6511352,NADIA,6.6,889.0,134.69696969696972
T941506,C6635276,AHMEDABAD,8.36,1126.0,134.68899521531102
T967619,C8023166,GURGAON,8.88,1196.0,134.68468468468467
T661723,C7571229,DELHI,5.97,804.0,134.67336683417085
T987462,C2598114,MUMBAI,16.44,2213.54,134.6435523114355
T686721,C1818169,NAGPUR,0.26,35.0,134.6153846153846
T887263,C4018162,NAGPUR,0.26,35.0,134.6153846153846
T363879,C6529256,MUMBAI,88.34,11888.98,134.58206927779034
T549539,C7223254,ALWAR,351.17,47250.0,134.55021784320982
T305852,C5812089,MUMBAI,4.98,670.0,134.53815261044176
T262477,C8335675,BANGALORE,16.03,2155.81,134.48596381784154
T820519,C1140540,CHENNAI,11.9,1600.0,134.45378151260505
T589142,C5023086,FARIDABAD,3.72,500.0,134.40860215053763
T589952,C3123044,FARIDABAD,3.72,500.0,134.40860215053763
T590826,C8823051,FARIDABAD,3.72,500.0,134.40860215053763
T655563,C5410458,MUMBAI,14.88,2000.0,134.40860215053763
T684592,C4512160,NEW DELHI,4.66,626.0,134.33476394849785
T54093,C2515290,TIRUPPUR,5.36,720.0,134.32835820895522
T49762,C5424117,PUNE,37.23,5000.0,134.30029546065003
T300497,C3017316,MANGALORE,4.23,568.0,134.27895981087468
T721451,C7736860,REWARI,14.9,2000.0,134.2281879194631
T583281,C4213230,KOLKATA,7.32,981.2,134.04371584699453
T183325,C6613081,TRIVANDRUM,25.01,3350.0,133.9464214314274
T668572,C5838136,CHENNAI,45.2,6054.0,133.93805309734512
T251233,C5632760,MUMBAI,27.48,3680.0,133.91557496360988
T252290,C3432740,MUMBAI,27.48,3680.0,133.91557496360988
T597897,C1711153,CHENNAI,8.65,1158.0,133.8728323699422
T696152,C3231718,NEW DELHI,3.1,415.0,133.8709677419355
T171417,C2913715,CITY TREAT HOTEL MUMBAI,17.94,2400.7,133.81828316610924
T207560,C3714249,NEW DELHI,0.71,95.0,133.80281690140845
T275042,C3518938,BANGALORE,2.99,400.0,133.7792642140468
T368306,C4329186,MUMBAI,85.39,11423.0,133.77444665651714
T948144,C5024483,CHHINDWARA,2.28,305.0,133.77192982456143
T961868,C9023734,PATHANKOT,11.98,1602.0,133.7228714524207
T201163,C4161137,NEW DELHI,1.84,246.0,133.69565217391303
T406605,C5778674,DELHI,1.84,246.0,133.69565217391303
T692269,C6061173,NEW DELHI,1.84,246.0,133.69565217391303
T991196,C7541834,BALKUM THANE THANE,3.09,413.0,133.6569579288026
T499653,C5132249,MUMBAI,4.49,600.0,133.63028953229397
T742309,C1914290,GURGAON,11.54,1540.0,133.44887348353555
T147479,C2032375,NEW DELHI,6.64,886.0,133.43373493975903
T1035993,C8358158,JALAUN,7.87,1050.0,133.41804320203303
T1001535,C7015511,NOIDA,0.15,20.0,133.33333333333334
T1014087,C5215967,DELHI,0.15,20.0,133.33333333333334
T24605,C6615978,DELHI,0.15,20.0,133.33333333333334
T25897,C3832225,DELHI,0.75,100.0,133.33333333333334
T322345,C5122151,MUMBAI,0.75,100.0,133.33333333333334
T58327,C8921181,MUMBAI,5.25,700.0,133.33333333333334
T583875,C4515948,DELHI,0.15,20.0,133.33333333333334
T624733,C3313251,MUMBAI,1.2,160.0,133.33333333333334
T635943,C8415527,NOIDA,0.15,20.0,133.33333333333334
T638299,C1642657,DELHI,1.2,160.0,133.33333333333334
T745625,C3215931,DELHI,0.15,20.0,133.33333333333334
T935895,C4932227,DELHI,0.75,100.0,133.33333333333334
T978504,C8415526,AGARTALA,56.06,7474.0,133.32144131287905
T816593,C5221571,BLDG MUMBAI,9.48,1263.0,133.2278481012658
T404326,C1621275,MUMBAI,65.52,8729.0,133.22649572649573
T863058,C3423490,KOLKATA,11.38,1516.0,133.21616871704745
T369389,C6793174,KENDRAPARA,2.9,386.29,133.2034482758621
T492045,C4820389,AMRITSAR,14.19,1890.0,133.1923890063425
T496378,C3640676,AHMEDABAD,10.88,1449.0,133.1801470588235
T94093,C4577257,HYDERABAD,65.89,8772.37,133.13659128851117
T872722,C8330814,SOUTH WEST DELHI,4.51,600.0,133.03769401330376
T804174,C8960734,BHOPAL,57.11,7592.0,132.93643845210997
T393188,C4023239,PUNE,4.21,559.52,132.90261282660333
T924485,C1610387,PUNE,3.5,465.0,132.85714285714286
T272742,C5740689,GUWAHATI,17.42,2314.0,132.83582089552237
T253747,C4921485,NEW DELHI,57.85,7683.67,132.82057044079517
T255346,C7021460,NEW DELHI,57.85,7683.67,132.82057044079517
T1013449,C7583739,NASHIK,13.43,1783.27,132.7825763216679
T114619,C4116676,BANGALORE,2.26,300.0,132.7433628318584
T217885,C2439650,DELHI,2.26,300.0,132.7433628318584
T352719,C5936253,DELHI,3.88,515.0,132.7319587628866
T554800,C4011086,NEW DELHI,1.01,134.0,132.67326732673268
T478844,C5314780,NEW DELHI,11.04,1464.37,132.64221014492753
T857781,C1973062,PUNE,226.21,30000.0,132.62013173599752
T861583,C5873042,PUNE,226.21,30000.0,132.62013173599752
T564248,C3218734,MUMBAI,286.72,38001.36,132.53822544642856
T568724,C2118737,MUMBAI,286.72,38000.0,132.53348214285714
T968580,C4835036,GHAZIABAD,4.52,599.0,132.52212389380531
T996287,C7135016,GHAZIABAD,4.52,599.0,132.52212389380531
T902639,C8022111,BANGALORE,4.72,625.0,132.41525423728814
T390764,C8442122,ALLAHABAD,0.34,45.0,132.35294117647058
T965314,C5841654,DELHI,5.29,700.0,132.3251417769376
T959534,C3720646,KANNUR,7.55,999.0,132.31788079470198
T971223,C1220683,KANNUR,7.55,999.0,132.31788079470198
T758098,C7718649,PUNE,11.61,1536.0,132.2997416020672
T166136,C6538321,BALLIA,11.34,1500.0,132.27513227513228
T417304,C9032187,MUMBAI,98.29,13000.0,132.2616746362804
T1013499,C5322049,RIYADH,14.86,1965.0,132.2341857335128
T764039,C3816250,NEW DELHI,4.16,550.0,132.21153846153845
T923767,C7130223,HYDERABAD,84.3,11138.0,132.12336892052195
T386732,C6132726,BANGALORE,43.41,5734.77,132.10711817553562
T172934,C5936450,THANE,23.94,3162.29,132.0923141186299
T654324,C1512218,KOLKATA,9.01,1190.0,132.0754716981132
T1036545,C4430817,BANGALORE,3.43,453.0,132.06997084548104
T164894,C6714792,KANPUR,1.56,206.0,132.05128205128204
T859162,C3013623,MUMBAI,1.0,132.0,132.0
T350102,C7122141,RAJAMUNDRY,8.97,1183.0,131.88405797101447
T914987,C3980531,DELHI,2.45,323.0,131.83673469387753
T322616,C5826986,KANPUR,12.75,1678.43,131.641568627451
T184509,C2411283,CHENNAI,0.76,100.0,131.57894736842104
T846762,C7810087,NOIDA,12.16,1600.0,131.57894736842104
T54282,C2825455,BANGALORE,27.23,3581.67,131.53396988615498
T271176,C7335861,BANGALORE,11.38,1496.0,131.4586994727592
T742472,C4742728,TRIPURA,21.05,2766.95,131.44655581947742
T461072,C6710535,BAHADURGARH,190.34,25000.0,131.34391089629085
T53040,C4937187,VIZIANAGARAM,11.83,1553.28,131.30008453085375
T468111,C3912674,NOIDA,23.83,3128.0,131.2631137221989
T121846,C7423446,KOLKATA,11.38,1493.0,131.19507908611598
T402820,C4725784,SIVASAGAR,15.25,2000.0,131.14754098360655
T421550,C6828484,AMRITSAR,4.73,620.0,131.0782241014799
T296251,C1231569,NEW DELHI,11.45,1500.0,131.0043668122271
T151237,C4640728,FARIDABAD,2.29,300.0,131.00436681222706
T58342,C8217520,DELHI,44.89,5880.0,130.98685676097125
T253172,C5838085,MAHENDRAGARH,0.84,110.0,130.95238095238096
T437733,C8738016,MAHENDRAGARH,0.84,110.0,130.95238095238096
T231875,C8712385,NOIDA,14.93,1955.0,130.94440723375754
T627078,C4129288,HOOGHLY,15.81,2070.0,130.92979127134726
T1026832,C4820620,ANDHERI EAST MUMBAI,61.14,8000.0,130.84723585214263
T542192,C8897413,GURGAON,4.09,535.0,130.80684596577018
T72623,C3411075,GHAZIABAD,27.19,3556.0,130.78337624126516
T165075,C7832384,NOIDA,1.53,200.0,130.718954248366
T253080,C8732342,NOIDA,1.53,200.0,130.718954248366
T279529,C5932316,NOIDA,1.53,200.0,130.718954248366
T135013,C3418477,NEW DELHI,73.82,9648.0,130.69628826876186
T826925,C2412717,UDAIPUR,5.36,700.0,130.59701492537312
T548079,C3513118,PALI,5.44,710.0,130.51470588235293
T781465,C6723711,PATHANKOT,11.98,1563.0,130.46744574290483
T995864,C5839360,NEW DELHI,0.23,30.0,130.43478260869566
T780232,C7223723,PATHANKOT,11.98,1562.0,130.38397328881467
T563016,C1028529,JABALPUR,10.9,1421.0,130.36697247706422
T210579,C4938340,BAWAL,38.36,5000.0,130.34410844629824
T354399,C6148075,PANCHKULA,23.77,3096.0,130.24821203197308
T1161,C3644582,HYDERABAD,3.38,440.0,130.17751479289942
T10036,C2153374,IDUKKI,57.3,7455.0,130.10471204188482
T435858,C3995117,RAIGARH,2.36,307.0,130.08474576271186
T245529,C7436657,RANGA REDDY,9.76,1269.0,130.0204918032787
T253143,C3136637,RANGA REDDY,9.76,1269.0,130.0204918032787
T619608,C8211147,BANGALORE,1.5,195.0,130.0
T636582,C7841776,PUNE,38.54,5008.0,129.9429164504411
T585815,C1122854,DELHI,3.08,400.0,129.87012987012986
T647121,C5522856,DELHI,3.08,400.0,129.87012987012986
T849913,C4119134,HAMIRPUR,0.77,100.0,129.87012987012986
T751857,C5222832,THANE,29.57,3840.0,129.86134595874196
T761722,C2227750,NEW DELHI,35.82,4651.0,129.8436627582356
T565345,C6622686,MUMBAI,31.62,4105.0,129.82289690069575
T877121,C4024787,BANGALORE,12.6,1635.0,129.76190476190476
T249984,C1338519,BANGALORE,11.63,1509.0,129.7506448839209
T470321,C2257277,BANGALORE,6.43,834.0,129.7045101088647
T609869,C8430412,MUMBAI,5.46,708.0,129.67032967032966
T294185,C2986467,MUMBAI,26.03,3375.27,129.66845946984247
T123288,C2334683,NEW DELHI,4.63,600.0,129.58963282937364
T989923,C2423674,BURDWAN,11.7,1516.0,129.57264957264957
T214719,C2230342,PUNE,1.93,250.0,129.5336787564767
T98496,C6142866,TEMPLE HYDERABAD,12.2,1580.0,129.5081967213115
T367139,C4934489,ZIRAKPUR,0.78,101.0,129.48717948717947
T373098,C6941851,BALKUM THANE THANE,3.09,400.0,129.44983818770228
T71479,C2042380,BANGALORE,8.39,1086.0,129.43980929678187
T661971,C8620856,MUMBAI,386.28,50000.0,129.43978461219842
T895696,C5124645,PUNE,28.54,3694.19,129.43903293622986
T255756,C6627953,VARANASI,0.75,97.0,129.33333333333334
T715139,C1730386,GURGAON,71.45,9240.08,129.32232330300909
T176235,C3927287,VARANASI,27.16,3512.0,129.30780559646539
T581148,C6646272,KURUKSHETRA,2.63,340.0,129.27756653992395
T76532,C3521483,DELHI,0.41,53.0,129.26829268292684
T507325,C2292850,MUMBAI,40.63,5250.0,129.21486586266306
T149990,C7512971,RAISEN,27.65,3572.0,129.1862567811935
T527754,C6523866,DELHI,3.74,483.0,129.14438502673795
T818010,C6032592,CHANDIGARH,21.95,2834.0,129.1116173120729
T67598,C3322235,VISAKHAPATNAM,3.78,488.0,129.10052910052912
T1043852,C1514578,NEW DELHI,23.24,3000.0,129.08777969018934
T936829,C1125279,PARK MAHAPE NAVI MUMBAI,13.19,1702.0,129.0371493555724
T1046262,C2920073,MUMBAI,0.62,80.0,129.03225806451613
T507276,C2642413,NEW DELHI,1.86,240.0,129.03225806451613
T525647,C5521913,THANE,2.79,360.0,129.03225806451613
T25808,C4373848,KANPUR,314.0,40494.0,128.96178343949043
T808438,C1340466,DELHI,16.89,2177.0,128.89283599763172
T105868,C6238512,BANGALORE,11.63,1499.0,128.8907996560619
T898097,C2518864,MALLESHWARA BANGALORE,41.35,5329.0,128.87545344619105
T143103,C8738441,GHAZIABAD,3.88,500.0,128.8659793814433
T85690,C1476325,GHAZIABAD,85.41,11000.0,128.79053974944387
T489202,C4640866,GURGAON,22.66,2918.05,128.77537511032656
T437814,C1019564,CHENNAI,5.15,663.0,128.73786407766988
T557681,C6424870,DOMBIVALI EAST THANE,0.94,121.0,128.72340425531917
T571989,C5526922,JHAJJAR,23.51,3025.0,128.66865163760102
T118282,C5326216,GURGAON,94.36,12140.0,128.65621025858414
T917605,C5712382,KANCHEEPURAM,23.32,3000.0,128.64493996569468
T69384,C7397565,PUNE,7.3,939.0,128.63013698630138
T351486,C4027088,AMBARNATH,38.49,4948.75,128.5723564562224
T140766,C7010621,NEW DELHI,28.0,3600.0,128.57142857142858
T257426,C5231491,NABHA,0.07,9.0,128.57142857142856
T313322,C4140348,GURDASPUR,22.99,2954.0,128.490648107873
T615558,C2824012,RANCHI,17.13,2200.0,128.4296555750146
T927339,C7034529,MOHALI,6.31,810.0,128.3676703645008
T854278,C6111483,NEW DELHI,2.65,340.0,128.30188679245285
T951222,C9026330,MUMBAI,2.67,342.4,128.23970037453182
T839542,C6229945,FARIDABAD,8.75,1122.0,128.22857142857143
T586720,C5514124,NEW DELHI,6.73,862.89,128.21545319465082
T118277,C1623025,GURGAON,0.78,100.0,128.2051282051282
T118733,C4223073,GURGAON,0.78,100.0,128.2051282051282
T292051,C1923038,GURGAON,0.78,100.0,128.2051282051282
T347031,C2623041,GURGAON,0.78,100.0,128.2051282051282
T376888,C1064982,GURGAON,0.39,50.0,128.2051282051282
T499049,C2623169,BANGALORE,0.78,100.0,128.2051282051282
T511494,C8034411,ZIRAKPUR,0.78,100.0,128.2051282051282
T538427,C5834450,ZIRAKPUR,0.78,100.0,128.2051282051282
T540257,C9023076,GURGAON,0.78,100.0,128.2051282051282
T682205,C5314757,KANPUR,1.56,200.0,128.2051282051282
T846546,C8034457,ZIRAKPUR,0.78,100.0,128.2051282051282
T853081,C3938620,DARBHANGA,1.56,200.0,128.2051282051282
T890606,C1523065,GURGAON,0.78,100.0,128.2051282051282
T952108,C4223089,GURGAON,0.78,100.0,128.2051282051282
T980528,C6939856,NEW DELHI,28.65,3671.75,128.1588132635253
T453304,C3128728,NEW DELHI,2.43,311.0,127.9835390946502
T351290,C3559368,FARIDABAD,5.08,650.0,127.95275590551181
T1018342,C8615769,ZIRAKPUR,18.25,2335.0,127.94520547945206
T199744,C5717157,JEWELLARS THANE,0.9,115.0,127.77777777777777
T225181,C8013727,HAMIRPUR,0.89,113.68,127.73033707865169
T288382,C5413774,HAMIRPUR,0.89,113.68,127.73033707865169
T302630,C3859245,BURDWAN,8.62,1101.0,127.72621809744781
T717144,C1639419,PANIPAT,3.76,480.0,127.65957446808511
T450179,C8399548,KOLKATA,4.7,600.0,127.6595744680851
T1013441,C7329630,SAHIBABAD,12.7,1621.0,127.63779527559056
T10910,C2226567,TIRUPATI,52.5,6700.0,127.61904761904762
T247705,C6914163,NEW DELHI,6.73,858.68,127.58989598811291
T710927,C8523956,DELHI,0.29,37.0,127.58620689655173
T498028,C8822446,PATHANKOT,16.08,2050.0,127.48756218905474
T304528,C1122041,SIKAR,4.24,540.0,127.35849056603773
T896410,C6416182,DELHI,15.63,1990.0,127.319257837492
T756677,C3913366,KALYAN W THANA,52.32,6660.17,127.29682721712538
T874289,C6135864,KOLKATA,31.59,4020.0,127.25546058879392
T45275,C8029662,CHENNAI,3.38,430.0,127.21893491124261
T944240,C2125368,MUMBAI,2.72,346.0,127.20588235294117
T602439,C5827591,PUNE,1.62,206.0,127.16049382716048
T606551,C7427527,PUNE,1.62,206.0,127.16049382716048
T867394,C8346588,NEW DELHI,51.2,6510.0,127.1484375
T631389,C2837523,NOIDA,19.14,2433.0,127.11598746081505
T363948,C6527724,PUNE,16.97,2156.76,127.09251620506778
T945828,C1934833,MUMBAI,2.99,380.0,127.09030100334448
T545978,C2554145,GOHANA,0.48,61.0,127.08333333333334
T800338,C4015816,JIRANIA,18.43,2340.0,126.96690179055888
T34371,C7881156,LUCKNOW,110.31,14000.0,126.91505756504397
T8612,C5481150,LUCKNOW,110.31,14000.0,126.91505756504397
T616328,C2319618,BANGALORE,11.28,1429.4,126.71985815602838
T446063,C7933834,MUMBAI THANE,4.62,585.0,126.62337662337661
T317302,C5280175,RUWI,78.92,9990.0,126.5838824125697
T46962,C3923616,PUNE,0.79,100.0,126.58227848101265
T498361,C4838889,MUMBAI,0.79,100.0,126.58227848101265
T656848,C7033061,BANGALORE,1.58,200.0,126.58227848101265
T663738,C8033055,BANGALORE,1.58,200.0,126.58227848101265
T872781,C2433051,BANGALORE,1.58,200.0,126.58227848101265
T520894,C2842615,GHATKOPAR WEST MUMBAI,15.81,2000.0,126.5022137887413
T586894,C5174557,BANGALORE,8.7,1100.35,126.47701149425288
T390278,C2510640,BANGALORE,4.35,550.0,126.4367816091954
T686999,C7123079,NOIDA,16.38,2070.0,126.37362637362638
T178118,C8738717,DELHI,6.73,850.0,126.3001485884101
T421256,C4611932,CHENNAI,519.23,65521.0,126.18877953893265
T298167,C3420729,BENGALURU,4.81,606.9,126.17463617463618
T876208,C8489527,SURAT,21.26,2682.07,126.15569143932267
T979814,C7224036,THANE,12.35,1558.0,126.15384615384616
T354097,C6148075,PANCHKULA,23.77,2997.01,126.08371897349602
T722852,C4132844,NOIDA,1.65,208.0,126.06060606060606
T271692,C1125774,HISAR,47.59,5999.0,126.05589409539819
T557679,C2845250,MEDAK,16.67,2100.0,125.97480503899219
T453327,C5521138,BANGALORE,8.21,1034.0,125.94397076735687
T254482,C4742125,NO 2 WAGLE I E THANE,2.16,272.0,125.92592592592592
T100602,C3411025,K V RANGAREDDY,63.54,8000.0,125.90494176896443
T307564,C2922074,GHAZIABAD,1.43,180.0,125.87412587412588
T854317,C8718612,ETAWAH,10.09,1270.0,125.86719524281467
T97614,C7036958,HYDERABAD,6.28,790.0,125.79617834394904
T418309,C9029313,CUTTACK,1.59,200.0,125.78616352201257
T66180,C1421532,BANGALORE,7.95,1000.0,125.78616352201257
T8745,C5691672,MUMBAI,6.36,800.0,125.78616352201257
T932329,C3923648,LUCKNOW,1.59,200.0,125.78616352201257
T731625,C5822034,NANGANALLUR CHENNAI,5.12,644.0,125.78125
T253942,C8440439,NOIDA,2.06,259.0,125.72815533980582
T716154,C1234661,YAMUNANAGAR,7.08,890.0,125.70621468926554
T440292,C5993641,BANGALORE,15.0,1885.0,125.66666666666667
T264461,C9018869,NAVI MUMBAI,1.91,240.0,125.65445026178011
T1039664,C5614656,MUMBAI,49.76,6252.0,125.64308681672026
T72152,C2589323,MUMBAI,6.36,798.4,125.53459119496854
T604658,C6934554,INDORE,2.39,300.0,125.52301255230125
T1034321,C5743044,THANE,56.33,7069.96,125.50967512870585
T460000,C8611740,BANGALORE,4.94,620.0,125.50607287449392
T108300,C3612488,MUMBAI,7.53,945.0,125.49800796812748
T284566,C7137652,AHMEDABAD,32.83,4116.0,125.37313432835822
T497766,C4240418,KOLKATA,0.71,89.0,125.35211267605635
T966617,C7630567,DHANBAD,15.66,1963.0,125.35121328224777
T768161,C3034668,INDORE,42.44,5315.48,125.24693685202638
T975948,C4015677,VASAI (WEST),30.41,3806.6,125.17592897073331
T756031,C1031667,ROAD PUNE,7.17,897.0,125.10460251046025
T531932,C7112474,UTTAM NAGAR,11.99,1500.0,125.10425354462052
T874549,C2121440,HYDERABAD,2.27,283.88,125.05726872246696
T1027239,C4663221,NAGPUR,0.24,30.0,125.0
T104779,C8832617,PUNE,0.8,100.0,125.0
T125473,C7133952,NADIA,0.24,30.0,125.0
T154376,C1827434,MUMBAI,1.6,200.0,125.0
T160865,C2127417,MUMBAI,1.6,200.0,125.0
T189792,C4956283,NELLORE,4.0,500.0,125.0
T211108,C6032620,PUNE,0.8,100.0,125.0
T218511,C2312512,TEZPUR,2.4,300.0,125.0
T25261,C1471479,NEW BOMBAY,32.0,4000.0,125.0
T289123,C4020371,KALYAN THANE,1.56,195.0,125.0
T312113,C8914792,MUMBAI,0.24,30.0,125.0
T679991,C8329218,DELHI,0.08,10.0,125.0
T80831,C5738716,MUMBAI,0.48,60.0,125.0
T83776,C8038721,MUMBAI,0.48,60.0,125.0
T962815,C8363234,NAGPUR,0.24,30.0,125.0
T663347,C6820749,BENGALURU,4.81,600.0,124.74012474012476
T149482,C7315753,NEW DELHI,446.93,55744.0,124.726467232005
T73020,C9036927,NEW DELHI,7.22,900.0,124.65373961218837
T7022,C3032750,(W) MUMBAI,28.08,3500.0,124.64387464387465
T1048543,C6210667,MALDA,6.42,800.0,124.61059190031153
T524319,C5038335,NEW DELHI,42.22,5260.0,124.58550450023685
T647935,C1915387,AGRA,16.14,2010.0,124.53531598513011
T569704,C9019380,BANGALORE,10.44,1300.0,124.52107279693487
T686603,C2625448,BIKANER,17.73,2207.65,124.51494641849972
T864808,C1222873,CHENNAI,0.96,119.51,124.48958333333334
T795043,C1915261,SRIPERUMBUDUR,13.23,1646.0,124.41421012849584
T61042,C2733459,MUMBAI,1.6,199.0,124.375
T682342,C7646059,CHHINDWARA,131.86,16400.0,124.3743364174124
T936699,C8188776,NORTH 24 PARGANAS,10.86,1350.0,124.30939226519338
T735776,C7724649,GANGTOK,47.48,5900.0,124.26284751474306
T773445,C7213334,MUMBAI,9.3,1155.0,124.19354838709677
T317444,C6732343,NOIDA,1.53,190.0,124.18300653594771
T1014897,C4567288,DELHI,8.12,1008.0,124.13793103448278
T212992,C1091627,GURGAON,29.5,3662.0,124.13559322033899
T77125,C2319929,CHENNAI,3.03,376.0,124.0924092409241
T916743,C5933190,RANGA REDDY,81.88,10146.0,123.91304347826087
T759651,C3228154,PATNA,5.65,700.0,123.8938053097345
T761210,C3928171,PATNA,5.65,700.0,123.8938053097345
T686773,C5116216,PANIPAT,45.74,5665.0,123.85220813292523
T191231,C1822267,DELHI,44.17,5470.0,123.83971021055014
T642125,C1740556,MUMBAI,16.15,2000.0,123.8390092879257
T863588,C2935422,ZIRAKPUR,161.51,20000.0,123.83134171258746
T251133,C5488025,MYSORE,5.25,650.0,123.80952380952381
T378441,C6818953,BANGALORE,2.99,370.0,123.7458193979933
T291426,C6442432,NEW DELHI,1.86,230.0,123.65591397849462
T491111,C5324691,RAIGARH,2.54,314.0,123.62204724409449
T418841,C5299618,GWALIOR,1.44,178.0,123.61111111111111
T443803,C6683564,AHMEDABAD,16.18,2000.0,123.60939431396787
T444282,C5883549,AHMEDABAD,16.18,2000.0,123.60939431396787
T703285,C8617359,JAMSHEDPUR,0.89,110.0,123.59550561797752
T380182,C6432686,BANGALORE,18.54,2290.0,123.51672060409925
T105711,C3920271,DELHI,1.62,200.0,123.45679012345678
T244026,C2928769,NEW DELHI,2.43,300.0,123.45679012345678
T499692,C3915490,MUMBAI,0.81,100.0,123.45679012345678
T505001,C6115488,MUMBAI,0.81,100.0,123.45679012345678
T255914,C8513088,NAVI MUMBAI,5.27,650.0,123.33965844402277
T563654,C1555475,BANGALORE,8.49,1047.0,123.32155477031802
T455010,C5197414,GURGAON,4.09,504.35,123.31295843520783
T74648,C6741360,NEW DELHI,61.65,7600.0,123.27656123276562
T376451,C5855468,PATHANKOT,9.68,1193.0,123.24380165289257
T708485,C4626156,DURGAPUR,89.26,10997.0,123.2018821420569
T949845,C3086481,MUMBAI,26.03,3206.08,123.16865155589703
T634752,C6839637,MUMBAI,0.78,96.0,123.07692307692307
T588584,C5472227,SURAT,31.71,3901.0,123.02112898139387
T643732,C4727983,HYDERABAD,1.13,139.0,123.00884955752214
T479982,C8535187,SAS NAGAR,36.39,4475.25,122.98021434460016
T1003834,C3633186,BURUCH,73.19,9000.0,122.96761852712119
T225269,C3246986,AHMEDABAD,2.44,300.0,122.95081967213115
T205647,C5942784,BAGALKOT,1.79,220.0,122.90502793296089
T312950,C5031133,BENGALURU,2.36,290.0,122.88135593220339
T355010,C7223811,DELHI,3.74,459.52,122.8663101604278
T527506,C8432076,PUNE,2.02,248.0,122.77227722772277
T507427,C6134654,HYDERABAD,24.44,3000.0,122.74959083469722
T512655,C5223766,PATHANKOT,11.98,1470.0,122.70450751252086
T699727,C6116752,HARIJ,4.95,606.9,122.6060606060606
T321094,C7524939,NEW DELHI,39.0,4780.0,122.56410256410257
T515825,C7640080,GURGAON,6.43,788.0,122.55054432348368
T1001157,C6063629,BANKA,2.44,299.0,122.54098360655738
T409000,C4063636,BANKA,2.44,299.0,122.54098360655738
T412478,C7263672,BANKA,2.44,299.0,122.54098360655738
T77391,C2077932,GHAZIPUR,26.98,3306.0,122.53521126760563
T867593,C8338688,SAS NAGAR,4.26,521.82,122.4929577464789
T221454,C6213031,NEW DELHI,71.35,8736.25,122.44218640504556
T194271,C3917567,DELHI,44.89,5495.0,122.41033637781243
T826583,C7537855,DELHI,4.47,547.0,122.37136465324386
T613530,C5532062,PUNE,2.02,247.0,122.27722772277228
T1020486,C1530734,LUCKNOW,4.09,500.0,122.24938875305624
T275362,C1488137,SONIPAT,0.27,33.0,122.22222222222221
T69473,C8423334,AHMEDABAD,14.73,1800.0,122.19959266802444
T474186,C5912527,JAMNAGAR,11.49,1404.0,122.19321148825065
T320518,C2933578,CHENNAI,6.13,749.0,122.18597063621533
T154072,C8975327,GURGAON,33.03,4033.0,122.10112019376324
T638999,C4256770,GREATER NOIDA,9.28,1133.0,122.09051724137932
T839050,C6450871,THANE,5.66,691.0,122.08480565371025
T111896,C6823144,KURNOOL,4.44,542.0,122.07207207207206
T748208,C1591528,MUMBAI,4.44,541.8,122.027027027027
T502181,C1924378,MUMBAI,128.42,15670.2,122.02304936925714
T729942,C1031992,THANJAVUR DT,3.23,394.0,121.9814241486068
T142477,C2636452,MUMBAI,0.41,50.0,121.95121951219512
T142702,C8636465,MUMBAI,0.41,50.0,121.95121951219512
T211450,C6710988,CHENNAI,0.82,100.0,121.95121951219512
T225641,C8836345,MUMBAI,1.23,150.0,121.95121951219512
T275627,C4321448,DELHI,0.41,50.0,121.95121951219512
T277444,C6621436,DELHI,0.41,50.0,121.95121951219512
T153004,C1841640,LUCKNOW,12.3,1500.0,121.95121951219511
T99950,C5013583,DELHI,2.29,279.0,121.83406113537117
T365872,C4512246,DELHI,8.75,1066.0,121.82857142857142
T770466,C2737219,GURGAON,0.55,67.0,121.81818181818181
T960621,C8928846,CHENNAI,8.21,1000.0,121.80267965895248
T957007,C7919014,BANGALORE,5.46,665.0,121.7948717948718
T81715,C8942148,NEW DELHI,28.92,3521.0,121.74965421853388
T767829,C7440236,MUMBAI,57.53,7000.0,121.67564748826699
T252399,C7839519,TIRUPUR,0.79,96.11,121.65822784810126
T28952,C5821044,DELHI,8.22,1000.0,121.654501216545
T443608,C4736547,DELHI,7.99,972.0,121.65206508135168
T690836,C2638380,DELHI,10.72,1304.0,121.64179104477611
T932351,C3130965,GURGAON,5.76,700.0,121.52777777777779
T676100,C5846084,CHHINDWARA,131.86,16014.0,121.44698923100256
T683215,C3046039,CHHINDWARA,131.86,16014.0,121.44698923100256
T533894,C8340443,NOIDA,2.06,250.0,121.35922330097087
T81468,C5851283,GURGAON,20.77,2520.0,121.32883967260472
T640581,C2952746,MOHALI,24.73,3000.0,121.31014961585119
T825084,C6830384,GURGAON,71.45,8665.67,121.28299510146955
T288797,C1541591,GURGAON,164.95,20000.0,121.24886329190664
T986770,C5131292,AHMEDABAD,1.93,234.0,121.24352331606218
T670088,C1146037,CHHINDWARA,131.86,15984.0,121.21947520097072
T420126,C3338821,GORAKHPUR,0.33,40.0,121.2121212121212
T993051,C6429669,SAHIBABAD,12.7,1539.0,121.18110236220473
T405289,C2611070,THANE,5.91,715.85,121.12521150592217
T369288,C3728030,ALLAHABAD,0.57,69.0,121.05263157894738
T192287,C5315723,NEW DELHI,446.93,54056.0,120.94958942116214
T988158,C2542191,BHIWANDI,7.61,920.0,120.89356110381077
T925349,C4140411,NOIDA,2.06,249.0,120.87378640776699
T568618,C6538034,LAKHIMPUR,11.18,1350.0,120.75134168157425
T258479,C1136175,GREATER NOIDA,1.64,198.0,120.73170731707317
T689363,C5836156,GREATER NOIDA,1.64,198.0,120.73170731707317
T530874,C7831783,CHENNAI,7.79,940.25,120.69961489088575
T753956,C1939538,DELHI,2.61,315.0,120.6896551724138
T275934,C8698167,ROPAR,8.29,1000.0,120.62726176115804
T801941,C1389618,BANGALORE,57.03,6874.0,120.533052779239
T621943,C6439679,MUMBAI,0.78,94.0,120.51282051282051
T197208,C1316064,NAVI MUMBAI,4.0,482.0,120.5
T851293,C3556271,NELLORE,4.0,482.0,120.5
T108563,C8914331,DEHRADUN,5.81,700.0,120.48192771084338
T295665,C4342624,BARDDHAMAN,3.32,400.0,120.48192771084338
T784192,C2825424,DELHI,0.83,100.0,120.48192771084338
T129545,C5342461,PANIPAT,4.74,571.0,120.46413502109704
T294415,C5331674,PUNE,2.59,312.0,120.46332046332047
T105423,C3637929,MUMBAI,8.8,1060.0,120.45454545454544
T756631,C2921519,NAVI MUMBAI,5.8,698.36,120.40689655172415
T665676,C9010729,HYDERABAD,24.11,2900.0,120.28204064703444
T662455,C8423250,NEW DELHI,33.22,3995.01,120.25918121613486
T721139,C8018088,BANGALORE,3.12,375.0,120.1923076923077
T142679,C1842362,NEW DELHI,3.33,400.0,120.12012012012012
T338181,C8517248,AMRITSAR,4.43,532.0,120.09029345372461
T327812,C3991724,NEW DELHI,9.22,1107.0,120.06507592190889
T473864,C6328952,BANGALORE,31.65,3800.0,120.06319115323855
T826706,C6010045,MUMBAI,1.0,120.0,120.0
T845975,C6132291,DELHI,0.75,90.0,120.0
T227240,C3335161,CHANDIGARH,2.46,295.0,119.91869918699187
T616623,C2877688,JAIPUR,8.34,1000.0,119.90407673860912
T651192,C1477666,JAIPUR,8.34,1000.0,119.90407673860912
T351550,C8339414,HYDERABAD,1.66,199.0,119.87951807228916
T1044081,C2826826,LUDHIANA,7.0,839.0,119.85714285714286
T448340,C7293171,UNA,52.03,6233.0,119.79627138189505
T221082,C1935531,SECUNDERABAD,45.06,5398.0,119.79582778517532
T646478,C7667417,DELHI,35.73,4280.0,119.78729359082006
T822783,C5941849,BALKUM THANE THANE,3.09,370.0,119.74110032362461
T131147,C5934143,PRAKASAM,3.5,419.0,119.71428571428571
T689776,C3813289,FARIDABAD,81.72,9780.0,119.67694566813509
T895475,C2329147,RANCHI,85.23,10200.0,119.67617036254839
T607017,C7117766,BANGALORE,5.35,640.0,119.62616822429908
T781918,C6628721,GHAZIABAD,63.51,7597.0,119.61895764446544
T41712,C6014020,KRISHNAGIRI,0.92,110.0,119.56521739130434
T97954,C5832251,BANGALORE,33.46,4000.0,119.54572624028691
T303610,C4435126,KOLKATA,79.48,9500.0,119.52692501258177
T592469,C7328646,JAIPUR,1.44,172.1,119.51388888888889
T931264,C2810982,BANGALORE,41.84,5000.0,119.50286806883365
T382818,C4984838,KANPUR,12.12,1448.08,119.47854785478548
T263760,C5127066,BANGALORE,68.19,8147.0,119.47499633377329
T295180,C7213456,MORADABAD,3.35,400.0,119.40298507462687
T74240,C1423426,DELHI,4.69,560.0,119.40298507462686
T597741,C5314940,MUMBRA,2.07,247.0,119.32367149758456
T599387,C8414970,MUMBRA,2.07,247.0,119.32367149758456
T926426,C5020738,HOSPITAL PUNE,33.74,4025.85,119.3197984588026
T906000,C1126959,KOLLAM,86.02,10261.0,119.2862125087189
T733444,C4725481,DELHI,0.83,99.0,119.27710843373495
T523477,C2325973,MUMBAI,29.65,3536.0,119.25801011804386
T46583,C6528151,KURALI,0.26,31.0,119.23076923076923
T623219,C7539612,MUMBAI,0.78,93.0,119.23076923076923
T1016278,C3242365,BANGALORE,8.39,1000.0,119.18951132300357
T15152,C4229082,PONDICHERRY,8.39,1000.0,119.18951132300357
T297567,C1142362,BANGALORE,8.39,1000.0,119.18951132300357
T647801,C3442321,BANGALORE,8.39,1000.0,119.18951132300357
T738622,C2542325,BANGALORE,8.39,1000.0,119.18951132300357
T970606,C5129049,PONDICHERRY,8.39,1000.0,119.18951132300357
T1003944,C8710313,NEW DELHI,51.91,6185.0,119.14852629551147
T947751,C8520369,EAST GODAVARI,2.09,249.0,119.13875598086125
T819351,C7241679,PUNE,20.8,2477.55,119.11298076923077
T234492,C5736148,MUMBAI,18.89,2250.0,119.11064055055584
T235954,C5536168,MUMBAI,18.89,2250.0,119.11064055055584
T288003,C6430650,MUMBAI,67.17,7999.0,119.08590144409706
T599389,C2533816,NOIDA,3.36,400.0,119.04761904761905
T786009,C2691511,DELHI,0.84,100.0,119.04761904761905
T644579,C5516021,CHENNAI,67.21,8000.0,119.02990626394883
T461456,C5748081,BANGALORE,26.7,3177.0,118.98876404494382
T882928,C6745415,RATNAGIRI,0.58,69.0,118.96551724137932
T444273,C3710963,RAIGARH,22.84,2717.01,118.95840630472856
T689481,C6733258,ERNAKULAM,20.38,2423.78,118.92934249263986
T667725,C3469533,CHENNAI,16.97,2018.0,118.91573364761345
T626299,C1936046,GURGAON,40.27,4787.94,118.89595232182765
T785940,C4041917,NEW DELHI,39.27,4669.0,118.89483065953654
T859844,C7040246,PATIALA,5.35,636.0,118.87850467289721
T24533,C4826429,RAJAHMUNDRY,41.22,4900.0,118.87433284813198
T774981,C7419031,BANGALORE,5.46,649.0,118.86446886446886
T299315,C1018828,NEW DELHI,0.16,19.0,118.75
T718792,C7238784,DELHI,6.73,799.0,118.72213967310549
T645982,C2269090,NAVI MUMBAI,226.6,26900.0,118.71138570167696
T76115,C4615746,NEW DELHI,446.93,53044.0,118.68525272414024
T73933,C7027972,VARANASI,0.75,89.0,118.66666666666667
T287844,C4526513,BANGALORE,13.85,1643.0,118.62815884476535
T135725,C7236016,THANE,2.74,325.0,118.61313868613138
T531447,C8914264,THANE,33.73,4000.0,118.58879335902758
T910451,C5586632,NEW DELHI,2.53,300.0,118.57707509881423
T446097,C4238370,NEW DELHI,73.75,8745.0,118.57627118644068
T447587,C7438351,NEW DELHI,73.75,8745.0,118.57627118644068
T40171,C7515267,MEDAK,9.28,1100.0,118.5344827586207
T435078,C6827390,UDUPI,9.39,1113.0,118.53035143769968
T672423,C4922985,RISHIKESH,21.57,2555.0,118.45155308298563
T733870,C5077466,MOHALI,4.39,520.0,118.45102505694761
T908598,C8377458,MOHALI,4.39,520.0,118.45102505694761
T499047,C8031544,DELHI,9.71,1150.0,118.43460350154479
T733557,C6618576,UDAIPUR,6.69,792.0,118.38565022421524
T42186,C7130871,UDHAM SINGH NAGAR,80.91,9574.0,118.32900753924113
T210602,C8829164,EXCHANGE SONIPAT,128.71,15222.0,118.26586900784709
T6463,C9020532,GURGAON,1.15,136.0,118.2608695652174
T771376,C2120538,GURGAON,1.15,136.0,118.2608695652174
T916742,C7820567,GURGAON,1.15,136.0,118.2608695652174
T988065,C3820590,GURGAON,1.15,136.0,118.2608695652174
T853635,C5416584,ANAND,6.08,718.8,118.2236842105263
T320714,C1238152,GANGTOK,1.1,130.0,118.18181818181817
T52831,C5541780,LUCKNOW,0.33,39.0,118.18181818181817
T148840,C2473634,AMBERNATH AMBERNATH THANE,27.25,3220.0,118.1651376146789
T995850,C8024621,RAIGARH,2.54,300.0,118.11023622047244
T126358,C2141022,PUNE,19.9,2350.0,118.09045226130654
T19282,C2638944,GREATER NOIDA,41.58,4910.0,118.0856180856181
T457432,C5921236,MUMBAI,2.71,320.0,118.08118081180812
T546702,C6923067,DELHI,2.5,295.0,118.0
T962782,C3342784,NOIDA,49.03,5785.0,117.98898633489699
T1008750,C6020464,AGRA,10.19,1202.0,117.95878312070658
T284827,C1337239,NASHIK,20.66,2436.1,117.9138431752178
T313444,C3419165,PURI,10.5,1238.0,117.9047619047619
T392363,C7526419,GURGAON,101.79,12000.0,117.88977306218685
T218182,C7820274,NEAR POCHAMMA TEMPLE HYDERABAD,16.97,2000.0,117.85503830288745
T424856,C2319283,CHENNAI,125.68,14807.31,117.81755251432207
T243113,C8936771,BANGALORE,212.2,25000.0,117.81338360037701
T734754,C1130674,GANDHIDHAM,65.8,7750.0,117.78115501519757
T341218,C1937932,MUMBAI,100.75,11862.0,117.73697270471465
T352971,C5623081,MUMBAI,6.16,725.0,117.6948051948052
T1029629,C6816144,NEW DELHI,13.7,1612.0,117.66423357664235
T114497,C2327142,NEW DELHI,0.85,100.0,117.64705882352942
T216202,C2827112,NEW DELHI,0.85,100.0,117.64705882352942
T47625,C3918383,MUMBAI,1.7,200.0,117.64705882352942
T48013,C8918337,MUMBAI,1.7,200.0,117.64705882352942
T51716,C5218313,MUMBAI,1.7,200.0,117.64705882352942
T798486,C2927185,NEW DELHI,0.85,100.0,117.64705882352942
T905725,C4827156,NEW DELHI,0.85,100.0,117.64705882352942
T910150,C4427127,NEW DELHI,0.85,100.0,117.64705882352942
T991220,C1527152,NEW DELHI,0.85,100.0,117.64705882352942
T621536,C2727945,STORE HYDERABAD,425.21,50000.0,117.58895604524824
T193439,C7029253,GURGAON,6.54,769.0,117.58409785932722
T332433,C1713861,ALLAHABAD,21.69,2550.0,117.56569847856154
T925803,C1832649,GURGAON,8.68,1020.0,117.51152073732719
T462032,C3767682,LUCKNOW,2.6,305.0,117.3076923076923
T977732,C4036981,AZAMGARH,341.06,40000.0,117.28141675951446
T307702,C5735327,GHAZIABAD,21.01,2463.62,117.25940028557828
T533213,C5238325,DELHI,10.72,1257.0,117.25746268656715
T59155,C7416158,NORTH 24 PARGANAS,0.58,68.0,117.24137931034484
T958295,C5145623,PUNE,3.54,415.0,117.2316384180791
T690733,C4541643,MAHISAGAR,5.43,636.0,117.12707182320443
T974338,C8834963,NORTH 24 PARGANAS,1.46,171.0,117.12328767123287
T1045590,C3126382,NAGAUR,37.04,4337.84,117.11231101511879
T974184,C7127835,DELHI,2.99,350.0,117.05685618729096
T381276,C6367877,CHENNAI,0.88,103.0,117.04545454545455
T286084,C4735790,THANE,41.06,4803.1,116.97759376522163
T972716,C8037228,NASHIK,20.66,2415.0,116.89254598257503
T447736,C6612884,GANDHINAGAR,14.52,1697.0,116.8732782369146
T110249,C3221789,NEW DELHI,9.42,1100.87,116.86518046709128
T1032549,C8932073,PUNE,2.02,236.0,116.83168316831683
T436589,C8413960,AHMEDABAD,513.81,60000.0,116.7746832486717
T235955,C3222018,SIKAR,4.24,495.0,116.74528301886792
T875473,C1219770,JAMNAGAR,7.17,837.0,116.73640167364017
T9623,C7229831,CHENNAI,2.57,300.0,116.73151750972764
T345930,C5583441,THANE,42.86,5000.0,116.65888940737284
T357213,C3183445,THANE,42.86,5000.0,116.65888940737284
T351076,C2437614,DELHI,48.48,5650.0,116.54290429042905
T792275,C5918726,SOUTH 24 PARGANAS,5.15,600.0,116.50485436893203
T443189,C2818482,MUMBAI,5.6,652.4,116.5
T2649,C5633061,DELHI,2.85,332.01,116.49473684210525
T724493,C6938615,BANGALORE,8.31,967.86,116.46931407942238
T256014,C4935873,CHENNAI,14.45,1682.0,116.40138408304499
T644659,C1420577,NOIDA,11.17,1299.5,116.33840644583707
T199823,C4134091,KOLKATA,0.49,57.0,116.3265306122449
T295416,C1434064,KOLKATA,0.49,57.0,116.3265306122449
T578549,C8333050,MUMBAI,0.98,114.0,116.3265306122449
T655108,C2411852,RANGA REDDY,0.49,57.0,116.3265306122449
T358721,C6740471,DELHI,16.89,1964.0,116.28182356423919
T239183,C6621065,NEW DELHI,0.43,50.0,116.27906976744187
T35338,C4737552,MUMBAI,8.6,1000.0,116.27906976744187
T603434,C8239815,THANE,0.86,100.0,116.27906976744187
T725878,C3516954,DELHI,23.24,2702.0,116.26506024096386
T953635,C3342325,KOLKATA,75.31,8753.0,116.22626477227459
T823214,C3131891,THANE,22.85,2654.97,116.19124726477023
T122024,C5633641,JAIPUR,38.08,4424.0,116.1764705882353
T548140,C3097464,GURGAON,4.09,475.1,116.16136919315404
T841399,C8027071,RUPNAGAR,3.57,414.48,116.10084033613447
T525799,C1323165,BANGALORE,4.24,492.0,116.0377358490566
T871907,C4391626,MUMBAI,6.36,738.0,116.0377358490566
T254353,C8128833,BANGALORE,13.04,1512.9,116.01993865030677
T208336,C3716125,THANE,12.93,1500.0,116.0092807424594
T484641,C2516937,DEORIA,0.25,29.0,116.0
T724916,C3116931,DEORIA,0.25,29.0,116.0
T252314,C6331247,MUMBAI,0.76,88.0,115.78947368421052
T530860,C5731262,MUMBAI,0.76,88.0,115.78947368421052
T453099,C8436220,DELHI,3.88,449.0,115.72164948453609
T183152,C8625512,MUMBAI,5.54,641.0,115.70397111913357
T649620,C7119839,BHUBANESHWAR,198.79,23000.0,115.69998490869763
T963382,C8535473,CHANDIGARH,17.29,2000.0,115.6737998843262
T93904,C8537125,CHENNAI,32.81,3795.0,115.66595550137153
T460147,C5831972,MUMBAI,12.97,1500.0,115.6515034695451
T160068,C2999488,HAPUR,8.65,1000.0,115.60693641618496
T224538,C7299465,HAPUR,8.65,1000.0,115.60693641618496
T292147,C5899480,HAPUR,8.65,1000.0,115.60693641618496
T976814,C5834715,RANGA REDDY,4.11,475.0,115.57177615571776
T816131,C7715712,FARIDABAD,8.66,1000.0,115.47344110854503
T215412,C6227223,SILCHAR,60.64,7000.0,115.4353562005277
T336658,C2541736,BANGALORE,43.24,4991.0,115.42553191489361
T339392,C5441753,BANGALORE,43.24,4991.0,115.42553191489361
T343384,C8641781,BANGALORE,43.24,4991.0,115.42553191489361
T583583,C3756976,MORADABAD,43.33,5000.0,115.39349180706209
T241618,C8619444,NAVI MUMBAI,0.78,90.0,115.38461538461539
T969187,C7219779,AHMEDNAGAR,0.26,30.0,115.38461538461539
T457944,C7199361,NEW DELHI,43.34,5000.0,115.36686663590216
T277303,C1933677,SOLAN,4.9,565.0,115.30612244897958
T657077,C6785541,HYDERABAD,5.56,641.0,115.28776978417267
T664594,C4516720,SONIPAT,1.57,181.0,115.28662420382165
T892931,C4577462,MOHALI,4.39,506.0,115.2619589977221
T501490,C2110840,VELLORE,1.71,197.0,115.2046783625731
T228105,C1717168,DEHRADUN,37.19,4283.21,115.17101371336382
T865299,C3724687,HYDERABAD,0.33,38.0,115.15151515151514
T591583,C3197371,AURANGABAD,33.45,3850.0,115.09715994020925
T231576,C6111026,PATNA,1.79,206.0,115.08379888268156
T119142,C8759259,GURGAON,21.92,2522.5,115.07755474452554
T511456,C4834023,NEW DELHI,2.06,237.0,115.04854368932038
T957279,C4421991,JALANDHAR,26.88,3091.0,114.99255952380953
T4032,C1933585,NEW DELHI,51.23,5891.0,114.9912160843256
T442647,C7641613,DEHRADUN,4.35,500.0,114.9425287356322
T1007252,C8323723,GUNTUR,6.09,700.0,114.94252873563218
T103729,C1014272,RAIPUR,167.53,19256.0,114.94060765236077
T365771,C5324828,AJNALA,2.48,285.0,114.91935483870968
T71290,C4110386,NAGAR MUMBAI,2.62,301.0,114.8854961832061
T64923,C4441028,PUNE,1.67,191.85,114.88023952095809
T951042,C1612337,NOIDA,14.93,1713.54,114.77160080375084
T601269,C3842666,BANGALORE,9.41,1080.0,114.77151965993623
T116945,C3260676,CHENNAI,16.12,1850.0,114.76426799007443
T417015,C3129858,DELHI,6.98,801.0,114.756446991404
T164155,C7014169,VIZIANAGARAM,1.47,168.67,114.74149659863944
T39758,C4031525,PUNE,142.72,16372.0,114.71412556053812
T1006883,C7729771,GURGAON,5.44,624.0,114.70588235294117
T334497,C8015053,MUMBAI,4.36,500.0,114.6788990825688
T909013,C4831614,BANGALORE,6.54,750.0,114.6788990825688
T506999,C5132073,MUMBAI,2.59,297.0,114.67181467181467
T351045,C7968135,GUWAHATI,52.28,5995.0,114.67100229533283
T310855,C8879532,MUMBAI,4.64,532.0,114.65517241379311
T667188,C1279545,MUMBAI,4.64,532.0,114.65517241379311
T312957,C5782724,MAIN RD P N PALAYAM COIMBATORE,2.05,235.0,114.63414634146342
T477829,C6157757,MUMBAI,139.66,16000.0,114.56394099957039
T839308,C3934061,NEW DELHI,2.06,236.0,114.5631067961165
T391854,C6942762,GARHSHANKAR,13.01,1490.0,114.52728670253651
T934145,C3238355,BENGALURU,11.87,1359.0,114.49031171019378
T542517,C3912590,CHANDIGARH,4.37,500.0,114.41647597254004
T90389,C2331471,PUNE,8.74,1000.0,114.41647597254004
T877847,C5842966,RANGA REDDY,3.06,350.0,114.37908496732025
T148055,C7427833,MUMBAI,7.72,883.0,114.37823834196891
T872739,C7414643,NEAR AYYAPPA MANDIR NAVI MUMBAI,11.63,1330.0,114.35941530524505
T438734,C7320741,NARNAUL,0.7,80.0,114.28571428571429
T430698,C4747162,BANGALORE,3.65,417.0,114.24657534246576
T187970,C4940531,BANGALORE,13.44,1535.0,114.21130952380953
T186365,C6833230,DELHI,2.47,282.0,114.17004048582994
T846453,C3142873,MUKTSAR,2.33,266.0,114.16309012875536
T346410,C7619649,MAHIM (W) MUMBAI,365.29,41701.0,114.15861370418024
T346471,C4019646,MAHIM (W) MUMBAI,365.29,41701.0,114.15861370418024
T409961,C2624630,ERNAKULAM,7.7,879.0,114.15584415584415
T915670,C4142872,EAST MUMBAI,5.66,646.0,114.13427561837456
T728224,C6428126,DELHI,0.92,105.0,114.13043478260869
T657567,C7623327,AHMEDABAD,14.73,1681.0,114.12084181941616
T784861,C5440479,NOIDA,2.06,235.0,114.07766990291262
T101399,C4824984,NEW DELHI,39.0,4449.0,114.07692307692308
T1031358,C3631685,MAU,2.63,300.0,114.06844106463879
T294701,C2334768,MUMBAI MUMBAI,22.66,2583.0,113.98940864960282
T1030998,C1541056,CHANDIGARH,41.81,4765.0,113.96795025113609
T268007,C5311120,DELHI,26.24,2990.0,113.94817073170732
T490950,C3231556,JORHAT,50.86,5795.0,113.94022807707432
T402070,C6149359,SAHARANPUR,0.79,90.0,113.92405063291139
T156684,C7177475,MOHALI,4.39,500.0,113.89521640091117
T796691,C5977440,MOHALI,4.39,500.0,113.89521640091117
T281191,C4557757,MUMBAI,139.66,15900.0,113.84791636832307
T858736,C7431272,SHIMLA,26.36,3000.0,113.80880121396055
T645631,C7819373,NOIDA,2.51,285.59,113.7808764940239
T281590,C3525368,DELHI,3.34,380.0,113.77245508982037
T697055,C1237358,DELHI,7.2,819.0,113.75
T683876,C4524384,MUMBAI,4.22,480.0,113.74407582938389
T1040530,C3316844,NAVI MUMBAI,2.99,340.0,113.7123745819398
T910397,C6334785,DELHI,43.33,4925.0,113.66258942995616
T668040,C7913739,HAMIRPUR,0.89,101.15,113.65168539325843
T388267,C6320813,VIZIANAGARAM,17.45,1982.6,113.61604584527221
T392594,C2920819,VIZIANAGARAM,17.45,1982.6,113.61604584527221
T162219,C8037075,BANGALORE,8.88,1008.63,113.58445945945945
T770127,C2020481,AGRA,10.19,1157.0,113.54268891069677
T79548,C3768744,PUNE,61.28,6954.0,113.47911227154047
T780481,C3841735,FARIDABAD,0.52,59.0,113.46153846153845
T829855,C1716339,DELHI,35.24,3998.0,113.45062429057889
T760154,C8473756,BANGALORE,26.42,2995.0,113.36109008327024
T760319,C7173769,BANGALORE,26.42,2995.0,113.36109008327024
T1011830,C2620432,AGRA,10.19,1155.0,113.34641805691855
T646450,C4723242,GURGAON,19.8,2243.0,113.28282828282828
T10257,C5039784,FATEHABAD,0.53,60.0,113.20754716981132
T266722,C7428764,CHENNAI,106.0,12000.0,113.20754716981132
T938927,C2733214,ZIRAKPUR,27.26,3084.75,113.16030814380044
T474405,C4281975,BANGALORE,8.22,930.0,113.13868613138685
T477096,C2081939,BANGALORE,8.22,930.0,113.13868613138685
T477117,C5325264,NEW DELHI,4.42,500.0,113.12217194570135
T477305,C6025273,NEW DELHI,4.42,500.0,113.12217194570135
T777506,C5842549,DELHI,4.42,500.0,113.12217194570135
T847383,C6658156,JALAUN,7.87,890.0,113.0876747141042
T788369,C8615040,GURGAON,7.96,900.0,113.06532663316582
T256039,C8520590,GURGAON,1.15,130.0,113.04347826086958
T439866,C5920544,GURGAON,1.15,130.0,113.04347826086958
T46888,C1620525,GURGAON,1.15,130.0,113.04347826086958
T1037173,C6561835,CHENNAI,1.77,200.0,112.99435028248587
T874446,C8834679,YAMUNANAGAR,7.08,800.0,112.99435028248587
T914343,C5536745,NOIDA,1.77,200.0,112.99435028248587
T803418,C3710363,CHENNAI,26.18,2958.0,112.98701298701299
T704796,C7899562,KOLKATA,4.7,531.0,112.97872340425532
T578129,C4624759,SOLAN,57.53,6497.0,112.93238310446723
T541247,C6633826,KANPUR,14.09,1591.0,112.91696238466999
T812180,C1042532,GURGAON,16.19,1828.0,112.90920321185916
T971622,C3541447,MUMBAI,6.84,772.0,112.86549707602339
T186554,C2614092,KURUKSHETA,106.33,12000.0,112.85620238878963
T732947,C4214052,KURUKSHETA,106.33,12000.0,112.85620238878963
T628262,C3837171,DELHI,7.96,898.0,112.8140703517588
T42113,C3813854,MUMBAI,2.66,300.0,112.78195488721803
T411544,C1942718,GARHSHANKAR,13.01,1467.25,112.77863182167563
T548284,C8624837,DOMBIVALI EAST THANE,0.94,106.0,112.76595744680851
T482150,C3280163,RUWI,78.92,8896.0,112.72174353775975
T824507,C6130030,VADODARA,13.53,1525.0,112.71249076127125
T154970,C5037219,SINNAR DIST NASHIK,80.74,9100.0,112.70745603170673
T721016,C5428687,PANIPAT,0.71,80.0,112.67605633802818
T88563,C7911775,PANVEL,2.84,320.0,112.67605633802818
T894560,C2311171,KOTTAYAM,45.22,5092.0,112.60504201680672
T772152,C4426030,MUMBAI,43.92,4945.0,112.59107468123861
T972585,C8731612,MAU,2.63,296.0,112.54752851711027
T972990,C2831689,MAU,2.63,296.0,112.54752851711027
T704160,C5836224,GHAZIPUR,43.54,4900.0,112.54019292604502
T758156,C6730635,MUMBAI,12.06,1356.0,112.43781094527363
T790925,C8334492,GURGAON,6.22,699.0,112.37942122186496
T207351,C3512113,RUDRAPUR,4.45,500.0,112.35955056179775
T65016,C4982175,MUMBAI,0.89,100.0,112.35955056179775
T827628,C6412186,RUDRAPUR,4.45,500.0,112.35955056179775
T829454,C8212144,RUDRAPUR,4.45,500.0,112.35955056179775
T989263,C8415238,CHANDIGARH,0.89,100.0,112.35955056179775
T184988,C4228425,MUMBAI,44.52,5000.0,112.30907457322552
T981695,C5915521,NOIDA,2.69,302.0,112.26765799256506
T825267,C2835857,KOLKATA,43.41,4870.0,112.18613222759734
T186428,C7911382,DELHI,4.86,545.0,112.13991769547324
T887532,C1141079,BARABANKI,30.35,3403.0,112.12520593080724
T952699,C1535233,KANGRA,4.46,500.0,112.10762331838565
T692693,C8511614,NASHIK,4.31,483.0,112.06496519721578
T302912,C8619866,FARIDABAD,5.89,660.0,112.05432937181665
T879709,C7124663,GORAKHPUR,20.2,2262.51,112.00544554455448
T443496,C1913763,HYDERABAD,10.58,1185.0,112.00378071833649
T876491,C7419780,BURDWAN,11.79,1320.0,111.95928753180662
T487194,C3439466,OFFICE HYDERABAD,42.09,4712.0,111.95058208600616
T1010257,C5129122,PUNE,5.36,600.0,111.94029850746269
T1014364,C2629192,PUNE,5.36,600.0,111.94029850746269
T667129,C7438383,DELHI,10.72,1200.0,111.94029850746269
T473756,C5834739,JAMSHEDPUR,89.35,10000.0,111.91941801902631
T222038,C3130385,PUNE,1.93,216.0,111.91709844559585
T248216,C5538484,BIDAR DIST KARNATAKA,3.61,404.0,111.91135734072023
T323026,C6312124,RUDRAPUR,4.45,498.0,111.91011235955055
T343957,C6412171,RUDRAPUR,4.45,498.0,111.91011235955055
T218124,C7129151,DELHI,0.84,94.0,111.90476190476191
T186215,C2215746,NEW DELHI,446.93,50000.0,111.87434273823641
T383211,C8115740,NEW DELHI,446.93,50000.0,111.87434273823641
T50249,C1615763,NEW DELHI,446.93,50000.0,111.87434273823641
T128923,C2435690,CHENNAI,17.88,2000.0,111.85682326621925
T716043,C5235326,GHAZIABAD,21.01,2350.0,111.85149928605425
T603141,C6929857,CHENNAI,58.12,6500.0,111.83757742601514
T189569,C3023713,BHIWADI,26.83,3000.0,111.81513231457325
T861384,C2629857,BANGALORE,88.99,9950.0,111.81031576581638
T1029506,C8114542,VENKATA PURAM,10.5,1174.0,111.80952380952381
T767931,C4727719,NEW DELHI,35.82,4004.0,111.78112786152987
T1044667,C1527186,NEW DELHI,0.85,95.0,111.76470588235294
T168078,C5627139,NEW DELHI,0.85,95.0,111.76470588235294
T183759,C5527144,NEW DELHI,0.85,95.0,111.76470588235294
T748344,C5227157,NEW DELHI,0.85,95.0,111.76470588235294
T896296,C9027149,NEW DELHI,0.85,95.0,111.76470588235294
T914535,C8527151,NEW DELHI,0.85,95.0,111.76470588235294
T607158,C3638220,PRATAPGARH,0.17,19.0,111.76470588235293
T162251,C5730092,SALEM,49.65,5548.0,111.74219536757302
T194322,C6936665,NEW DELHI,27.84,3110.0,111.70977011494253
T611193,C2716914,KARNAL,11.41,1274.0,111.65644171779141
T83367,C1419051,GHANDHINAGAR,2.66,297.0,111.65413533834585
T937544,C1132615,GURGAON,8.68,969.0,111.63594470046084
T847378,C1313747,NOIDA,3.61,403.0,111.63434903047091
T919421,C2710122,VIJAYAWADA,23.74,2650.0,111.62594776748105
T444660,C9030057,VADODARA,13.53,1510.0,111.60384331116039
T249239,C7328331,DELHI,24.75,2762.0,111.5959595959596
T166927,C4332859,NEW DELHI,9.86,1100.0,111.56186612576066
T1033388,C4812443,KANYAKUMARI,2.69,300.0,111.52416356877323
T226962,C4312483,KANYAKUMARI,2.69,300.0,111.52416356877323
T504281,C1012446,KANYAKUMARI,2.69,300.0,111.52416356877323
T621038,C7812414,KANYAKUMARI,2.69,300.0,111.52416356877323
T187666,C3645934,NEW DELHI,6.27,699.0,111.48325358851676
T377414,C3133070,GHAZIABAD,25.2,2809.0,111.46825396825398
T560264,C1731924,THANJAVUR DT,3.23,360.0,111.45510835913312
T940014,C1220049,NEW DELHI,4.0,445.25,111.3125
T10667,C2915254,CHANDIGARH,0.89,99.0,111.23595505617978
T29994,C8815220,CHANDIGARH,0.89,99.0,111.23595505617978
T573591,C1732967,RISHIKESH,269.75,30000.0,111.21408711770158
T381549,C8628390,CHENNAI,1.97,219.0,111.16751269035534
T332116,C3027947,RANGAREDDI,69.27,7700.0,111.1592319907608
T343192,C5027957,RANGAREDDI,69.27,7700.0,111.1592319907608
T439402,C3383322,COIMBATORE,1.8,200.0,111.11111111111111
T50174,C2212881,BANGALORE,0.45,50.0,111.11111111111111
T635812,C3217149,JEWELLARS THANE,0.9,100.0,111.11111111111111
T765074,C6717143,JEWELLARS THANE,0.9,100.0,111.11111111111111
T87612,C2920587,KRISHNA,2.25,250.0,111.11111111111111
T897557,C4239779,BANGALORE,0.45,50.0,111.11111111111111
T274666,C3288177,SONIPAT,0.27,30.0,111.1111111111111
T458237,C2335488,MUMBAI,2.7,300.0,111.1111111111111
T927171,C6337379,PUNE,2.7,300.0,111.1111111111111
T511839,C2323312,CHENNAI,34.41,3820.0,111.01424004649812
T651045,C3223462,LUDHIANA,13.52,1500.0,110.94674556213018
T499159,C4112621,MUMBAI,19.15,2124.15,110.92167101827677
T25521,C5713551,DELHI,2.29,254.0,110.91703056768559
T40141,C1030087,VADODARA,13.53,1500.0,110.86474501108648
T692021,C4830878,SOUTH WEST DELHI,4.51,500.0,110.86474501108648
T898262,C4220390,KURUKSHETRA,2.78,308.18,110.85611510791368
T88076,C4587471,DELHI,4.15,460.0,110.84337349397589
T814882,C8121065,BHUBANESHWAR,4.43,491.0,110.8352144469526
T271479,C4311274,NEW DELHI,51.16,5667.83,110.78635652853792
T35389,C2029561,KANPUR,5.48,606.9,110.74817518248175
T907867,C5929516,KANPUR,5.48,606.9,110.74817518248175
T359013,C6212017,NEW DELHI,10.89,1206.0,110.74380165289256
T819376,C5730236,NEW DELHI,13.3,1472.0,110.67669172932331
T722040,C3818520,SAS NAGAR,54.22,6000.0,110.66027296200664
T588449,C8817843,MUMBAI,0.31,34.3,110.64516129032258
T970141,C5442574,BANGALORE,4.61,510.0,110.6290672451193
T930385,C2531258,LUDHIANA,27.13,3000.0,110.57869517139699
T460342,C3612935,FARIDABAD,24.41,2699.0,110.56943875460877
T258188,C8033477,DARJEELING,5.12,566.0,110.546875
T859280,C3373064,PUNE,226.21,25000.0,110.5167764466646
T860448,C5973041,PUNE,226.21,25000.0,110.5167764466646
T538306,C3441153,GUWAHATI,1.81,200.0,110.49723756906077
T330696,C7242527,VADODARA,14.4,1590.95,110.48263888888889
T910958,C6636188,PATHANAMTHITTA,1.63,180.0,110.42944785276075
T226986,C2124337,MUMBAI,4.22,466.0,110.4265402843602
T471558,C7021419,DELHI,3.55,392.0,110.42253521126761
T624947,C4311481,PINJORE,32.52,3590.0,110.39360393603936
T380620,C8222239,EAST MUMBAI,5.87,647.9,110.3747870528109
T469134,C7921515,NAVI MUMBAI,5.8,640.0,110.3448275862069
T965892,C8716361,ERODE,31.72,3500.0,110.34047919293822
T640418,C8369024,NAVI MUMBAI,226.6,25000.0,110.32656663724624
T1013921,C1027815,MUMBAI,7.72,851.33,110.2759067357513
T302184,C5414444,GURGAON,42.16,4648.0,110.24667931688805
T986748,C1129639,SAHIBABAD,12.7,1400.0,110.23622047244095
T305623,C4134588,CHENNAI,19.94,2198.0,110.23069207622868
T548358,C4634146,NO 54 VIJAYNAGAR A B ROAD INDORE,4.85,534.46,110.19793814432991
T23765,C7820782,NOIDA,11.89,1310.0,110.17661900756939
T306435,C8136324,VISAKHAPATNAM,26.29,2896.0,110.1559528337771
T256354,C6729782,MUMBAI,17.69,1948.0,110.11871113623515
T718199,C3733557,CHENNAI,6.13,675.0,110.1141924959217
T578580,C6521790,GURGAON,2.15,236.74,110.11162790697675
T506589,C1736057,THANE,2.74,301.61,110.07664233576642
T814932,C8638323,DELHI,10.72,1180.0,110.07462686567163
T715084,C4420556,KHANNA,227.2,25000.0,110.03521126760565
T155944,C8110064,NAVI MUMBAI,13.18,1450.0,110.01517450682853
T464814,C2316563,AURANGABAD,36.78,4046.0,110.00543773790103
T921970,C5821938,SIVAGANGAI TK,13.58,1493.86,110.00441826215021
T1044104,C8040163,NOIDA,4.0,440.0,110.0
T357212,C4327459,NASHIK,2.1,231.0,110.0
T440932,C1028211,NEW DELHI,0.9,99.0,110.0
T301906,C7218691,BANGALORE,90.92,10000.0,109.98680158380994
T305155,C4018679,BANGALORE,90.92,10000.0,109.98680158380994
T932778,C2364982,BANGALORE,6.73,740.0,109.95542347696879
T576323,C7116584,NEW DELHI,97.17,10684.0,109.95163116188124
T467066,C4230478,MUMBAI,5.46,600.0,109.8901098901099
T549960,C8981483,NEW DELHI,0.91,100.0,109.89010989010988
T700006,C4395563,GAUTAM BUDH NAGAR,13.65,1500.0,109.89010989010988
T29831,C5722467,EAST MUMBAI(SUBURBAN),51.56,5663.18,109.8366951124903
T742208,C1568039,KOLKATA,6.33,695.0,109.79462875197473
T339505,C4333855,HYDERABAD,86.53,9500.0,109.78851265457067
T781266,C3238035,DELHI,37.8,4150.0,109.7883597883598
T785111,C1597481,GURGAON,4.09,449.0,109.7799511002445
T587538,C8821573,NAVI MUMBAI,5.8,636.7,109.77586206896552
T239270,C6925265,HYDERABAD,33.05,3627.55,109.75945537065054
T255260,C3110971,CHENNAI,0.82,90.0,109.75609756097562
T96740,C2099424,TRICHY,0.82,90.0,109.75609756097562
T830299,C7041639,LUCKNOW,12.3,1350.0,109.7560975609756
T505478,C4623172,KOCHI,2.69,295.0,109.66542750929368
T522806,C2820064,NEW DELHI,0.92,100.86,109.63043478260869
T281458,C2512653,BANGALORE,1.35,148.0,109.62962962962962
T935096,C8329259,ALLAHABAD,41.97,4600.0,109.60209673576364
T603908,C9085930,BANGALORE,4.27,468.0,109.60187353629978
T378425,C6731973,THANJAVUR DT,3.23,354.0,109.59752321981424
T585176,C6439019,GURGAON,10.95,1200.0,109.58904109589042
T981052,C7935314,AMRITSAR,45.64,5000.0,109.5530236634531
T179898,C7020717,DELHI,2.74,300.0,109.4890510948905
T122204,C7929219,GURGAON,6.54,716.0,109.48012232415903
T962342,C8079677,NOIDA,41.09,4497.0,109.44268678510586
T504096,C8124056,NEW DELHI,0.32,35.0,109.375
T86350,C1423147,ABOVE DR BATRA CLINIC BANGALORE,36.02,3939.0,109.35591338145474
T1020162,C1226051,DELHI,63.31,6923.0,109.35081345758964
T957902,C6131040,SILCHAR,10.06,1100.0,109.34393638170974
T595822,C8627963,VARANASI,0.75,82.0,109.33333333333333
T877581,C2457285,BANGALORE,6.43,703.0,109.3312597200622
T772640,C6682735,PUNE,4.1,448.0,109.26829268292684
T339671,C7227051,RUPNAGAR,3.57,390.0,109.2436974789916
T265080,C7468361,MUMBAI,56.99,6223.2,109.19810493068958
T268112,C7835229,THIRUVANNAMALAI,32.32,3529.0,109.18935643564356
T538528,C1623366,GULBARGA,13.74,1500.0,109.17030567685589
T79192,C4142191,NEW DELHI,28.92,3157.0,109.16320885200552
T341825,C6738146,GANGTOK,1.1,120.0,109.09090909090908
T875056,C8810068,NAVI MUMBAI,13.18,1437.64,109.0773899848255
T148291,C5419830,AHMEDABAD,28.32,3089.0,109.07485875706215
T911710,C1619640,INDUSTRI MUMBAI,122.48,13358.0,109.06270411495754
T945916,C5616315,AGRA,62.87,6856.0,109.05042150469222
T236326,C1783556,SURAT,50.26,5478.0,108.9932351770792
T717670,C2723740,THANE,11.01,1200.0,108.99182561307902
T913980,C4418774,BANGALORE,9.28,1010.0,108.83620689655173
T563949,C1425551,TRICHUR,31.56,3434.0,108.808618504436
T232753,C4050451,ERNAKULAM,27.58,3000.0,108.77447425670776
T293756,C3230335,ADIPUR,2.75,299.0,108.72727272727273
T475396,C4620081,NEW DELHI,0.92,100.0,108.69565217391303
T260855,C6989815,DELHI,33.77,3669.36,108.65738821439146
T909460,C8215759,NEW DELHI,446.93,48558.0,108.64788669366567
T877216,C5726079,THANE NAVI MUMBAI,21.96,2383.55,108.54052823315119
T546932,C8623291,KOLKATA,0.94,102.0,108.51063829787235
T800040,C7023311,AHMEDABAD,14.73,1598.0,108.48608282416836
T23207,C3391790,NEW DELHI,9.22,1000.0,108.45986984815617
T441061,C8591774,NEW DELHI,9.22,1000.0,108.45986984815617
T126155,C7239788,MALAPPURAM,3.68,399.0,108.42391304347825
T818841,C3436070,KHAMMAM,11.99,1300.0,108.42368640533778
T96158,C3867321,MUMBAI,117.96,12789.0,108.41810783316379
T433420,C6757240,BANGALORE,6.43,697.0,108.398133748056
T228434,C3423969,SECUNDERABAD,51.57,5590.0,108.39635446965289
T837463,C4039617,NASHIK,461.43,50000.0,108.35879765078127
T83137,C7655727,NEW DELHI,9.23,1000.0,108.34236186348862
T827887,C5722257,PATNA,5.29,573.0,108.31758034026466
T54466,C2432060,NORTH 24 PARGANAS,32.93,3566.0,108.2903127846948
T209587,C2020536,DELHI,28.61,3098.0,108.2838168472562
T401751,C4026523,BARABANKI,147.75,15998.0,108.27749576988155
T514640,C3110736,KOLKATA,39.72,4299.0,108.23262839879155
T287372,C5037286,UNA,9.24,1000.0,108.22510822510823
T1030958,C2523724,GUNTUR,6.09,659.0,108.21018062397373
T673482,C2713770,CITY TREAT HOTEL MUMBAI,17.94,1941.21,108.20568561872909
T764342,C4221565,BANGALORE,7.95,860.0,108.17610062893081
T685383,C8830478,MUMBAI,5.28,571.07,108.15719696969697
T140886,C4613749,MUMBAI,21.45,2319.0,108.11188811188812
T880888,C8973270,HYDERABAD,5.55,600.0,108.10810810810811
T574622,C4322135,DELHI,8.33,900.0,108.04321728691477
T414270,C2916631,JAMSHEDPUR,27.77,3000.0,108.03024846957148
T124433,C7711326,DELHI,4.86,525.0,108.02469135802468
T1021224,C5414786,KOLKATA,8.24,890.0,108.00970873786407
T408406,C6381566,CHENNAI,1.0,108.0,108.0
T685649,C7517647,KOLKATA,0.25,27.0,108.0
T55206,C7020179,BANGALORE,463.03,50000.0,107.98436386411248
T95001,C5611667,HYDERABAD,6.93,748.0,107.93650793650794
T864403,C8020583,GURGAON,1.15,124.05,107.86956521739131
T619401,C2117120,JEWELLARS THANE,0.9,97.08,107.86666666666666
T56490,C8159211,GURGAON,21.92,2364.0,107.84671532846714
T80443,C9076936,BANGALORE,49.39,5326.0,107.83559424984814
T83208,C1076940,BANGALORE,49.39,5326.0,107.83559424984814
T885491,C4831068,NEW DELHI,6.9,744.0,107.82608695652173
T312763,C1932681,GURGAON,14.85,1600.0,107.74410774410775
T215,C1719155,PURI,10.5,1131.0,107.71428571428571
T92852,C1467684,LUCKNOW,2.6,280.0,107.6923076923077
T813178,C8529628,MUMBAI,13.93,1500.0,107.68126346015794
T972775,C3641013,KANGRA,2.74,295.0,107.66423357664233
T392113,C3257252,BANGALORE,6.43,692.0,107.62052877138414
T987703,C1523681,BURDWAN,11.7,1259.0,107.60683760683762
T554682,C7060837,BHILAI,79.03,8500.0,107.5540933822599
T998603,C2154889,MUMBAI,0.93,100.0,107.5268817204301
T892367,C6613014,NOIDA,84.0,9032.0,107.52380952380952
T48045,C5524162,PUNE,37.23,4000.0,107.44023636852002
T49847,C3724117,PUNE,37.23,4000.0,107.44023636852002
T528000,C6819489,DELHI,5.86,629.5,107.42320819112628
T725731,C7998137,AHMEDABAD,21.42,2300.0,107.37628384687207
T754714,C5825951,HYDERABAD,119.26,12800.0,107.32852590977696
T295117,C8239541,DELHI,2.61,280.0,107.27969348659005
T578377,C8322480,PATIALA,1.1,118.0,107.27272727272727
T430161,C5832562,MUMBAI,4.41,473.0,107.2562358276644
T444405,C4725133,PATIALA,9.51,1020.0,107.25552050473186
T478244,C7711857,STORE BANGALORE,8.63,925.0,107.18424101969872
T480427,C1411860,STORE BANGALORE,8.63,925.0,107.18424101969872
T36425,C8438264,DELHI,54.52,5841.0,107.13499633162142
T130945,C4694975,PURI,99.89,10698.0,107.09780758834718
T178984,C4743622,MUMBAI,180.64,19345.0,107.0914526129318
T58260,C7263522,ROURKELA,4.39,470.0,107.0615034168565
T341019,C8824857,ALWAR,10.09,1080.0,107.0366699702676
T440221,C8930051,AMRITSAR,37.39,4000.0,106.98047606311847
T333291,C3723061,KOLLAM PERUMPUZHA,10.47,1119.0,106.87679083094555
T555420,C5331665,MUMBAI,1.31,140.0,106.87022900763358
T194126,C7715746,NEW DELHI,446.93,47754.0,106.84894726243483
T842548,C7825486,KOLKATA,12.45,1330.0,106.8273092369478
T841556,C1754340,LUCKNOW,20.61,2200.0,106.74429888403688
T683242,C5434355,MUMBAI,12.23,1305.0,106.70482420278005
T140604,C3023487,DELHI,4.69,500.0,106.60980810234541
T745682,C7114282,GURGAON,11.54,1230.0,106.58578856152513
T222085,C7849356,THANE,5.36,571.0,106.52985074626865
T614387,C4649373,THANE,5.36,571.0,106.52985074626865
T340696,C2110739,BANGALORE,19.29,2054.59,106.51062726801453
T139497,C6912867,BANGALORE,37.56,4000.0,106.49627263045792
T476008,C2181936,BANGALORE,8.22,875.0,106.44768856447688
T653905,C1934220,JHALAWAR,18.79,2000.0,106.43959552953699
T212557,C4926074,NEW DELHI,8.19,871.71,106.43589743589745
T174280,C8827316,DOMBIVLI,2.82,300.0,106.38297872340426
T486865,C1623278,KOLKATA,0.94,100.0,106.38297872340426
T546132,C4536477,COIMBATORE,0.94,100.0,106.38297872340426
T624922,C5536415,COIMBATORE,0.94,100.0,106.38297872340426
T537874,C1039552,BHIWADI,14.12,1500.0,106.23229461756374
T588878,C7916047,BANGALORE,6.59,700.0,106.22154779969651
T943217,C7112828,NEW DELHI,5.79,615.0,106.21761658031087
T133275,C4739612,DELHI,2.26,240.0,106.19469026548674
T427808,C1773791,ADILABAD,4.71,500.0,106.15711252653928
T420067,C3134984,DELHI,3.26,346.0,106.13496932515338
T338558,C1314824,NEW DELHI,1.47,156.0,106.12244897959184
T914514,C8713338,SAIBABA MANDIR MUMBAI,0.82,87.0,106.09756097560977
T789010,C7031712,DELHI,20.08,2129.0,106.02589641434264
T790794,C2931765,DELHI,20.08,2129.0,106.02589641434264
T46985,C1496457,JAIPUR,0.83,88.0,106.02409638554218
T679062,C2356261,NELLORE,4.0,424.0,106.0
T137564,C1075388,GURGAON,33.03,3500.0,105.9642749016046
T954635,C5240185,BANGALORE,9.44,1000.0,105.93220338983052
T433354,C7530535,GHAZIABAD,20.78,2200.0,105.87102983638113
T12989,C2024156,MUMBAI,2.08,220.0,105.76923076923076
T19796,C7824076,NEW DELHI,0.7,74.0,105.71428571428572
T1015131,C4210379,PUNE,3.5,370.0,105.71428571428571
T905142,C2130079,PUNE,44.48,4700.0,105.66546762589928
T469603,C4012788,AHMEDABAD,8.36,883.0,105.622009569378
T158633,C7130762,NAVI MUMBAI,29.07,3069.73,105.59786721706226
T156164,C7228532,MUMBAI,47.36,5000.0,105.57432432432432
T260155,C8635754,BANGALORE,45.52,4804.0,105.5360281195079
T965267,C8325319,MUMBAI,2.72,287.0,105.51470588235293
T605057,C7218069,BANGALORE,3.12,329.0,105.44871794871794
T95029,C6741911,BANGALORE,3.13,330.0,105.43130990415335
T149447,C2432344,NEW DELHI,6.64,700.0,105.42168674698796
T421593,C8394826,NEW DELHI,14.22,1499.0,105.41490857946553
T395928,C5410478,TEMPLE HYDERABAD,9.96,1049.7,105.39156626506023
T341101,C6740677,GUWAHATI,17.42,1835.0,105.33869115958667
T338532,C8116236,NEW DELHI,4.16,438.0,105.28846153846153
T714461,C8653761,BANGALORE,66.49,7000.0,105.27898932170253
T288049,C4628038,ALLAHABAD,0.57,60.0,105.26315789473685
T525822,C2328086,ALLAHABAD,0.57,60.0,105.26315789473685
T8230,C4932316,NOIDA,0.95,100.0,105.26315789473685
T92220,C5332327,NOIDA,0.95,100.0,105.26315789473685
T204216,C2930238,NEW DELHI,13.3,1400.0,105.26315789473684
T684942,C4015541,AGARTALA,56.06,5900.0,105.24438102033535
T934045,C1433031,CHHATARPUR,9.51,1000.0,105.15247108307045
T892410,C6210176,VIJAYAWADA,23.74,2495.0,105.09688289806235
T279267,C2741584,NOIDA,60.35,6340.0,105.05385252692626
T881020,C8956773,KANPUR,2.0,210.0,105.0
T155314,C8338048,MUMBAI,2.81,295.0,104.98220640569394
T202216,C5042365,NOIDA,22.78,2390.0,104.91659350307286
T972815,C3210370,PUNE,3.5,367.0,104.85714285714286
T478611,C5115523,AGARTALA,56.06,5878.0,104.85194434534426
T290776,C6148016,BARMER,4.13,433.0,104.84261501210653
T74402,C3540678,BANGALORE,254.21,26650.0,104.83458557885213
T134922,C8415212,NEW DELHI,14.28,1497.0,104.83193277310924
T382730,C7227433,NAVI MUMBAI,24.63,2582.0,104.83150629313846
T857669,C6518550,SAMBALPUR,2.7,283.0,104.81481481481481
T715410,C6577422,MOHALI,4.39,460.0,104.78359908883827
T510302,C3766948,NOIDA,20.37,2134.0,104.76190476190476
T851165,C5022284,MUMBAI,6.97,730.0,104.73457675753228
T720605,C4937077,JAIPUR,9.55,1000.0,104.71204188481674
T989385,C1937062,JAIPUR,9.55,1000.0,104.71204188481674
T186685,C3177669,JAIPUR,8.34,873.0,104.67625899280576
T172316,C6923344,IND EST THANE,30.05,3145.0,104.65890183028286
T990385,C1180871,CHENNAI,8.6,900.0,104.65116279069768
T810200,C4120640,DELHI,57.34,6000.0,104.63899546564352
T485727,C5844274,NAVI MUMBAI,3.51,367.0,104.55840455840456
T275713,C4225974,MUMBAI,29.65,3100.0,104.5531197301855
T1037157,C2035656,NEW DELHI,291.8,30500.0,104.52364633310486
T105164,C8037928,BARABANKI,19.56,2044.0,104.49897750511248
T1005068,C2266354,NOIDA,2.92,305.0,104.45205479452055
T298432,C8815573,AGARTALA,56.06,5855.0,104.44166963967177
T641951,C4633070,BANGALORE,1.58,165.0,104.43037974683544
T868688,C3512980,NIZAMABAD,66.65,6960.0,104.42610652663164
T80974,C3412031,MUMBAI,4.98,520.0,104.41767068273091
T81276,C2712061,MUMBAI,4.98,520.0,104.41767068273091
T83575,C6812073,MUMBAI,4.98,520.0,104.41767068273091
T84541,C7312062,MUMBAI,4.98,520.0,104.41767068273091
T84556,C3112035,MUMBAI,4.98,520.0,104.41767068273091
T972523,C2640119,BANGALORE,9.44,985.0,104.34322033898306
T49450,C7445478,NASHIK,11.89,1240.0,104.28931875525652
T50334,C4345421,NASHIK,11.89,1240.0,104.28931875525652
T429776,C4730258,NEW DELHI,13.3,1387.0,104.28571428571428
T6915,C8716728,FARIDABAD,0.97,101.15,104.27835051546393
T370397,C6138843,ALLAHABAD,6.68,696.0,104.19161676646706
T318575,C7218813,NAVI MUMBAI,1.91,199.0,104.18848167539268
T744143,C6318336,NOIDA,7.67,799.0,104.17209908735333
T264646,C4311814,VASHI  NAVI MUMBAI,2.88,300.0,104.16666666666667
T266071,C5152418,DELHI,0.48,50.0,104.16666666666667
T314276,C2919350,INDORE,0.48,50.0,104.16666666666667
T367961,C5019377,INDORE,0.48,50.0,104.16666666666667
T505453,C5055784,MUMBAI,1.92,200.0,104.16666666666667
T711354,C6212514,TEZPUR,2.4,250.0,104.16666666666667
T723361,C2855758,MUMBAI,1.92,200.0,104.16666666666667
T766186,C3811889,VASHI  NAVI MUMBAI,2.88,300.0,104.16666666666667
T973275,C2355742,MUMBAI,1.92,200.0,104.16666666666667
T975361,C5935248,DURG,0.48,50.0,104.16666666666667
T309614,C2427460,NASIRABAD,67.23,6999.0,104.1053101294065
T476494,C5591778,NEW DELHI,9.22,959.41,104.05748373101952
T942130,C3426587,BEHROR,115.33,12000.0,104.04924997832308
T741774,C6935534,MUMBAI,4.21,438.0,104.03800475059383
T689162,C8919049,CHENNAI,22.5,2340.0,104.0
T1001056,C2216781,FARIDABAD,0.97,100.85,103.96907216494846
T981824,C5116711,FARIDABAD,0.97,100.85,103.96907216494846
T661669,C6020770,BENGALURU,4.81,500.0,103.95010395010397
T119409,C5636754,VIZIANAGARAM,5.84,606.9,103.92123287671232
T509875,C4818577,UDAIPUR,6.69,695.0,103.8863976083707
T728156,C8818585,UDAIPUR,6.69,695.0,103.8863976083707
T218995,C6319964,ALWAR,4.91,510.0,103.86965376782076
T485636,C4983629,MUMBAI,4.43,460.0,103.83747178329571
T392989,C7233030,TIRUNELVELI,42.89,4452.0,103.80041967824667
T291850,C1836560,DELHI,7.99,828.0,103.62953692115144
T201901,C8030313,PUNE,1.93,200.0,103.62694300518135
T664297,C6630328,PUNE,1.93,200.0,103.62694300518135
T69961,C4430315,PUNE,1.93,200.0,103.62694300518135
T1048486,C2716321,ERODE,31.72,3286.0,103.59394703656999
T803936,C6042581,GURGAON,16.19,1677.0,103.58245830759728
T987943,C3438837,NAGAR BANGALORE,34.28,3550.53,103.57438739789966
T660226,C2220865,MUMBAI,386.28,40000.0,103.55182768975874
T158599,C2519569,RANGAREDDY,34.47,3569.0,103.53930954453148
T99952,C5542217,DELHI,28.07,2906.0,103.52689704310652
T435725,C6799639,GWALIOR,1.44,149.0,103.47222222222223
T109504,C2323915,DELHI,0.29,30.0,103.44827586206897
T226375,C3123228,GAUTAM BUDDHA NAGAR,0.29,30.0,103.44827586206897
T259621,C6523967,DELHI,0.29,30.0,103.44827586206897
T276472,C8323265,GAUTAM BUDDHA NAGAR,0.29,30.0,103.44827586206897
T358913,C4123927,DELHI,0.29,30.0,103.44827586206897
T408276,C3823982,DELHI,0.29,30.0,103.44827586206897
T433124,C4223943,DELHI,0.29,30.0,103.44827586206897
T439373,C4223967,DELHI,0.29,30.0,103.44827586206897
T462194,C8623920,DELHI,0.29,30.0,103.44827586206897
T469822,C5123991,DELHI,0.29,30.0,103.44827586206897
T475130,C7923237,GAUTAM BUDDHA NAGAR,0.29,30.0,103.44827586206897
T567497,C2323943,DELHI,0.29,30.0,103.44827586206897
T584103,C4523939,DELHI,0.29,30.0,103.44827586206897
T598972,C4723992,DELHI,0.29,30.0,103.44827586206897
T634147,C7523937,DELHI,0.29,30.0,103.44827586206897
T909909,C5240675,FARIDABAD,0.58,60.0,103.44827586206897
T555606,C2641591,BADLAPUR WEST,33.84,3500.0,103.42789598108746
T183653,C5971034,SONIPAT,5.87,606.9,103.39011925042588
T745415,C7712726,NOIDA,23.23,2400.0,103.31467929401636
T334696,C6028968,MUMBAI,37.28,3851.39,103.30981759656652
T117205,C6855417,PATHANKOT,9.68,1000.0,103.30578512396694
T122745,C3955484,PATHANKOT,9.68,1000.0,103.30578512396694
T150987,C6314376,DEHRADUN,5.81,600.0,103.27022375215147
T3514,C2721621,DELHI,23.2,2393.84,103.18275862068967
T992883,C1040445,KANCHIPURAM,0.64,66.0,103.125
T735556,C6364944,BANGALORE,6.73,694.0,103.12035661218424
T415622,C6729174,GURGAON,3.1,319.6,103.0967741935484
T359468,C6736522,AMRITSAR AMRITSAR,3.88,400.0,103.09278350515464
T212145,C2372066,KOLKATA,6.79,699.99,103.09131075110457
T520250,C7834214,BANGALORE,58.22,6000.0,103.05736860185503
T992466,C1723255,HYDERABAD,38.78,3994.01,102.9914904589995
T259310,C1921672,THANE,3.01,310.0,102.99003322259136
T313843,C4631421,PUNE,8.74,900.0,102.97482837528604
T528391,C5314149,NEW DELHI,2.69,277.0,102.97397769516729
T240706,C4138022,LAKHIMPUR,11.18,1151.0,102.95169946332737
T516715,C5440048,PATNA,1.02,105.0,102.94117647058823
T666014,C8842187,ALLAHABAD,0.34,35.0,102.94117647058823
T762011,C6713317,BANGALORE,11.66,1200.0,102.91595197255575
T759949,C8835882,CHENNAI,14.45,1487.0,102.90657439446368
T3286,C8099069,DELHI,86.8,8931.0,102.89170506912443
T917375,C8231048,HYDERABAD,340.3,35000.0,102.85042609462239
T459822,C7013062,PRAKASAM DIST (AP),0.36,37.0,102.77777777777779
T1004641,C7011675,DELHI,25.87,2658.0,102.74449168921531
T405831,C8475118,MANDI,14.61,1500.0,102.6694045174538
T151854,C4450585,BANGALORE,36.04,3700.0,102.66370699223086
T813300,C6443458,MUMBAI,25.34,2601.25,102.65390686661405
T785994,C1727250,NEW DELHI,0.38,39.0,102.63157894736842
T968322,C8924681,PATIALA,8.78,901.0,102.61958997722097
T313296,C6138125,DELHI,3.85,395.0,102.59740259740259
T581823,C2418816,NEW DELHI,14.4,1477.0,102.56944444444444
T528565,C5539654,CHENNAI,5.85,600.0,102.56410256410257
T456225,C3218073,BANGALORE,3.12,320.0,102.56410256410255
T775556,C5042154,GURGAON,0.78,80.0,102.56410256410255
T29970,C7320011,CHENNAI,10.6,1086.5,102.5
T977068,C2119528,NAGAR ROAD PUNE,33.09,3390.75,102.47053490480506
T597231,C6042642,GHATKOPAR WEST MUMBAI,15.81,1620.0,102.46679316888046
T892062,C2327239,K V RANGAREDDY,8.52,873.0,102.46478873239437
T732280,C3339236,HAPUR,2.44,250.0,102.45901639344262
T430459,C3621717,PHASE  BANGALORE,19.57,2005.0,102.45273377618804
T523810,C9014161,KAPURTHALA,13.79,1412.18,102.40609137055839
T19119,C4384044,SURAT,9.28,950.0,102.37068965517243
T824115,C1116154,MUMBAI,78.31,8011.24,102.30162175967308
T434511,C1232057,HAMIRPUR,7.91,809.2,102.30088495575221
T920303,C8911816,KHAMMAM,9.78,1000.0,102.24948875255625
T200652,C1729641,DELHI,5.94,606.9,102.17171717171716
T164729,C6742422,NEW DELHI,1.86,190.0,102.1505376344086
T319163,C6912565,MUMBAI,4.32,441.0,102.08333333333333
T509781,C6035576,BEGUSARAI,7.22,737.0,102.07756232686981
T884085,C3737968,MUMBAI,8.8,898.0,102.04545454545453
T165152,C1153619,MUMBAI,0.98,100.0,102.04081632653062
T166373,C6553666,MUMBAI,0.98,100.0,102.04081632653062
T343590,C3236439,PATHANAMTHITTA,2.94,300.0,102.04081632653062
T19553,C7233646,SOLAN,4.9,500.0,102.0408163265306
T69060,C6733651,SOLAN,4.9,500.0,102.0408163265306
T723224,C2439158,MUMBAI,16.96,1730.0,102.00471698113208
T711320,C8723080,DELHI,2.5,255.0,102.0
T555469,C5640681,LUCKNOW,59.78,6096.0,101.97390431582468
T367096,C6751266,PUNE,45.69,4658.0,101.94790982709564
T9958,C6613213,MOHALI,3.09,315.0,101.94174757281554
T433495,C6013786,NOIDA,3.61,368.0,101.93905817174516
T297691,C8024228,AHMEDABAD,7.45,759.0,101.87919463087248
T817214,C5531979,THANJAVUR DT,3.23,329.0,101.85758513931889
T672347,C7942613,PATIALA,4.91,500.0,101.83299389002036
T763914,C9023370,AHMEDABAD,14.73,1500.0,101.83299389002036
T892556,C3028645,KARIMNAGAR,15.88,1617.0,101.82619647355163
T169592,C7226551,SAHARANPUR,3.93,400.0,101.78117048346056
T751965,C3038335,BANGALORE,38.91,3960.0,101.7733230531997
T1006809,C6323156,VISAKHAPATNAM,11.49,1169.28,101.76501305483028
T678398,C4112765,AHMEDABAD,8.36,850.0,101.67464114832536
T821733,C6431378,MUMBAI,7.86,799.0,101.65394402035624
T416599,C7433624,NEW DELHI,49.19,5000.0,101.64667615368978
T722479,C3171981,NAGAPATTINAM,9.15,930.0,101.63934426229508
T94368,C7361141,NEW DELHI,1.84,187.0,101.63043478260869
T512961,C8260073,FARIDABAD,0.63,64.0,101.58730158730158
T500265,C2038386,DELHI,14.77,1500.0,101.5572105619499
T837020,C5840220,CHENNAI,77.32,7850.0,101.52612519399898
T949160,C8212428,PUNE,7.93,805.0,101.51324085750316
T115805,C3017012,THANE,11.03,1119.4,101.48685403445151
T194199,C1838734,DELHI,6.73,683.0,101.48588410104011
T610350,C5240120,BANGALORE,9.44,958.0,101.48305084745763
T826909,C3940726,DELHI,4.73,480.0,101.47991543340379
T353661,C1641883,RANCHI,41.39,4200.0,101.47378593863252
T361604,C8941829,RANCHI,41.39,4200.0,101.47378593863252
T309942,C1816570,MUMBAI,7.67,778.0,101.43415906127771
T586230,C8823982,NOIDA,7.0,710.0,101.42857142857143
T962592,C8439350,DELHI,2.41,244.31,101.37344398340248
T770896,C8521067,KANGRA,1.58,160.0,101.26582278481013
T460790,C4734470,DHEMAJI,3.38,342.13,101.22189349112426
T312558,C6523063,KRISHNA DISTRICT,9.88,1000.0,101.21457489878541
T809506,C8120686,BANGALORE,41.1,4158.0,101.16788321167883
T441459,C2352774,MOHALI,24.73,2500.0,101.09179134654266
T788536,C5621446,NEW DELHI,57.85,5847.72,101.08418323249784
T960409,C1146547,NEW DELHI,51.2,5175.0,101.07421875
T425837,C3920125,OLD JAIL ROAD WARD 14 VISAKHAPATNAM,20.94,2116.0,101.05062082139446
T313663,C5134239,CEAT TYRE MUMBAI,8.07,815.0,100.99132589838909
T628254,C5817071,SHIKOHABAD,14.13,1427.0,100.99079971691437
T690006,C4317019,SHIKOHABAD,14.13,1427.0,100.99079971691437
T316705,C2417617,MUMBAI,7.28,735.0,100.96153846153845
T277395,C1514544,VENKATA PURAM,10.5,1060.0,100.95238095238095
T724526,C6220512,THANE,72.86,7354.35,100.93810046664838
T811069,C1910181,VIJAYAWADA,23.74,2396.0,100.92670598146589
T492276,C2934969,BANGALORE,2.18,220.0,100.91743119266054
T69464,C2934945,BANGALORE,2.18,220.0,100.91743119266054
T38340,C8142369,BANGALORE,25.57,2580.0,100.89949159170904
T804606,C3912370,KANYAKUMARI,36.46,3678.0,100.8776741634668
T259523,C6639273,WEST GODAVARI,2.85,287.5,100.87719298245614
T983586,C5342122,NEW DELHI,28.92,2917.0,100.86445366528353
T220955,C4638017,DELHI,4.96,500.0,100.80645161290323
T712810,C6020452,NOIDA,4.96,500.0,100.80645161290323
T200561,C4838282,HOSPITAL TRICHY,18.65,1880.0,100.80428954423593
T318138,C3125814,DELHI,2.54,256.0,100.78740157480314
T142500,C3628650,KARIMNAGAR,15.88,1600.0,100.75566750629723
T1006095,C1530424,MUMBAI,5.46,550.0,100.73260073260073
T363215,C5383250,GORAKHPUR,4.11,414.0,100.72992700729927
T776520,C1979014,MAHBOULA,11.91,1199.0,100.67170445004199
T59518,C2031614,MUZAFFARPUR,4.54,457.0,100.66079295154185
T373264,C4525578,MOHALI,18.38,1850.0,100.65288356909684
T651769,C3135133,KOLKATA,79.48,7990.0,100.52843482637141
T358861,C8767717,PUNE,1.99,200.0,100.50251256281408
T259817,C1086222,RAMGARH,6.04,606.9,100.48013245033113
T537326,C3312037,BILASPUR,43.49,4369.51,100.47160266727984
T311747,C8113243,KAMRUP,6.9,693.0,100.43478260869564
T70881,C3833589,KOCHI,558.52,56092.0,100.42970708300508
T914081,C8831628,PUNE,2.59,260.0,100.3861003861004
T993077,C5534948,NORTH 24 PARGANAS,1.46,146.52,100.35616438356165
T922815,C8416855,NAVI MUMBAI,2.99,300.0,100.3344481605351
T868117,C6935656,WARANGAL,53.82,5398.0,100.29728725380899
T172569,C1232512,NEW DELHI,27.61,2769.0,100.2897500905469
T988399,C4378315,MUMBAI,31.42,3150.0,100.25461489497135
T906184,C3884121,NEW DELHI,28.91,2897.0,100.20754064337599
T114608,C3115124,NODE NAVI MUMBAI,39.86,3994.0,100.20070245860512
T406075,C5319581,CHENNAI,5.15,516.0,100.19417475728154
T337030,C1217655,MUMBAI,7.28,729.0,100.13736263736263
T715883,C9071989,NAGAPATTINAM,9.15,916.0,100.10928961748634
T669421,C8811582,THANE,41.11,4115.33,100.10532717100462
T103360,C1937346,SULTANPUR,12.3,1231.0,100.08130081300813
T756745,C2535823,CHENNAI,14.45,1446.0,100.06920415224914
T1028029,C1023777,GUNTUR,6.09,609.0,100.0
T103052,C6722331,HAMIRPUR,1.0,100.0,100.0
T109603,C4820470,MUMBAI,1.0,100.0,100.0
T112428,C4141790,BAREILLY,0.2,20.0,100.0
T114671,C2310061,MUMBAI,1.0,100.0,100.0
T162152,C1229986,THANE WEST,1.0,100.0,100.0
T166583,C5725590,CANDOLIM BARDEZ,12.97,1297.0,100.0
T205628,C7629913,THANE WEST,1.0,100.0,100.0
T2605,C7221054,NEW DELHI,0.43,43.0,100.0
T314385,C2629917,THANE WEST,1.0,100.0,100.0
T333601,C3565757,GURGAON,0.6,60.0,100.0
T395524,C1910014,MUMBAI,1.0,100.0,100.0
T439469,C3229955,THANE WEST,1.0,100.0,100.0
T492265,C2821520,NAVI MUMBAI,5.8,580.0,100.0
T52778,C1210067,MUMBAI,1.0,100.0,100.0
T533959,C5424716,CHENNAI,0.65,65.0,100.0
T540930,C5829920,THANE WEST,1.0,100.0,100.0
T553285,C8136887,DEHAT,1.2,120.0,100.0
T577102,C3756756,KANPUR,2.0,200.0,100.0
T621097,C5376858,KUTCH,9.0,900.0,100.0
T62836,C6011425,PALAMPUR,0.77,77.0,100.0
T65948,C6815680,NAVI MUMBAI,0.92,92.0,100.0
T66622,C1711463,PALAMPUR,0.77,77.0,100.0
T67100,C6329916,THANE WEST,1.0,100.0,100.0
T697872,C3739545,KUSHALNAGAR,1.0,100.0,100.0
T734763,C1823077,DELHI,2.5,250.0,100.0
T762537,C8631150,MUMBAI,1.0,100.0,100.0
T795838,C2523683,CHENNAI,0.9,90.0,100.0
T820793,C4929926,THANE WEST,1.0,100.0,100.0
T842380,C4727161,NEW DELHI,0.85,85.0,100.0
T977873,C3023891,NOIDA,1.65,165.0,100.0
T983798,C5629658,CHENNAI,3.38,338.0,100.0
T99585,C8310068,MUMBAI,1.0,100.0,100.0
T323964,C6531122,JAIPUR,0.68,68.0,99.99999999999999
T886292,C6453190,GURGAON,2.2,220.0,99.99999999999999
T1048269,C6796470,PUNE,3.44,343.97,99.99127906976746
T536981,C5227551,THANE WEST,0.78,77.95,99.93589743589743
T951785,C6623653,BURDWAN,11.7,1169.0,99.91452991452992
T289885,C1875320,GURGAON,33.03,3300.0,99.90917347865576
T47739,C2599548,KANPUR,20.02,2000.0,99.9000999000999
T61379,C8024091,BANGALORE,75.37,7526.0,99.85405333687143
T699686,C5938016,DELHI,200.4,20000.0,99.8003992015968
T304188,C6727729,BANGALORE,11.73,1170.0,99.74424552429667
T528848,C8166134,THANE,85.2,8496.0,99.71830985915493
T491870,C2014815,AGARTALA,3.51,350.0,99.71509971509973
T640136,C2525282,PARK MAHAPE NAVI MUMBAI,13.19,1315.0,99.696739954511
T248386,C4941888,BALKUM THANE THANE,3.09,308.0,99.67637540453075
T249641,C4341874,BALKUM THANE THANE,3.09,308.0,99.67637540453075
T69870,C5643658,MUMBAI,180.64,17997.0,99.6290965456156
T177077,C8229165,(W) MUMBAI,149.38,14880.0,99.61172847770786
T241061,C6931645,PRAKASHAM,5.0,498.0,99.6
T796542,C3725139,DELHI,13.04,1298.5,99.57822085889572
T123558,C5144287,KOLKATA,66.34,6605.0,99.56285800422067
T982215,C6695348,DELHI,96.33,9589.0,99.54323679020035
T601082,C8264749,HYDERABAD,93.45,9302.0,99.5398608881755
T212397,C1769184,DELHI,8.04,800.0,99.50248756218906
T170321,C7316488,NEW DELHI,7.84,780.0,99.48979591836735
T743807,C3350880,THANE,5.66,563.0,99.46996466431095
T125872,C6335440,BANGALORE,6.82,678.0,99.41348973607037
T934316,C7363437,KOTTAYAM,160.49,15950.0,99.38313913639479
T304819,C7524163,KOLKATA,19.21,1909.0,99.37532535137949
T951523,C5826454,PUNE,3.11,309.0,99.35691318327974
T205383,C4513486,NEW DELHI,15.1,1500.0,99.33774834437087
T383047,C1210191,BANGALORE,8.86,880.0,99.32279909706547
T832414,C2016391,DELHI,35.24,3500.0,99.31895573212259
T641867,C8025265,PARK MAHAPE NAVI MUMBAI,13.19,1310.0,99.31766489764973
T407414,C7834549,DINDIGUL,1.41,140.0,99.29078014184398
T644090,C7037716,MUMBAI,15.5,1539.0,99.29032258064517
T203021,C1720136,FARIDABAD,22.51,2235.0,99.28920479786761
T712929,C1415062,ERODE,60.44,6000.0,99.27200529450695
T545498,C4710549,GURGAON,24.18,2399.0,99.21422663358148
T996421,C8730846,MEDINIPUR,35.43,3515.0,99.20970928591589
T1012431,C1330169,GREATER NOIDA,10.08,1000.0,99.2063492063492
T975076,C4430144,GREATER NOIDA,10.08,1000.0,99.2063492063492
T940988,C4627758,NEW DELHI,35.82,3553.0,99.19039642657734
T993359,C3327075,RUPNAGAR,3.57,354.0,99.15966386554622
T541373,C5439583,BHIWADI,14.12,1400.0,99.1501416430595
T638476,C2981990,BANGALORE,8.22,815.0,99.14841849148418
T369529,C3930181,DELHI,58.35,5782.5,99.10025706940874
T588002,C4914258,BANGALORE,3.21,318.0,99.06542056074767
T722797,C3228166,NEW DELHI,6.41,635.0,99.06396255850234
T569592,C1722431,PATIALA,1.1,108.95,99.04545454545455
T67716,C1521967,JHAJJAR,3.03,300.0,99.00990099009901
T768085,C8412155,PUNE,3.03,300.0,99.00990099009901
T863455,C1432037,PUNE,2.02,200.0,99.00990099009901
T299606,C6868934,GARHWA,5.86,580.0,98.97610921501706
T234395,C6442662,SANGVI PUNE,1047.93,103707.0,98.96367123758266
T484038,C7050563,FARIDABAD,1000.46,99000.0,98.95448093876816
T828135,C7442825,EAST MUMBAI,5.66,560.0,98.9399293286219
T475849,C7657239,BANGALORE,6.43,636.0,98.91135303265942
T309966,C1140842,BANGALORE,3.64,360.0,98.90109890109889
T136228,C8235317,BANGALORE,57.91,5725.96,98.8768779140045
T979084,C2642171,NEW DELHI,28.92,2858.0,98.82434301521438
T283259,C2110281,MUMBAI,12.63,1248.0,98.81235154394298
T257191,C1635754,BANGALORE,45.52,4495.0,98.74780316344463
T306990,C6410366,DELHI,112.45,11100.0,98.7105380168964
T832770,C6126667,NEW DELHI,3.75,370.0,98.66666666666667
T721589,C4120127,CHENNAI,61.38,6055.0,98.64776800260671
T871368,C7134330,REWARI,5.07,500.0,98.61932938856015
T719464,C8329442,NAGAPATTINAM,12.17,1200.0,98.60312243221036
T470258,C7421428,DELHI,3.55,350.0,98.59154929577466
T286603,C1831725,CHENNAI,7.79,768.0,98.58793324775353
T701223,C5576636,DELHI,31.71,3124.0,98.51781772311574
T75726,C9098123,AHMEDABAD,21.42,2110.0,98.50606909430438
T12126,C2229666,GURGAON,30.46,2999.0,98.45699277741299
T546976,C8821845,PATNA,3.23,318.0,98.45201238390094
T559482,C2140175,BANGALORE,9.44,929.0,98.41101694915255
T399311,C4134779,CHENNAI,43.66,4296.4,98.40586349060925
T14038,C1487127,PERAMBALUR,1.24,122.0,98.38709677419355
T973621,C8131692,MAU,2.63,258.56,98.31178707224335
T372044,C5531477,MUMBAI,7.99,785.0,98.24780976220275
T121941,C6613290,BANGALORE,84.43,8295.0,98.24706857751983
T362163,C5215725,NEW DELHI,446.93,43900.0,98.22567292417158
T336881,C6115665,BANGALORE,70.06,6880.0,98.20154153582644
T342509,C5315628,BANGALORE,70.06,6880.0,98.20154153582644
T985970,C4529628,SAHIBABAD,12.7,1247.0,98.18897637795276
T568851,C4038990,GHAZIABAD,203.93,20000.0,98.07286814102878
T597782,C8938934,GHAZIABAD,203.93,20000.0,98.07286814102878
T598993,C1838972,GHAZIABAD,203.93,20000.0,98.07286814102878
T172585,C6928727,DELHI,5.1,500.0,98.03921568627452
T740434,C7028764,DELHI,5.1,500.0,98.03921568627452
T172422,C5453528,MUMBAI,0.51,50.0,98.0392156862745
T176896,C8547032,MUMBAI,0.51,50.0,98.0392156862745
T374820,C1132320,NOIDA,1.53,150.0,98.0392156862745
T69969,C7053534,MUMBAI,0.51,50.0,98.0392156862745
T768180,C8027171,GOLAGHAT,4.08,400.0,98.0392156862745
T817516,C7530091,THANE,0.51,50.0,98.0392156862745
T650249,C6719487,GURGAON,79.39,7782.0,98.02242095981862
T587064,C2432046,PUNE,2.02,198.0,98.01980198019803
T124902,C2817611,BANGALORE,4.49,440.0,97.99554565701558
T251909,C5241442,PRAKASAM,1.47,144.0,97.95918367346938
T716714,C4942611,NEW DELHI,2.45,240.0,97.95918367346938
T47690,C7315253,TIRUPPUR,5.36,525.0,97.94776119402985
T887076,C3210692,BANGALORE,4.35,426.0,97.93103448275863
T650885,C2328647,JAIPUR,1.44,141.0,97.91666666666667
T462190,C8231361,MANGALORE,45.96,4500.0,97.911227154047
T162415,C8334191,NO 54 VIJAYNAGAR A B ROAD INDORE,4.85,474.81,97.89896907216496
T835839,C2727232,K V RANGAREDDY,8.52,834.0,97.88732394366198
T26533,C5233579,CHENNAI,6.13,600.0,97.87928221859707
T140907,C3937343,CHITRAKOOT,73.86,7222.0,97.77958299485513
T888517,C3715772,NEW DELHI,446.93,43700.0,97.77817555321862
T44523,C7142734,BAGALKOT,1.79,175.0,97.76536312849161
T934294,C2133330,BANGALORE,7.16,700.0,97.76536312849161
T395874,C8124424,PUDUKKOTTAI (DT),9.82,960.0,97.75967413441956
T749019,C7526236,VILLUPURAM,2.23,218.0,97.75784753363229
T171338,C2430220,NEW DELHI,13.3,1300.0,97.74436090225564
T28572,C7829020,PONDICHERRY,8.39,820.0,97.73539928486292
T971136,C7710321,PUNE,3.5,342.0,97.71428571428571
T720065,C4021978,SADARMANGALA BANGALORE,127.13,12420.0,97.6952725556517
T987503,C5231060,DELHI,5.12,500.0,97.65625
T173351,C1140585,NOIDA,10.33,1008.63,97.64085188770571
T261418,C8610948,AHMEDABAD,102.42,9999.0,97.6274165202109
T270130,C8810976,AHMEDABAD,102.42,9999.0,97.6274165202109
T413614,C2622651,DELHI,15.58,1521.0,97.62516046213094
T855838,C1083575,DELHI,23.7,2313.0,97.59493670886076
T496728,C2497474,GURGAON,4.09,399.0,97.55501222493888
T498380,C7097473,GURGAON,4.09,399.0,97.55501222493888
T167855,C8228625,KARIMNAGAR,15.88,1549.0,97.544080604534
T837854,C6112767,MUMBAI,14.44,1408.0,97.50692520775624
T157205,C6732056,CHENNAI,7.94,774.0,97.48110831234257
T1029745,C2026662,CHENNAI,5.07,494.0,97.43589743589743
T298232,C6329889,DELHI,6.98,680.0,97.42120343839541
T536548,C8031219,MOHALI,114.92,11194.0,97.40689175078315
T772709,C2124156,NEW DELHI,3.08,300.0,97.4025974025974
T640370,C4041230,KANPUR NAGAR,74.89,7294.0,97.39618106556283
T59165,C3777637,JAIPUR,8.34,812.0,97.3621103117506
T767900,C8198831,DELHI,7.18,699.0,97.35376044568245
T807181,C5235080,GHAZIABAD,4.52,440.0,97.34513274336284
T941372,C4635065,GHAZIABAD,4.52,440.0,97.34513274336284
T128142,C1736640,RANGA REDDY,9.76,950.0,97.3360655737705
T1031202,C9039450,GANAUR,17.07,1661.0,97.30521382542472
T543565,C7464381,NELLORE,5.93,577.0,97.3018549747049
T518891,C6036312,BANGALORE,327.94,31900.0,97.27389156553028
T155231,C1927112,DELHI,58.6,5700.0,97.26962457337883
T171248,C6934431,GURGAON,6.22,605.0,97.26688102893891
T900915,C3828474,AMRITSAR,4.73,460.0,97.25158562367864
T1005338,C7117714,HYDERABAD,133.68,13000.0,97.24715739078395
T207781,C8462080,BANGALORE,21.57,2096.95,97.21604079740379
T406469,C7520631,SILVASSA,20.58,2000.0,97.18172983479107
T155522,C8430724,FARIDABAD,7.41,720.0,97.16599190283401
T896831,C6020364,KURUKSHETRA,2.78,270.0,97.12230215827338
T177588,C2699813,NEW DELHI,3.47,337.0,97.11815561959654
T800533,C1573135,NAVI MUMBAI,18.62,1808.0,97.09989258861438
T823220,C5075134,NEW DELHI,154.53,15000.0,97.06853038245
T198462,C7031560,AMBALA,8.62,836.68,97.06264501160094
T206913,C1840643,NEW DELHI,9.53,925.0,97.06190975865688
T182687,C4842541,VADODARA,14.4,1396.8,97.0
T234151,C7740824,BANGALORE,3.64,353.0,96.97802197802197
T995217,C4311733,PANCHKULA,6.94,673.0,96.97406340057637
T474145,C2140824,KALYAN,35.07,3400.0,96.94895922440833
T464271,C2234514,UDAIPUR,20.63,2000.0,96.94619486185168
T369465,C8626038,NEW DELHI,8.19,793.48,96.8840048840049
T188997,C8717811,MUMBAI,0.31,30.0,96.7741935483871
T189953,C2917823,MUMBAI,0.31,30.0,96.7741935483871
T747974,C4717857,MUMBAI,0.31,30.0,96.7741935483871
T829980,C3432320,BANGALORE,3.1,300.0,96.77419354838709
T259854,C7441882,BALKUM THANE THANE,3.09,299.0,96.76375404530745
T822186,C7337592,MUMBAI,8.6,832.0,96.74418604651163
T240237,C5223776,THANE,11.01,1064.93,96.72388737511353
T850348,C7331375,MUMBAI,7.86,760.0,96.69211195928753
T142608,C4214472,SOUTH 24 PARGANAS,19.83,1917.18,96.68078668683813
T310391,C1522939,GREATER NOIDA,144.19,13940.0,96.67799431305916
T418954,C2834241,CEAT TYRE MUMBAI,8.07,780.0,96.6542750929368
T696633,C8936912,HYDERABAD,6.28,606.9,96.64012738853502
T89812,C2672614,VISAKHAPATNAM,62.1,6000.0,96.61835748792271
T208924,C5519173,MUMBAI,103.56,10000.0,96.56237929702587
T717872,C3829435,NAGAPATTINAM,12.17,1175.0,96.54889071487264
T768735,C5432082,MUMBAI,2.59,250.0,96.52509652509653
T901148,C1031612,PUNE,2.59,250.0,96.52509652509653
T300179,C8212576,RATNAGIRI,10.45,1008.63,96.51961722488039
T38700,C1628239,CHANDIGARH,34.17,3298.0,96.51741293532338
T397658,C8432288,DEHRADUN,184.34,17785.0,96.47933166974069
T504514,C8144517,HYDERABAD,3.38,326.0,96.44970414201184
T683151,C4411127,AHMEDABAD,1244.38,120000.63,96.43407158584998
T222333,C5638777,PONDICHERRY,103.7,10000.0,96.43201542912247
T547548,C3232153,CHANDIGARH,39.81,3838.64,96.42401406681738
T690735,C2738282,GHAZIABAD,57.64,5556.0,96.39139486467731
T907341,C4033182,CHENNAI,0.83,80.0,96.3855421686747
T223323,C3529589,HYDERABAD,13.82,1332.0,96.38205499276411
T72538,C7313039,BANGALORE,36.33,3500.0,96.33911368015414
T365947,C6140761,GURGAON,48.3,4645.0,96.16977225672879
T204491,C2218041,BANGALORE,3.12,300.0,96.15384615384615
T207495,C1729491,AJWA ROAD BARODA,0.52,50.0,96.15384615384615
T300059,C4213418,AMBAK,0.52,50.0,96.15384615384615
T362987,C3118064,BANGALORE,3.12,300.0,96.15384615384615
T369613,C3616222,NEW DELHI,4.16,400.0,96.15384615384615
T521946,C6215756,AURANGABAD,0.26,25.0,96.15384615384615
T562367,C4467671,LUCKNOW,2.6,250.0,96.15384615384615
T654482,C4461563,THANE WEST,0.52,50.0,96.15384615384615
T73815,C4581325,TALUK KANCHEEPURAM DIST,0.52,50.0,96.15384615384615
T739965,C7581334,TALUK KANCHEEPURAM DIST,0.52,50.0,96.15384615384615
T898915,C6672541,BANGALORE,0.52,50.0,96.15384615384615
T48312,C4123076,SURAT,2.59,249.0,96.13899613899615
T896524,C3365438,DELHI,6.32,606.9,96.02848101265822
T100124,C2380843,DELHI,104.15,10000.0,96.01536245799328
T841469,C7440390,MUMBAI,39.06,3749.0,95.98054275473629
T248239,C1216184,DELHI,15.63,1500.0,95.96928982725527
T632774,C7236358,NAVI MUMBAI,108.38,10400.0,95.95866396014026
T369817,C8727732,THANE,3.65,350.0,95.89041095890411
T490768,C4220352,AMRITSAR,14.19,1360.0,95.84214235377027
T346986,C5722540,NOIDA,0.94,90.0,95.74468085106383
T655324,C3520869,SRIPERUMBUDUR,0.94,90.0,95.74468085106383
T488901,C3132521,NAVI MUMBAI,4.7,450.0,95.74468085106382
T552202,C3615388,LUCKNOW,51.14,4896.0,95.73719202190067
T931495,C2733755,GHAZIABAD,11.01,1054.0,95.73115349682108
T1022027,C6628879,KOLKATA,2.81,269.0,95.72953736654804
T737148,C4520530,NOIDA,11.17,1069.0,95.70277529095793
T558341,C2330746,DELHI,8.36,800.0,95.69377990430623
T909929,C1377462,MOHALI,4.39,420.0,95.67198177676538
T333799,C5738481,BANGALORE,7.83,749.0,95.65772669220945
T316122,C4655440,PATHANKOT,9.68,925.0,95.55785123966942
T255345,C4718814,SONIPAT,5.49,524.19,95.4808743169399
T232496,C2042664,SANGVI PUNE,1047.93,100000.0,95.42622121706601
T612931,C7429461,CENTER INDIRANAGAR BANGALORE,21.14,2017.25,95.42336802270577
T577717,C8416121,DELHI,2.83,270.0,95.40636042402826
T71422,C8513623,BANGALORE,36.64,3494.0,95.36026200873363
T769581,C2824064,NEW DELHI,78.81,7510.0,95.2924755741657
T934094,C4417269,AMRITSAR,4.43,422.0,95.25959367945825
T451876,C7337312,JAIPUR,27.0,2572.0,95.25925925925925
T572818,C4127443,NASHIK,2.1,200.0,95.23809523809524
T774565,C6618621,PO DHANBAD DHANBAD,0.42,40.0,95.23809523809524
T896190,C6897259,THANE,5.25,500.0,95.23809523809524
T998272,C2724360,MUMBAI,1.05,100.0,95.23809523809524
T448717,C5857016,KOCHI,5.62,535.0,95.19572953736655
T90418,C3623145,CHENNAI,22.59,2150.0,95.17485613103143
T404811,C8636882,MANDYA,16.83,1600.0,95.06833036244802
T47178,C1310791,MANGALORE,10.61,1008.63,95.06409048067862
T529101,C8613186,PALI,5.44,517.0,95.03676470588235
T583784,C8213172,PALI,5.44,517.0,95.03676470588235
T322443,C1635519,MUMBAI,4.21,400.0,95.01187648456057
T154586,C7110430,PANCHKULA,48.51,4609.0,95.01133786848072
T993514,C1038581,AHMEDABAD,54.74,5200.0,94.9945195469492
T707021,C2111438,TEMPLE HYDERABAD,101.07,9598.0,94.9638864153557
T885032,C6926851,CACHAR,12.11,1150.0,94.96284062758052
T757181,C9031574,TRICHY,30.53,2899.0,94.95578119882083
T47348,C3126057,MUMBAI,43.92,4170.0,94.94535519125682
T363533,C4242865,JAIPUR,14.55,1381.0,94.91408934707903
T171752,C3542678,JAIPUR,53.28,5057.0,94.91366366366366
T841078,C1160669,CHENNAI,16.12,1530.0,94.91315136476426
T377551,C7613775,ALAPPUZHA,26.55,2519.0,94.87758945386064
T378115,C6213729,ALAPPUZHA,26.55,2519.0,94.87758945386064
T667945,C8611582,NEW DELHI,33.59,3186.0,94.84965763620124
T314908,C7467130,NEW DELHI,5.8,550.0,94.82758620689656
T212303,C6591647,GURGAON,29.5,2797.0,94.8135593220339
T855703,C2112449,KANYAKUMARI,2.69,255.0,94.79553903345725
T704777,C4637323,CHITRAKOOT,73.86,7000.0,94.77389656106146
T773759,C7215535,KOLKATA,26.71,2530.0,94.72107824784725
T633493,C8015776,JALGAON,5.28,500.0,94.69696969696969
T220802,C7622259,MUMBAI,6.97,660.0,94.69153515064562
T504184,C6786686,MUMBAI,3.38,320.0,94.67455621301775
T776865,C6820565,KHANNA,227.2,21500.0,94.63028169014085
T503722,C6820838,VIZIANAGARAM,17.45,1651.0,94.61318051575931
T600007,C1329853,DELHI,6.98,660.0,94.55587392550143
T193871,C3871059,SONIPAT,5.87,555.0,94.54855195911414
T153414,C5024413,GURGAON,8.07,763.0,94.54770755885997
T755153,C5732890,NOIDA,1.65,156.0,94.54545454545455
T137111,C9018421,GONDIA,16.01,1512.75,94.48782011242972
T270260,C4222623,GURGAON,3.18,300.2,94.40251572327043
T586045,C7429451,MUMBAI,7.84,740.0,94.38775510204081
T268136,C8770012,VISAKHAPATNAM,0.53,50.0,94.33962264150944
T625284,C8870024,VISAKHAPATNAM,0.53,50.0,94.33962264150944
T665576,C3670019,VISAKHAPATNAM,0.53,50.0,94.33962264150944
T966125,C2570013,VISAKHAPATNAM,0.53,50.0,94.33962264150944
T981402,C1241276,VISAKHAPATNAM,5.3,500.0,94.33962264150944
T450836,C5423367,BARAMATI,13.28,1252.0,94.27710843373494
T510503,C5641629,DEHRADUN,4.35,410.0,94.2528735632184
T733685,C1430616,GANDHIDHAM,65.8,6200.0,94.22492401215806
T416812,C6911984,LUCKNOW,14.19,1337.0,94.22128259337562
T1007011,C3530733,EAST GODAVARI,6.37,600.0,94.19152276295134
T300112,C6642631,BARDDHAMAN,3.32,312.65,94.17168674698794
T946740,C5633569,CHENNAI,6.13,577.0,94.12724306688418
T303829,C8722748,THRISSUR,0.17,16.0,94.11764705882352
T600871,C4440989,NOIDA,19.07,1794.34,94.09229155742003
T620623,C8940957,HOSUR,18.66,1755.0,94.05144694533762
T280890,C2222486,PATHANKOT,16.08,1511.0,93.9676616915423
T60741,C8527329,MOHALI,6.46,606.9,93.94736842105263
T984732,C3422978,JAIPUR,23.92,2247.0,93.938127090301
T212663,C7512333,CHANDIGARH,10.54,990.0,93.92789373814043
T648557,C8454532,MUMBAI,12.67,1190.0,93.92265193370166
T381558,C8922320,LUCKNOW,247.07,23200.0,93.90051402436556
T454857,C3937933,MUMBAI,10.65,1000.0,93.89671361502347
T1021483,C6330737,NAVI MUMBAI,29.07,2729.46,93.89267285861713
T493010,C6619832,GURGAON,121.34,11388.0,93.85198615460689
T309842,C3212983,FARIDABAD,24.41,2290.0,93.81401065137239
T1002927,C2818556,GHAZIABAD,31.99,3000.0,93.77930603313536
T1033429,C3640431,KANCHIPURAM,0.64,60.0,93.75
T128004,C4127434,MUMBAI,1.6,150.0,93.75
T949100,C7181984,BANGALORE,8.22,770.0,93.67396593673965
T92979,C5227077,RUPNAGAR,3.57,334.34,93.65266106442577
T317213,C4318752,BULANDSHAHR,9.08,850.0,93.61233480176212
T287756,C2828165,NEW DELHI,6.41,600.0,93.60374414976599
T272756,C5042191,GULBARGA,2.97,278.0,93.60269360269359
T15127,C2635687,BANGALORE,16.03,1500.0,93.57454772301934
T401254,C8937721,MUMBAI,15.5,1450.0,93.54838709677419
T196596,C2236448,PATHANAMTHITTA,2.94,275.0,93.5374149659864
T89359,C6639513,PUNE,120.82,11300.0,93.5275616619765
T860775,C6036475,SOUTH 24 PARGANAS,21.39,2000.0,93.50163627863488
T965659,C4620618,MUMBAI,2.37,221.58,93.49367088607595
T641191,C5125518,TRICHUR,31.56,2950.0,93.47275031685679
T934571,C2363411,KOTTAYAM,160.49,15000.0,93.46376721291045
T862528,C2917750,BANGALORE,5.35,500.0,93.45794392523365
T773242,C7522236,MOTI BEGAMWADI RING RD SURAT SURAT,57.0,5327.0,93.45614035087719
T98884,C4328973,CHENNAI,22.36,2089.64,93.45438282647585
T312613,C2735992,GURGAON,93.66,8750.0,93.42301943198804
T317146,C3435984,GURGAON,93.66,8750.0,93.42301943198804
T883708,C2930935,PUNE,10.22,954.0,93.3463796477495
T36239,C8111133,BANGALORE,1.5,140.0,93.33333333333333
T669630,C8537574,CHANDIGARH,63.25,5902.0,93.31225296442688
T883363,C7742466,NEW DELHI,13.02,1214.8,93.3026113671275
T594122,C6349361,THANE,5.36,500.0,93.28358208955224
T356716,C7725247,MUMBAI,214.5,20000.0,93.24009324009324
T757523,C5835866,CHENNAI,14.45,1347.0,93.21799307958479
T189801,C2923735,BHIWADI,26.83,2500.0,93.17927692881103
T189993,C7123729,BHIWADI,26.83,2500.0,93.17927692881103
T417366,C3319645,BANGALORE,6.44,600.0,93.16770186335403
T820034,C7369058,JALANDHAR,9.73,906.0,93.11408016443987
T464201,C8234891,BANGALORE,6.36,592.0,93.0817610062893
T655708,C4229384,CUTTACK,1.59,148.0,93.0817610062893
T300259,C4610488,MUMBAI,14.88,1385.0,93.07795698924731
T257275,C5531711,MUMBAI,10.1,940.0,93.06930693069307
T145081,C2960667,CHENNAI,16.12,1500.0,93.05210918114143
T740282,C2160642,CHENNAI,16.12,1500.0,93.05210918114143
T841192,C2711584,SAS NAGAR,2.15,200.0,93.0232558139535
T29907,C1110185,RANGAREDDY,2.17,201.73,92.963133640553
T757931,C3515320,AGRA,16.14,1500.0,92.93680297397769
T1032345,C2530272,NEW DELHI,13.3,1236.0,92.93233082706766
T111640,C5338624,PARK MAHAPE NAVI MUMBAI,2.26,210.0,92.9203539823009
T712826,C5416932,KANPUR,14.8,1375.0,92.9054054054054
T307340,C7118513,ZIRAKPUR,25.82,2397.91,92.8702556158017
T708873,C3831820,SAHARANPUR,0.56,52.0,92.85714285714285
T20804,C6611659,NASHIK,4.31,400.0,92.80742459396753
T333639,C5537782,MUMBAI,15.5,1438.0,92.7741935483871
T1004147,C2112731,MUMBAI,14.44,1339.6,92.77008310249307
T977479,C3250040,KULATHOOR,4.82,447.0,92.73858921161825
T644737,C3816775,KRISHNA,0.41,38.0,92.6829268292683
T503196,C6332059,MUMBAI,2.59,240.0,92.66409266409266
T1013189,C6142537,GURGAON,16.19,1500.0,92.64978381717108
T841529,C1915222,GURGAON,23.8,2205.0,92.6470588235294
T28172,C9077454,MOHALI,7.17,664.0,92.60808926080892
T321018,C1636686,VIJAYAWADA,10.8,1000.0,92.59259259259258
T181140,C4923160,KOCHI,2.69,249.0,92.56505576208178
T657686,C7359145,SECUNDERABAD,27.02,2500.0,92.5240562546262
T563460,C2725843,NEW DELHI,12.13,1122.0,92.49793899422917
T610311,C6821550,TEZPUR,21.42,1980.0,92.43697478991596
T957834,C2642585,THANE,32.41,2995.0,92.40975007713669
T943895,C8616758,MUMBAI,20.55,1898.0,92.36009732360097
T359509,C2520069,NOIDA,15.5,1431.0,92.3225806451613
T233200,C7038760,KHARAR,57.4,5299.0,92.3170731707317
T848673,C6529744,MUMBAI,21.67,2000.0,92.29349330872172
T908046,C1426469,PUNE,3.11,287.0,92.28295819935691
T73873,C5085927,BANGALORE,4.27,394.0,92.27166276346605
T841566,C7512429,NORTH 24 PARGANAS,1.16,107.0,92.24137931034484
T632711,C3035262,PALACE SILCHAR,141.78,13077.0,92.23444773592891
T400928,C8634576,DINDIGUL,1.41,130.0,92.1985815602837
T781243,C6016350,GURGAON,21.15,1950.0,92.1985815602837
T563243,C4713375,MUMBAI,25.69,2368.0,92.17594394706111
T320430,C6542212,DELHI,5.75,530.0,92.17391304347827
T47316,C2620543,GURGAON,1.15,106.0,92.17391304347827
T378119,C8129621,DELHI,5.94,547.5,92.17171717171716
T760652,C2042381,NEW DELHI,90.29,8322.0,92.16967549008749
T715126,C2638827,KHAMMAM,10.85,1000.0,92.16589861751153
T924251,C1120641,HOSHANGABAD,5.96,549.0,92.11409395973155
T273796,C2633035,DELHI,2.85,262.52,92.11228070175437
T436050,C1916183,MUMBAI,32.57,3000.0,92.109303039607
T269494,C1328374,MYSORE,21.3,1961.46,92.08732394366197
T1027369,C4829666,AZAMGARH,54.3,5000.0,92.08103130755065
T385125,C6454554,THANE,61.74,5683.91,92.06203433754453
T974523,C6031990,IDUKKI,16.24,1494.9,92.05049261083745
T495509,C3616554,NEW DELHI,97.17,8944.0,92.04486981578677
T555122,C6414314,THANE,27.15,2499.0,92.04419889502763
T428466,C1522318,CHANDIGARH,108.71,9999.0,91.97865881703616
T125418,C6212289,SENAPATI,163.12,15000.0,91.95684158901422
T883010,C4437011,MANDAPETA,1.1,101.15,91.95454545454545
T430123,C3239430,NAVI MUMBAI,2.72,250.0,91.91176470588235
T801351,C7839430,NAVI MUMBAI,2.72,250.0,91.91176470588235
T103839,C6215336,ALWAR,8.15,749.0,91.90184049079754
T796010,C6341635,MAHISAGAR,5.43,499.0,91.89686924493554
T49427,C1632752,GUNTUR,25.04,2300.0,91.85303514376997
T535222,C3412923,MUMBAI,8.7,799.0,91.83908045977012
T10352,C8164932,BANGALORE,6.73,618.0,91.82763744427935
T261650,C4033476,DARJEELING,5.12,470.0,91.796875
T289308,C1626718,HYDERABAD,204.38,18757.97,91.77987082884823
T292731,C8726749,HYDERABAD,204.38,18757.97,91.77987082884823
T598474,C3818656,PALAKKAD,1.94,178.0,91.75257731958763
T731152,C5610175,MUKTSAR,7.63,700.0,91.74311926605505
T815948,C5527882,AMBALA,54.5,5000.0,91.74311926605505
T680857,C6132021,PANCHKULA,16.35,1500.0,91.74311926605503
T477647,C8844274,NAVI MUMBAI,3.51,322.0,91.73789173789174
T298312,C1042833,3RD BLOCK BANGALORE,18.81,1725.0,91.70653907496013
T196407,C4536689,NEW DELHI,27.84,2553.0,91.70258620689656
T795235,C6935888,BANGALORE,21.81,2000.0,91.70105456212747
T181400,C9023320,PUNE,109.06,10000.0,91.69264624977076
T635140,C1028842,BANGALORE,40.39,3700.0,91.60683337459767
T1004705,C2537389,BANGALORE,93.83,8594.0,91.59117553021422
T483610,C6724920,BANGALORE,10.92,1000.0,91.57509157509158
T952830,C8833186,AZAMGARH,2.84,260.0,91.54929577464789
T158988,C4216187,DELHI,2.83,259.0,91.51943462897526
T49959,C8119936,GURGAON,28.43,2601.0,91.48786493141048
T477453,C3827342,SANGLI,41.08,3758.14,91.48344693281402
T911363,C6424125,BENGALURU,11.62,1062.99,91.47934595524957
T870923,C8336132,GREATER NOIDA,1.64,150.0,91.46341463414635
T111335,C7839084,GURGAON,10.95,1000.0,91.32420091324201
T821851,C7539082,GURGAON,10.95,1000.0,91.32420091324201
T933727,C3217241,AMRITSAR,4.43,404.5,91.30925507900677
T507991,C2316615,WARANGAL,2.74,250.0,91.24087591240875
T126923,C4831342,AKOLA,32.28,2945.0,91.23296158612143
T42978,C5422539,THANE,25.15,2294.4,91.22862823061631
T57262,C6873774,DELHI,9.73,886.98,91.15930113052416
T790978,C4220692,YAMUNANAGAR,8.67,790.0,91.11880046136102
T969140,C4277468,MOHALI,4.39,400.0,91.11617312072893
T124701,C2015142,MUMBAI G P O MUMBAI,81.89,7460.0,91.09781414092075
T159422,C4415147,MUMBAI G P O MUMBAI,81.89,7460.0,91.09781414092075
T50844,C4515116,MUMBAI G P O MUMBAI,81.89,7460.0,91.09781414092075
T51022,C2315113,MUMBAI G P O MUMBAI,81.89,7460.0,91.09781414092075
T52187,C8315175,MUMBAI G P O MUMBAI,81.89,7460.0,91.09781414092075
T57594,C8515191,MUMBAI G P O MUMBAI,81.89,7460.0,91.09781414092075
T58595,C4415128,MUMBAI G P O MUMBAI,81.89,7460.0,91.09781414092075
T68047,C2415147,MUMBAI G P O MUMBAI,81.89,7460.0,91.09781414092075
T68211,C7715146,MUMBAI G P O MUMBAI,81.89,7460.0,91.09781414092075
T395611,C7811544,NEW DELHI,33.59,3059.0,91.06877046740101
T233097,C2072522,GURGAON,69.57,6335.03,91.05979588903263
T263151,C2612834,KOLKATA,24.16,2200.0,91.05960264900662
T290408,C4317616,BANGALORE,4.49,408.82,91.05122494432071
T684242,C4440788,CHENNAI,299.44,27261.0,91.03994122361742
T694033,C9040777,CHENNAI,299.44,27261.0,91.03994122361742
T85507,C6713387,CHANDIGARH,16.48,1500.0,91.01941747572815
T373184,C7127485,THANE,63.98,5822.0,90.99718662081901
T780060,C6818415,GURGAON,6.83,621.0,90.92240117130308
T318046,C3119138,HAMIRPUR,0.77,70.0,90.9090909090909
T604938,C5016544,BHUBANESHWAR,0.88,80.0,90.9090909090909
T64818,C8516587,BHUBANESHWAR,0.88,80.0,90.9090909090909
T901119,C1525655,DELHI,70.5,6408.0,90.8936170212766
T846491,C1251450,THANE,104.77,9522.0,90.88479526582037
T643945,C4441023,KANGRA,2.74,249.0,90.87591240875912
T278976,C1121432,PUNE,52.16,4740.0,90.87423312883436
T280885,C6921429,PUNE,52.16,4740.0,90.87423312883436
T319765,C5132691,GURGAON,14.85,1349.0,90.84175084175084
T978203,C7053326,IDUKKI,57.3,5205.0,90.83769633507853
T78493,C2938816,MORADABAD,2.72,247.0,90.80882352941175
T231685,C3138711,PONDICHERRY,103.7,9413.0,90.77145612343298
T856258,C7431329,NAVI MUMBAI,12.67,1150.0,90.76558800315706
T973352,C3616011,PUNE,5.51,500.0,90.74410163339384
T221723,C7784828,ERNAKULAM,19.62,1780.0,90.72375127420999
T67310,C4435727,KOZHIKODE,16.6,1506.0,90.72289156626505
T821952,C7026426,MUMBAI,8.3,753.0,90.72289156626505
T98444,C4431420,KANPUR,2.58,234.0,90.69767441860465
T486064,C6518037,GURGAON,7.01,635.5,90.65620542082739
T245076,C1611060,PATNA,1.79,162.24,90.6368715083799
T608351,C1098949,NEW DELHI,3.31,300.0,90.6344410876133
T669134,C8598927,NEW DELHI,3.31,300.0,90.6344410876133
T629447,C3797618,MYSORE,3.68,333.5,90.625
T181587,C4027142,DELHI,331.07,30000.0,90.61527773582627
T628018,C4814779,NEW DELHI,11.04,1000.0,90.57971014492755
T503281,C7113591,DELHI,226.96,20544.0,90.5181529784984
T787734,C7812468,NORTH 24 PARGANAS,1.16,105.0,90.51724137931035
T883852,C7712482,NORTH 24 PARGANAS,1.16,105.0,90.51724137931035
T954251,C5939074,NEW DELHI,8.97,811.75,90.49609810479375
T657053,C8425584,KOLKATA,116.48,10538.0,90.47046703296704
T1037587,C1724375,MUMBAI,1.05,94.98,90.45714285714286
T637159,C6019263,DELHI,95.63,8650.0,90.45278678239046
T446137,C2793132,SURAT,90.46,8181.0,90.4377625469821
T449649,C3793134,SURAT,90.46,8181.0,90.4377625469821
T754214,C8799520,KOLKATA,4.7,425.0,90.42553191489361
T961534,C5428543,NAVI MUMBAI,34.36,3107.0,90.42491268917345
T411772,C1012121,KHARAR,1106.08,100000.0,90.4093736438594
T716421,C8318550,NAINITAL,30.55,2761.7,90.39934533551553
T613471,C3611562,SANGLI,12.06,1090.0,90.38142620232172
T658861,C6912488,KANYAKUMARI,2.69,243.0,90.33457249070632
T172150,C7637747,MUMBAI,15.5,1400.0,90.3225806451613
T603222,C8216314,PUNE,0.31,28.0,90.3225806451613
T662002,C4470246,MUMBAI,74.18,6697.0,90.28039902938797
T447074,C2132633,BANGALORE,0.41,37.0,90.2439024390244
T1018569,C2213979,NOIDA,17.71,1598.01,90.23207227555054
T15994,C5916290,WEST GODAVARI,275.4,24843.33,90.20816993464054
T257800,C4012480,PUNE,7.93,715.0,90.16393442622952
T688289,C8238635,DHARWARD,4.88,440.0,90.16393442622952
T402825,C5915681,THANE,11.07,998.0,90.1535682023487
T817014,C3975581,BANGALORE,95.69,8626.0,90.14526073779915
T103930,C5323130,NEW DELHI,4.16,375.0,90.14423076923076
T878915,C6029189,KASARAGOD,8.69,783.26,90.13348676639816
T975197,C3012581,PUNE,55.03,4960.0,90.13265491550064
T477527,C6522647,PATAUDI,16.69,1504.0,90.11384062312762
T486360,C6816145,DELHI,2.83,255.0,90.10600706713781
T1037209,C5334458,MUMBAI,65.56,5905.0,90.07016473459426
T149099,C1966375,MUMBAI,43.74,3937.0,90.00914494741654
T162066,C8320424,MUMBAI,1.0,90.0,90.0
T907991,C7831160,MUMBAI,1.0,90.0,90.0
T931711,C1173661,MUMBAI,1.0,90.0,90.0
T828364,C5336789,BANGALORE,5.61,504.78,89.97860962566844
T434102,C2377632,JAIPUR,8.34,750.0,89.92805755395683
T533612,C7924052,FACTORY ANDHERI-E MUMBAI,2.28,205.0,89.9122807017544
T833306,C3312134,RUDRAPUR,4.45,400.0,89.8876404494382
T291851,C3340553,THANE,14.39,1293.0,89.85406532314107
T26757,C7042527,GURGAON,16.19,1453.0,89.74675725756639
T483221,C3012636,GURAGAON,33.44,3000.0,89.71291866028709
T509737,C6485933,BANGALORE,4.27,383.0,89.69555035128806
T141591,C8138763,PONDICHERRY,103.7,9300.0,89.6817743490839
T461799,C5839930,INDORE,215.44,19320.0,89.6769402153732
T572508,C6593661,NAVI MUMBAI,5.68,509.35,89.6742957746479
T550467,C5058280,BANGALORE,32.34,2899.0,89.64131106988249
T843891,C2413672,SOUTH 24 PARGANAS,50.74,4545.0,89.5743003547497
T922865,C4534581,WARANGAL,18.98,1700.0,89.56796628029504
T799146,C6173677,MUMBAI,47.53,4257.0,89.56448558804965
T529496,C3713416,MORADABAD,3.35,300.0,89.55223880597015
T852511,C9013455,MORADABAD,3.35,300.0,89.55223880597015
T276225,C2838774,DELHI,3.44,308.0,89.53488372093024
T934436,C1021565,VARANASI,11.17,1000.0,89.52551477170994
T319031,C7732632,GURGAON,8.68,777.0,89.51612903225806
T221985,C2516146,DELHI,15.63,1398.8,89.49456174024311
T289969,C5628248,SALEM,5.52,494.0,89.4927536231884
T67771,C6219173,HYDERABAD,86.63,7750.0,89.46092577628997
T925149,C2950726,DELHI,12.83,1147.7,89.45440374123149
T326385,C7027692,NASHIK,5.59,500.0,89.44543828264759
T809550,C7028937,CHENNAI,22.36,2000.0,89.44543828264759
T81518,C1026748,SAHIBJADA AJITSINGHNAGAR,10.95,979.0,89.40639269406394
T619066,C2422566,KURICHI,15.14,1353.5,89.39894319682959
T57662,C1337731,BANGALORE,17.9,1600.0,89.38547486033521
T203755,C6846935,CHANDIGARH,19.09,1706.16,89.37454164484024
T690209,C4524622,RAIGARH,2.54,227.0,89.37007874015748
T657576,C5530291,SRIPERUMBUDUR,2.16,193.0,89.35185185185185
T995218,C7331287,DELHI,124.26,11102.68,89.35039433446
T536493,C8828075,CALICUT,414.27,37000.0,89.31373258985685
T640637,C8221072,FARIDABAD,1.12,100.0,89.28571428571428
T912886,C6023238,NEW DELHI,33.22,2966.0,89.28356411800121
T867831,C5830780,LUCKNOW,67.08,5985.04,89.22242098986285
T185494,C3823174,KOCHI,2.69,240.0,89.21933085501858
T787812,C3618542,CHENNAI,7.86,701.0,89.18575063613231
T579318,C4810475,BELLARY,5.35,477.0,89.1588785046729
T699671,C6564964,BANGALORE,6.73,600.0,89.15304606240713
T971376,C6738731,DELHI,6.73,600.0,89.15304606240713
T10956,C7741180,NEW DELHI,56.09,5000.0,89.14244963451596
T234748,C4536763,BANGALORE,5.61,500.0,89.12655971479501
T996164,C7336785,BANGALORE,5.61,500.0,89.12655971479501
T973394,C6123077,BANGALORE,24.35,2170.0,89.11704312114989
T796939,C4122486,NEW DELHI,91.25,8130.0,89.0958904109589
T201027,C3737917,MUMBAI,8.8,784.0,89.09090909090908
T706474,C8832228,MUMBAI,4.49,400.0,89.08685968819599
T627291,C6369761,THANJAVUR,20.21,1800.0,89.06481939633844
T671558,C3332157,GURGAON,88.25,7859.1,89.05495750708215
T588748,C7047147,BANGALORE,3.65,325.0,89.04109589041096
T792175,C6229129,MUMBAI,26.75,2381.8,89.0392523364486
T94320,C1238063,EAST GODAVARI,90.64,8069.43,89.0272506619594
T227687,C7330273,NEW DELHI,13.3,1184.0,89.02255639097744
T798895,C4232611,MEDAK,56.17,5000.0,89.01548869503293
T819283,C2217131,GURGAON,75.1,6685.0,89.01464713715048
T163343,C3963645,CHENNAI,18.97,1688.5,89.00896151818661
T214420,C1082590,GURGAON,1.87,166.41,88.98930481283422
T125366,C8224168,BENGALURU,11.62,1034.0,88.98450946643719
T637852,C8310626,NELLORE,318.35,28322.0,88.96497565572483
T1017206,C5021113,MUMBAI,13.5,1200.0,88.88888888888889
T433601,C7532887,MUMBAI,7.88,700.0,88.83248730964468
T227891,C3411041,PATNA,1.79,159.0,88.8268156424581
T100649,C1921946,KANPUR NAGAR,180.24,16000.0,88.7705281846427
T1538,C4731060,HYDERABAD,340.3,30200.0,88.7452248016456
T169984,C2220545,NAVI MUMBAI,3.64,323.0,88.73626373626374
T872703,C1020727,MUMBAI,24.96,2214.0,88.70192307692308
T525514,C1122287,MUMBAI,9.47,840.0,88.70116156282998
T579685,C1625938,KARNAL,15.9,1410.0,88.67924528301887
T96833,C6331470,PUNE,8.74,775.0,88.67276887871853
T42946,C7433321,NELLORE,94.49,8376.0,88.64430098423114
T819436,C8921984,LUCKNOW,21.29,1887.0,88.63316110850165
T324125,C1618387,MUMBAI,6.77,600.0,88.62629246676515
T958251,C8124350,PUNE,7.02,622.0,88.60398860398861
T800583,C4418431,NEW DELHI,73.82,6536.15,88.54172311026822
T265306,C2316679,BANGALORE,2.26,200.0,88.49557522123895
T661934,C2827986,HYDERABAD,1.13,100.0,88.49557522123895
T647641,C8638361,AURANGABAD,28.25,2500.0,88.49557522123894
T751982,C4928169,PATNA,5.65,500.0,88.49557522123894
T916896,C7041513,DELHI,5.65,500.0,88.49557522123894
T458138,C8418844,NAVI MUMBAI,1.91,169.0,88.48167539267016
T110209,C7636259,DELHI,6.05,535.0,88.42975206611571
T181635,C4121662,ALMORA,10.97,970.0,88.42297174111212
T597433,C8830255,NEW DELHI,13.3,1176.0,88.42105263157895
T692537,C4024624,GORAKHPUR,20.2,1786.0,88.41584158415841
T61248,C7036879,GONDIA,8.53,754.0,88.39390386869871
T56440,C8916136,DELHI,2.83,250.0,88.33922261484099
T59244,C7416189,DELHI,2.83,250.0,88.33922261484099
T213383,C7736677,VIJAYAWADA,10.8,954.0,88.33333333333333
T130931,C4327529,BANGALORE,2.57,227.0,88.32684824902724
T235943,C8748011,PANCHKULA,23.77,2099.0,88.30458561211611
T838288,C7585584,BANGALORE,5.63,497.0,88.27708703374778
T641301,C2069077,NAVI MUMBAI,226.6,20000.0,88.261253309797
T290219,C3927949,BANGALORE,8.93,788.0,88.24188129899217
T1017247,C4226587,ROAD DELHI,1.02,90.0,88.23529411764706
T296554,C5850679,CHENNAI,0.34,30.0,88.23529411764706
T326919,C4050686,CHENNAI,0.34,30.0,88.23529411764706
T365109,C3350670,CHENNAI,0.34,30.0,88.23529411764706
T366607,C4750629,CHENNAI,0.34,30.0,88.23529411764706
T400129,C4450632,CHENNAI,0.34,30.0,88.23529411764706
T407538,C4050638,CHENNAI,0.34,30.0,88.23529411764706
T423828,C7150648,CHENNAI,0.34,30.0,88.23529411764706
T444052,C8550661,CHENNAI,0.34,30.0,88.23529411764706
T495539,C6939467,NAVI MUMBAI,2.72,240.0,88.23529411764706
T76485,C7589072,PUNE,82.08,7240.0,88.2066276803119
T651405,C1624681,ERNAKULAM,7.7,679.0,88.18181818181817
T287930,C1411441,CHENNAI,60.22,5310.0,88.17668548654932
T931452,C8531016,BANGALORE,19.85,1750.0,88.16120906801007
T471752,C7529721,GURGAON,5.44,479.52,88.1470588235294
T894921,C6011651,AMBIKAPUR,7.08,624.0,88.13559322033898
T609703,C8932069,PUNE,2.02,178.0,88.11881188118812
T124592,C4815264,GURGAON,23.8,2097.0,88.10924369747899
T983565,C7211938,GURGAON,4.54,400.0,88.10572687224669
T154243,C5925166,BHARATPUR,2.77,244.0,88.08664259927798
T1028475,C1430976,PUNE,10.22,900.0,88.06262230919765
T137696,C6613555,GURGAON,46.56,4099.0,88.03694158075601
T910873,C7826842,HATHRAS,1.67,147.0,88.02395209580838
T85663,C5542962,CHANDIGARH,122.98,10824.48,88.01821434379573
T950146,C5723658,GURDASPUR,18.29,1609.53,88.0005467468562
T855259,C7634232,CEAT TYRE MUMBAI,8.07,710.0,87.98017348203221
T624265,C6519661,UDAIPUR,24.95,2195.0,87.97595190380761
T133381,C4012532,MUMBAI,4.32,380.0,87.96296296296296
T308568,C7130943,CHENNAI,5.68,499.23,87.89260563380283
T155069,C7318480,GURGAON,6.83,600.0,87.84773060029282
T156543,C8418417,GURGAON,6.83,600.0,87.84773060029282
T158229,C5218489,GURGAON,6.83,600.0,87.84773060029282
T73536,C5718413,GURGAON,6.83,600.0,87.84773060029282
T761048,C6718419,GURGAON,6.83,600.0,87.84773060029282
T984007,C8238716,DELHI,6.73,591.0,87.81575037147103
T272527,C4717634,BANGALORE,4.49,394.0,87.75055679287304
T784635,C5123286,AJMER,28.49,2500.0,87.75008775008776
T289180,C1232391,BANGALORE,31.91,2800.0,87.74678784080226
T201040,C3341256,MANDIR KOLKATA,0.57,50.0,87.71929824561404
T396992,C1813246,BHINMAL,4.56,400.0,87.71929824561404
T631356,C3124484,CHHINDWARA,2.28,200.0,87.71929824561404
T759065,C6542778,DELHI,152.88,13403.0,87.67006802721089
T338964,C5038744,NEW DELHI,171.11,15000.0,87.66290690199287
T48374,C7227180,JORHAT,15.72,1377.94,87.65521628498728
T47749,C7132143,CHANDIGARH,8.56,750.0,87.61682242990653
T801562,C7387179,GUWAHATI,8.78,769.0,87.58542141230069
T808266,C6787128,GUWAHATI,8.78,769.0,87.58542141230069
T808905,C2687139,GUWAHATI,8.78,769.0,87.58542141230069
T214079,C4038619,BANGALORE,8.31,727.7,87.56919374247894
T520536,C1969456,SIKANDRABAD,6.51,570.0,87.55760368663594
T838467,C7324451,CHHINDWARA,2.28,199.61,87.5482456140351
T1024144,C5229058,THANE,3.77,330.0,87.53315649867373
T179686,C8415325,VADODARA,7.63,667.8,87.5229357798165
T1010424,C5735557,OSHIWARA ANDHERI W MUMBAI,10.4,910.0,87.5
T557132,C2856271,NELLORE,4.0,350.0,87.5
T330328,C1315222,COIMBATORE,10.29,900.0,87.46355685131196
T938876,C4727018,AMBARNATH,38.49,3366.0,87.45128604832423
T237207,C6630168,JAIPUR,11.44,1000.0,87.41258741258741
T430381,C2815614,BANGALORE,70.06,6124.0,87.41079075078504
T795234,C8730188,NEAR JAIPUR GOLDEN HOSPITAL DELHI,16.59,1450.0,87.40204942736588
T354371,C7516341,PATIALA,76.46,6682.0,87.39210044467696
T913482,C7829071,MUMBAI,33.24,2903.22,87.34115523465702
T20379,C7240788,FARIDABAD,2.29,200.0,87.33624454148472
T1022757,C1715015,JAIPUR,9.0,786.0,87.33333333333333
T674792,C2823280,NEW DELHI,33.22,2899.0,87.26670680313065
T54656,C4084218,THANE,4.0,348.95,87.2375
T582234,C5221555,GHAZIABAD,8.77,765.0,87.22919042189282
T123990,C2733530,SOUTH BANGALORE,22.93,2000.0,87.22197993894461
T875187,C5412822,NEW DELHI,5.79,505.0,87.21934369602764
T306739,C8727180,RANGAREDDY (DIST),99.31,8661.5,87.2167958916524
T969151,C5538181,KOLLAM,14.94,1303.0,87.21552878179385
T828384,C7437559,MUMBAI,8.6,750.0,87.2093023255814
T565790,C7218719,MUMBAI,286.72,25000.0,87.19308035714285
T149835,C3510780,LUCKNOW,12.11,1055.9,87.1924029727498
T464667,C8632047,BANGALORE,23.48,2047.0,87.18057921635435
T916541,C5325923,MUMBAI,44.67,3891.4,87.1143944481755
T221760,C6030948,PUNE,10.22,890.0,87.08414872798434
T418855,C5814519,MUMBAI THANE,114.85,10000.0,87.070091423596
T505308,C4042625,GHATKOPAR WEST MUMBAI,15.81,1376.0,87.03352308665401
T415434,C4233519,SOUTH BANGALORE,22.93,1995.63,87.03139991277803
T110659,C6731540,DELHI,9.71,845.0,87.0236869207003
T923674,C4656240,NELLORE,4.0,348.0,87.0
T117539,C8219932,GURGAON,28.43,2473.0,86.98557861414
T128957,C1220544,GURGAON,1.15,100.0,86.95652173913044
T166652,C2120569,GURGAON,1.15,100.0,86.95652173913044
T256622,C2140832,YAMUNA NAGAR,0.23,20.0,86.95652173913044
T27922,C8720545,GURGAON,1.15,100.0,86.95652173913044
T280951,C1432557,BANGALORE,2.3,200.0,86.95652173913044
T298897,C3820586,GURGAON,1.15,100.0,86.95652173913044
T40743,C5411980,THANE,1.15,100.0,86.95652173913044
T651400,C3520567,GURGAON,1.15,100.0,86.95652173913044
T658725,C8424485,BANGALORE,1.15,100.0,86.95652173913044
T663358,C7231477,PUNE,8.74,760.0,86.95652173913044
T714560,C6520545,GURGAON,1.15,100.0,86.95652173913044
T718073,C2520575,GURGAON,1.15,100.0,86.95652173913044
T724929,C1020574,GURGAON,1.15,100.0,86.95652173913044
T756641,C5220545,GURGAON,1.15,100.0,86.95652173913044
T79788,C6220591,GURGAON,1.15,100.0,86.95652173913044
T266022,C3337258,GURGAON,1.61,140.0,86.95652173913042
T491892,C6621939,JALANDHAR,26.88,2337.0,86.94196428571429
T398687,C6529730,SECUNDERABAD,8.63,750.0,86.90614136732329
T464782,C2240473,NOIDA,2.06,179.0,86.89320388349515
T610637,C5897319,AURANGABAD,33.45,2906.0,86.87593423019432
T687728,C2022972,GUNTUR,9.5,825.0,86.84210526315789
T758295,C3859421,BANGALORE,263.04,22842.0,86.83850364963503
T276410,C3938817,ALLAHABAD,6.68,580.0,86.82634730538922
T270036,C3613276,MUMBAI,15.71,1364.0,86.82367918523234
T616536,C3218472,PANCHKULA,66.22,5746.0,86.77136816671701
T11903,C4613372,BANGALORE,62.53,5422.5,86.71837517991364
T9272,C3013336,BANGALORE,62.53,5422.5,86.71837517991364
T103312,C5610771,PUNE,0.45,39.0,86.66666666666667
T821949,C7018555,HAPUR,22.52,1950.0,86.58969804618117
T390886,C2532458,SONEPAT,2.31,200.0,86.58008658008657
T420184,C5532461,SONEPAT,2.31,200.0,86.58008658008657
T642448,C1714419,MUMBAI,21.19,1834.0,86.55025955639452
T322969,C4730374,ADIPUR,2.75,238.0,86.54545454545455
T184808,C1671054,SONIPAT,5.87,508.0,86.54173764906304
T36763,C1025580,MUMBAI,5.54,479.28,86.51263537906136
T315823,C5915847,AHMEDABAD,5.78,500.0,86.50519031141869
T384148,C3434384,SHIMLA,19.99,1728.0,86.44322161080541
T378205,C7628527,NAVI MUMBAI,34.36,2970.0,86.43771827706635
T185978,C8116076,JIND,8.1,700.0,86.41975308641976
T82618,C7281941,BANGALORE,8.22,710.0,86.37469586374695
T957275,C7624229,CHENNAI,2.42,209.0,86.36363636363636
T495465,C5320880,VIZIANAGARAM,17.45,1507.0,86.36103151862464
T206569,C4010232,CHENNAI,23.16,2000.0,86.35578583765113
T41306,C3530390,HYDERABAD,5.79,500.0,86.35578583765113
T516032,C6528391,PUNE,14.65,1265.0,86.3481228668942
T830335,C7115865,NEW DELHI,47.32,4085.0,86.32713440405747
T386887,C3428227,BHOPAL,46.22,3990.0,86.32626568585029
T837068,C1518589,SAS NAGAR,54.22,4680.0,86.31501291036518
T60464,C6441870,GURGAON,17.63,1521.0,86.27339761769711
T977833,C8215589,NOIDA,2.69,232.0,86.2453531598513
T908194,C1746575,NEW DELHI,51.2,4414.0,86.2109375
T135243,C3441134,CHENNAI,0.58,50.0,86.20689655172414
T298091,C7423219,GAUTAM BUDDHA NAGAR,0.29,25.0,86.20689655172414
T360169,C6234321,JODHPUR,0.58,50.0,86.20689655172414
T441021,C1341186,CHENNAI,0.58,50.0,86.20689655172414
T741758,C6321535,NAVI MUMBAI,5.8,500.0,86.20689655172414
T906108,C4912466,NORTH 24 PARGANAS,1.16,100.0,86.20689655172414
T908669,C7112470,NORTH 24 PARGANAS,1.16,100.0,86.20689655172414
T64911,C1520148,OLD JAIL ROAD WARD 14 VISAKHAPATNAM,20.94,1805.0,86.19866284622731
T451995,C4917459,NOIDA,1.81,156.0,86.1878453038674
T125037,C6819646,UDAIPUR,24.95,2150.0,86.17234468937876
T917774,C1223233,KOCHI,4.41,380.0,86.16780045351473
T432068,C4432275,KOCHI,12.78,1101.0,86.15023474178405
T577460,C8234738,GHAZIABAD,116.09,10000.0,86.14006374364716
T140187,C4312864,GANDHINAGAR,14.52,1250.0,86.08815426997245
T311450,C5914329,DEHRADUN,5.81,500.0,86.05851979345955
T790236,C6824118,BENGALURU,11.62,1000.0,86.05851979345955
T913508,C1221769,MUMBAI,20.92,1800.0,86.04206500956022
T661295,C8433650,HOWRAH,38.46,3309.0,86.0374414976599
T836328,C2131477,MEDAK,26.76,2301.57,86.00784753363229
T892126,C2613712,LUCKNOW,0.5,43.0,86.0
T891960,C6432492,DELHI,3.21,276.01,85.98442367601245
T460966,C8710853,VELLORE,1.71,147.0,85.96491228070175
T99388,C6538439,PALAMU,23.74,2040.0,85.93091828138164
T967273,C7415761,NEW DELHI,446.93,38405.0,85.93068265723939
T682957,C2542369,NEW DELHI,90.29,7757.0,85.91206113633847
T787076,C3031722,DELHI,20.08,1724.0,85.85657370517929
T666508,C6134562,UDAIPUR,20.63,1771.0,85.84585555016966
T618511,C4417047,GURGAON,3.03,260.0,85.80858085808582
T966015,C2036616,RANGA REDDY,9.76,837.4,85.79918032786885
T859208,C3386684,MUMBAI,3.38,290.0,85.79881656804734
T699717,C1832246,DEHRADUN,184.34,15813.62,85.78507106433764
T984072,C1941886,BALKUM THANE THANE,3.09,265.0,85.76051779935275
T664089,C3325584,KOLKATA,116.48,9989.0,85.75721153846153
T52531,C4725228,MUMBAI,23.33,2000.0,85.72653236176598
T31884,C4174535,BANGALORE,0.35,30.0,85.71428571428572
T989271,C6974540,BANGALORE,0.35,30.0,85.71428571428572
T270011,C6914564,VENKATA PURAM,10.5,900.0,85.71428571428571
T66780,C8211424,PALAMPUR,0.77,66.0,85.71428571428571
T774395,C8934170,PRAKASAM,3.5,300.0,85.71428571428571
T55634,C6718318,MUMBAI,6.77,580.0,85.67208271787297
T387714,C6597967,MUMBAI,13.15,1126.47,85.66311787072243
T634652,C5262426,UNA,47.28,4049.0,85.63874788494077
T427107,C3264052,DELHI,3.48,298.0,85.63218390804597
T50519,C8354516,RUPNAGAR,5.84,500.0,85.61643835616438
T47175,C3223741,CHURACHANDPUR,175.13,14990.0,85.59355907040485
T424545,C3729128,GHAZIABAD,75.92,6495.0,85.55057955742888
T876347,C4224118,BENGALURU,11.62,994.0,85.5421686746988
T1001959,C2122415,HYDERABAD,14.62,1250.0,85.49931600547195
T489812,C6942720,GARHSHANKAR,13.01,1112.0,85.47271329746349
T460239,C6344230,NAVI MUMBAI,3.51,300.0,85.47008547008548
T387428,C1326874,GREATER NOIDA,15.8,1350.0,85.44303797468353
T76661,C3754125,GOHANA,0.48,41.0,85.41666666666667
T1018940,C2442836,MUKTSAR,2.33,199.0,85.4077253218884
T743591,C4218741,NEW DELHI,3.28,280.0,85.3658536585366
T559166,C4120851,CHHINDWARA,14.04,1198.0,85.32763532763533
T708422,C2031484,BANGALORE,1.09,93.0,85.32110091743118
T145340,C1423420,DELHI,4.69,400.0,85.28784648187633
T632766,C7444377,DELHI,3.8,324.07,85.28157894736842
T138625,C4664321,TOHANA,0.44,37.5,85.22727272727273
T1015666,C1614663,NOIDA,3.04,259.0,85.19736842105263
T359761,C3314838,AGARTALA,3.51,299.0,85.18518518518519
T72204,C2023516,FARIDABAD,246.49,20996.3,85.1811432512475
T816895,C1832688,BHARATPUR,51.66,4400.0,85.17228029423151
T436065,C6824911,FATEHABAD,189.15,16099.0,85.11234469997356
T600072,C2936464,COIMBATORE,0.94,80.0,85.1063829787234
T1040096,C2326736,NAVI MUMBAI,0.39,33.19,85.10256410256409
T1018135,C3419451,DELHI,5.86,498.5,85.06825938566553
T345413,C4239837,KOLHAPUR,178.4,15172.5,85.04764573991031
T404690,C4114883,NEW DELHI,1.47,125.0,85.03401360544218
T545549,C5124038,HYDERABAD,8.21,698.0,85.01827040194884
T546936,C1416776,NOWGAWAN SADAT,34.68,2948.0,85.00576701268743
T263584,C6535862,CHENNAI,14.45,1228.0,84.98269896193771
T423260,C4129189,EXCHANGE SONIPAT,128.71,10935.0,84.95843368813611
T915835,C5629170,EXCHANGE SONIPAT,128.71,10935.0,84.95843368813611
T777627,C2835492,INDORE,8.23,699.0,84.93317132442284
T220009,C5835837,CHENNAI,14.45,1227.0,84.91349480968859
T691048,C6071557,MAHABUBABAD,0.98,83.14,84.83673469387756
T693583,C5371563,MAHABUBABAD,0.98,83.14,84.83673469387756
T870002,C2325818,GUNTUR,153.27,13000.01,84.81770731389051
T476368,C8030382,GURGAON,22.86,1938.6,84.80314960629921
T358743,C7185427,CHENNAI,43.02,3648.0,84.79776847977683
T962821,C6018633,NOIDA,12.22,1036.0,84.77905073649754
T1023525,C7123937,GURGAON,50.71,4299.0,84.77617826858608
T897059,C1348450,DELHI,4.86,412.0,84.77366255144032
T270325,C5620220,NOIDA,67.48,5720.0,84.76585655008891
T119070,C7113863,KARAULI,2.36,200.0,84.74576271186442
T126218,C1430760,VARANASI,1.18,100.0,84.74576271186442
T388546,C7930720,VARANASI,1.18,100.0,84.74576271186442
T389131,C1130740,VARANASI,1.18,100.0,84.74576271186442
T389409,C4030772,VARANASI,1.18,100.0,84.74576271186442
T391637,C7230744,VARANASI,1.18,100.0,84.74576271186442
T563858,C1437358,MUMBAI,0.59,50.0,84.74576271186442
T577370,C8230764,VARANASI,1.18,100.0,84.74576271186442
T582992,C4537368,MUMBAI,0.59,50.0,84.74576271186442
T599638,C8230792,VARANASI,1.18,100.0,84.74576271186442
T764509,C6030781,VARANASI,1.18,100.0,84.74576271186442
T357544,C7957630,NOIDA,31.86,2700.0,84.7457627118644
T541004,C7487430,BHINMAL,1.77,150.0,84.7457627118644
T230810,C6911655,JAIPUR,14.15,1199.0,84.73498233215547
T1009805,C7134754,NEW DELHI,75.64,6408.0,84.71708090957165
T213244,C2786439,JAIPUR,2.48,210.0,84.6774193548387
T22845,C2239461,PUNE,24.45,2070.0,84.66257668711657
T808158,C7838637,DHARWARD,4.88,413.0,84.6311475409836
T971032,C4234455,AHMEDABAD,37.27,3152.91,84.59645827743492
T112481,C1927955,NASHIK,6.49,549.0,84.59167950693374
T24772,C3624255,LUDHIANA,0.71,60.0,84.50704225352113
T473330,C7021444,DELHI,3.55,300.0,84.50704225352113
T380665,C1937153,OPP LAKE CITY MALL THANE WEST THANE,42.46,3588.0,84.50306170513424
T116360,C6312022,BANGALORE,71.02,6000.0,84.48324415657562
T726798,C3317642,BANGALORE,5.09,430.0,84.47937131630648
T407945,C8912671,BANGALORE,1.48,125.0,84.45945945945947
T60108,C1412691,BANGALORE,1.48,125.0,84.45945945945947
T839230,C7535336,AMRAVATI,6.69,565.0,84.45440956651719
T287434,C1622468,MUMBAI,62.36,5265.0,84.4291212315587
T722809,C7112465,JALANDHAR,6.5,548.73,84.42
T918262,C6946265,KURUKSHETRA,2.63,222.0,84.4106463878327
T920535,C1346229,KURUKSHETRA,2.63,222.0,84.4106463878327
T793744,C1160692,CHENNAI,16.12,1360.0,84.36724565756823
T96619,C5018186,MUMBAI,85.4,7200.0,84.30913348946136
T127766,C2715121,PUNE,25.1,2115.0,84.2629482071713
T230003,C6737083,KOLAR - DISTRICT,41.54,3500.0,84.25613866153105
T484305,C7869473,BHIWANDI,296.73,25000.0,84.2516766083645
T519036,C2969438,BHIWANDI,296.73,25000.0,84.2516766083645
T370813,C1031944,THANJAVUR DT,3.23,272.0,84.21052631578948
T952995,C1949822,NAVI MUMBAI,6.65,560.0,84.21052631578947
T254103,C7924639,GORAKHPUR,20.2,1701.0,84.20792079207921
T651803,C6675128,NEW DELHI,154.53,13010.0,84.19077201837831
T828582,C7012569,TEZPUR,2.4,202.0,84.16666666666667
T177026,C7284018,HOSPITAL PUNE,4.28,360.0,84.11214953271028
T101133,C7022256,KANPUR,35.94,3022.0,84.08458542014469
T744981,C3618547,SAS NAGAR,54.22,4559.0,84.08336407229805
T952464,C3614038,NAVI MUMBAI,7.79,655.0,84.08215661103979
T194371,C2834160,PATIALA,29.75,2500.0,84.03361344537815
T474128,C6127027,RUPNAGAR,3.57,300.0,84.03361344537815
T521305,C1248847,LUCKNOW,5.95,500.0,84.03361344537815
T869348,C4327940,NOIDA,297.56,25000.0,84.01666890711117
T987707,C5524636,DELHI,5.0,420.0,84.0
T753598,C7432258,BANGALORE,33.46,2810.0,83.98087268380155
T1016442,C6314970,NOIDA,23.43,1966.5,83.93085787451984
T61992,C6776026,BANGALORE,7.27,610.0,83.90646492434664
T298449,C1813261,MUMBAI,15.71,1318.0,83.89560789306174
T664508,C8622137,RAJAMUNDRY,8.97,752.11,83.84726867335563
T19060,C6576941,DARJEELING,16.15,1354.0,83.8390092879257
T497030,C6225756,WAYANAD,0.99,83.0,83.83838383838383
T207103,C2486549,NAGPUR,6.02,504.31,83.77242524916944
T215960,C6086582,NAGPUR,6.02,504.31,83.77242524916944
T241051,C1386536,NAGPUR,6.02,504.31,83.77242524916944
T266298,C3115129,KAMRUP,12.44,1041.53,83.72427652733118
T795961,C5821740,GURGAON,2.15,180.0,83.72093023255815
T70444,C1131236,IMPERIAL LANE LUDHIANA,44.2,3700.0,83.710407239819
T836844,C8541988,BULDHANA,6.87,575.0,83.69723435225619
T540752,C5025155,PUNE,3.43,287.0,83.6734693877551
T1005270,C3017031,COLLEGE BANGALORE,59.76,5000.0,83.66800535475234
T494555,C8725474,DELHI,11.95,999.0,83.59832635983264
T707338,C5923529,NOIDA,1.4,117.0,83.57142857142858
T754877,C5019926,ALWAR,4.91,410.0,83.5030549898167
T523927,C8924318,PUNE,7.02,586.0,83.47578347578349
T475719,C2725492,BIKANER,17.73,1480.0,83.47433728144388
T1031261,C2810652,AGRA,29.65,2475.0,83.47386172006746
T804798,C8615946,GHAZIABAD,5.99,500.0,83.47245409015025
T108972,C7329922,FARIDABAD,41.95,3500.0,83.4326579261025
T31466,C7513215,THANE,24.37,2033.0,83.42224045958145
T287979,C1429058,BANGALORE,41.91,3495.0,83.39298496778812
T226555,C3665628,NAVI MUMBAI,82.76,6900.0,83.373610439826
T19801,C7265790,GURGAON,0.6,50.0,83.33333333333334
T23354,C1365720,GURGAON,0.6,50.0,83.33333333333334
T245559,C2233333,PUNE,2.4,200.0,83.33333333333334
T247987,C3333351,PUNE,2.4,200.0,83.33333333333334
T300349,C8365790,GURGAON,0.6,50.0,83.33333333333334
T419657,C6565774,GURGAON,0.6,50.0,83.33333333333334
T461099,C5663276,NAGPUR,0.24,20.0,83.33333333333334
T462609,C3963237,NAGPUR,0.24,20.0,83.33333333333334
T524832,C4863258,NAGPUR,0.24,20.0,83.33333333333334
T534942,C6028562,SIVAGANGAI,0.12,10.0,83.33333333333334
T544849,C7828512,SIVAGANGAI,0.12,10.0,83.33333333333334
T567315,C5510969,BANGALORE,0.24,20.0,83.33333333333334
T591986,C7628517,SIVAGANGAI,0.12,10.0,83.33333333333334
T699653,C5242645,DELHI,1.2,100.0,83.33333333333334
T72723,C2412530,TEZPUR,2.4,200.0,83.33333333333334
T883194,C4465734,GURGAON,0.6,50.0,83.33333333333334
T895544,C5565746,GURGAON,0.6,50.0,83.33333333333334
T75973,C5618071,BANGALORE,3.12,260.0,83.33333333333333
T838564,C2083383,COIMBATORE,1.8,150.0,83.33333333333333
T594988,C4630942,PALAKKAD,9.17,764.0,83.31515812431843
T953219,C1121680,BALASORE,15.61,1300.0,83.27994875080077
T262562,C2716126,MUMBAI,11.12,926.0,83.27338129496404
T12001,C2830039,GHAZIABAD,24.03,2000.2,83.23761964211403
T516556,C3010613,NEW DELHI,28.0,2329.0,83.17857142857143
T950776,C4110269,MUMBAI,4.93,410.0,83.16430020283975
T460244,C2815462,BANGALORE,12.53,1042.0,83.16041500399042
T675664,C7220780,BENGALURU,4.81,400.0,83.16008316008316
T323312,C7539426,OFFICE HYDERABAD,42.09,3500.0,83.1551437396056
T134775,C5030177,DELHI,21.65,1800.0,83.14087759815243
T539221,C6838418,BIDAR DIST KARNATAKA,3.61,300.0,83.10249307479225
T66862,C5631840,KOLHAPUR,16.85,1400.0,83.0860534124629
T223878,C6016920,DELHI,0.53,44.0,83.0188679245283
T878038,C3536546,DELHI,7.99,663.0,82.97872340425532
T493936,C4040023,RANCHI,87.52,7262.0,82.97531992687387
T89688,C6510041,NOIDA,12.16,1008.5,82.93585526315789
T356982,C1332669,BANGALORE,0.41,34.0,82.92682926829269
T906990,C3734235,BENAULIM,14.35,1190.0,82.92682926829268
T859667,C7130674,MUMBAI,12.06,1000.0,82.91873963515754
T955435,C8030630,MUMBAI,12.06,1000.0,82.91873963515754
T673613,C7421964,SIVAGANGAI TK,13.58,1126.0,82.9160530191458
T193285,C6611819,AHMEDABAD,492.12,40800.0,82.90660814435503
T426844,C7832256,KOCHI,12.78,1059.54,82.90610328638498
T979575,C7176476,KURNOOL,4.1,339.89,82.9
T614572,C1933663,BADLAPUR,23.51,1948.92,82.89749042960442
T161808,C7115652,VARANASI,9.29,770.0,82.88482238966631
T1012941,C4211886,MADURAI,41.07,3404.0,82.88288288288288
T490113,C3320366,AMRITSAR,14.19,1176.0,82.87526427061312
T643653,C7124177,KOLKATA,19.21,1592.0,82.87350338365434
T341894,C4733556,SOUTH BANGALORE,22.93,1900.0,82.86088094199738
T118040,C3526126,DELHI,41.74,3458.0,82.84619070436032
T155103,C5579760,BHOPAL,95.83,7936.0,82.81331524574767
T881979,C6740415,KANCHIPURAM,0.64,53.0,82.8125
T540514,C2976082,FARIDABAD,6.28,520.0,82.80254777070063
T1026547,C7223076,DELHI,2.5,207.0,82.8
T970468,C4932518,EAST GODAVARI,7.79,645.0,82.798459563543
T480965,C3031114,AJMER,20.28,1679.09,82.79536489151873
T479886,C8410377,JAGADHARI,3.02,250.0,82.78145695364239
T735932,C2568034,KOLKATA,6.33,524.0,82.78041074249604
T294054,C4251481,THANE,104.77,8672.0,82.77178581655055
T703391,C6521466,HYDERABAD,20.72,1714.62,82.7519305019305
T932515,C1242351,KOLKATA,75.31,6230.0,82.72473775063072
T854237,C2725444,KHANNA,12.09,1000.0,82.71298593879239
T47152,C4826775,PANCHKULA,49.97,4133.0,82.70962577546528
T590505,C1411179,NOIDA,70.61,5838.4,82.68517207194448
T963228,C4429747,THIRUVANANTHAPURAM,46.0,3803.0,82.67391304347827
T957309,C2624267,CHENNAI,2.42,200.0,82.64462809917356
T6136,C2032529,SURYAPET,121.03,10000.0,82.62414277451872
T788993,C2231723,DELHI,20.08,1659.0,82.6195219123506
T789903,C2131774,DELHI,20.08,1659.0,82.6195219123506
T791442,C5431715,DELHI,20.08,1659.0,82.6195219123506
T130849,C6771236,KALYANI,8.86,732.0,82.61851015801355
T174354,C1610188,THANE,13.69,1131.0,82.61504747991235
T701563,C2725915,MUMBAI,29.65,2449.4,82.61045531197303
T954324,C7344536,HYDERABAD,3.38,279.16,82.59171597633137
T854716,C7117948,SOUTH 24 PARGANAS,20.58,1699.0,82.55587949465502
T253021,C3211280,NEW DELHI,177.54,14650.0,82.51661597386504
T1000961,C3026230,VILLUPURAM,2.23,184.0,82.51121076233184
T154082,C7717043,GURGAON,3.03,250.0,82.50825082508251
T183426,C1217071,GURGAON,3.03,250.0,82.50825082508251
T218679,C7217066,GURGAON,3.03,250.0,82.50825082508251
T293718,C7017070,GURGAON,3.03,250.0,82.50825082508251
T39244,C6434471,NEW DELHI,12.12,1000.0,82.50825082508251
T751989,C4334466,NEW DELHI,12.12,1000.0,82.50825082508251
T788953,C5634444,NEW DELHI,12.12,1000.0,82.50825082508251
T285864,C1239075,NEW DELHI,8.97,740.0,82.49721293199553
T220229,C8826843,CACHAR,12.11,999.0,82.49380677126342
T717931,C6913016,PUNE,70.93,5850.0,82.47568024813195
T919441,C5510962,RAIGARH,22.84,1883.43,82.46190893169877
T728106,C8128025,ALLAHABAD,0.57,47.0,82.4561403508772
T313081,C6130584,SRIPERUMBUDUR,30.32,2500.0,82.45382585751979
T195732,C8011459,MUMBAI,20.06,1654.0,82.45264207377866
T299677,C9057288,BANGALORE,6.43,530.0,82.42612752721618
T1005763,C6840055,CHENNAI,5.46,450.0,82.41758241758242
T488334,C8540886,BANGALORE,3.64,300.0,82.41758241758241
T245736,C3993187,KENDRAPARA,2.9,239.0,82.41379310344828
T792324,C4434275,PUNE,41.68,3434.75,82.40762955854127
T400973,C3450671,CHENNAI,0.34,28.0,82.35294117647058
T506100,C3750616,CHENNAI,0.34,28.0,82.35294117647058
T307041,C7428140,UKHRUL,9.72,800.0,82.30452674897118
T694919,C3117648,NASHIK,9.72,800.0,82.30452674897118
T436995,C8459373,FARIDABAD,5.08,418.0,82.28346456692913
T167988,C3817243,NEW DELHI,3.66,301.0,82.24043715846994
T730759,C3317740,MUMBAI,7.77,639.0,82.23938223938224
T694389,C7722943,GUNTUR,9.5,781.0,82.21052631578948
T512753,C3534954,NORTH 24 PARGANAS,1.46,120.0,82.19178082191782
T680191,C5529073,BHOPAL,49.54,4071.28,82.18167137666532
T351970,C6023941,BANGALORE,106.97,8789.92,82.17182387585305
T646702,C7420817,DELHI,12.17,1000.0,82.16926869350863
T728039,C8397461,GURGAON,4.09,336.0,82.15158924205379
T252726,C1312345,JOSHI MARG LOWER PAREL W MUMBAI,48.71,4001.0,82.13919113118456
T320200,C1920677,KANNUR,7.55,620.0,82.11920529801324
T444369,C2541914,DELHI,3.51,288.0,82.05128205128206
T378264,C5331946,THANJAVUR DT,3.23,265.0,82.04334365325077
T181551,C8626620,PANIPAT,21.95,1800.0,82.00455580865604
T178028,C3926418,PUNE,3.11,255.0,81.9935691318328
T331587,C5931640,PUNE,2.59,212.34,81.984555984556
T566479,C8515087,PANIPAT,73.19,6000.0,81.97841235141414
T227906,C4736654,RANGA REDDY,9.76,800.0,81.9672131147541
T464355,C7518377,NOIDA,0.61,50.0,81.9672131147541
T552324,C8224788,GHAZIABAD,0.61,50.0,81.9672131147541
T633456,C2318343,NOIDA,0.61,50.0,81.9672131147541
T758254,C3518050,ALIGARH,1.22,100.0,81.9672131147541
T933410,C7718060,ALIGARH,1.22,100.0,81.9672131147541
T256780,C2236777,BANGALORE,1.83,150.0,81.96721311475409
T914436,C3936158,BANGALORE,26.07,2136.0,81.93325661680092
T139205,C1530792,LUDHIANA,137.97,11300.0,81.90186272378054
T113019,C3322870,NAVI MUMBAI,992.08,81250.0,81.89863720667688
T286335,C3524024,VALSAD,29.03,2377.0,81.88081295211849
T959038,C5168728,THANJAVUR,74.51,6100.0,81.86820560998522
T629889,C4422022,TARAPUR,18.08,1479.82,81.84845132743364
T68418,C7288912,GURGAON,3.91,320.0,81.84143222506394
T233690,C7762067,BANGALORE,21.57,1765.0,81.8266110338433
T601319,C6824618,HYDERABAD,0.33,27.0,81.81818181818181
T778084,C3319261,MUMBAI,0.44,36.0,81.81818181818181
T465147,C2434259,CEAT TYRE MUMBAI,8.07,660.0,81.78438661710037
T497774,C1844276,NAVI MUMBAI,3.51,287.0,81.76638176638177
T156811,C6624947,GONDA,24.47,2000.0,81.73273395995096
T814758,C8818080,BANGALORE,3.12,255.0,81.73076923076923
T919570,C3629911,BANGALORE,308.91,25246.0,81.72606908160952
T853804,C1523982,DELHI,73.17,5978.98,81.71354380210468
T464274,C8522453,DELHI,6.12,500.0,81.69934640522875
T723393,C8637513,MUMBAI,12.24,1000.0,81.69934640522875
T822493,C3037530,MUMBAI,12.24,1000.0,81.69934640522875
T804047,C2942854,THANE,48.97,4000.0,81.68266285480907
T327917,C2158954,DELHI,2.45,200.0,81.63265306122449
T419920,C1533675,SOLAN,4.9,400.0,81.63265306122449
T161052,C5638159,CUTTACK,110.27,9000.0,81.61784710256643
T433718,C6815444,THANE,20.36,1661.0,81.58153241650295
T165841,C5837448,DELHI,12.26,1000.0,81.56606851549755
T842592,C1616251,MUMBAI,58.52,4773.0,81.56185919343814
T304249,C4312917,FARIDABAD,24.41,1990.0,81.52396558787382
T267242,C4411152,KAITHAL,199.42,16254.81,81.51043024771839
T328370,C5726926,THANE,21.3,1735.0,81.45539906103286
T698598,C7530480,MUMBAI,5.28,430.0,81.43939393939394
T1022932,C3378062,RAJAMUNDRY,6.14,500.0,81.43322475570034
T4784,C4780981,MUMBAI,6.46,526.0,81.42414860681114
T1024497,C6722646,NEW DELHI,10.06,819.0,81.41153081510934
T835780,C8314787,KANPUR,1.56,127.0,81.41025641025641
T650878,C2348689,NAYA NANGAL,18.74,1525.0,81.37673425827109
T551092,C2730730,VARANASI,1.18,96.0,81.35593220338984
T340518,C4087474,BHINMAL,1.77,144.0,81.35593220338983
T921835,C4336519,DELHI,7.99,650.0,81.35168961201502
T817529,C4124462,BANGALORE,99.53,8095.12,81.33346729629257
T205675,C2546517,NEW DELHI,51.2,4164.0,81.328125
T386322,C7710170,KOLKATA,6.64,540.0,81.32530120481928
T222831,C5536343,MUMBAI,1.23,100.0,81.30081300813008
T252837,C8680575,NEW DELHI,3.69,300.0,81.30081300813008
T132523,C8342871,EAST MUMBAI,5.66,460.0,81.2720848056537
T604211,C2018929,BHAVNAGAR,4.05,329.0,81.23456790123457
T663909,C6751063,ROURKELA,33.99,2761.0,81.22977346278317
T873027,C2559916,DELHI,1.97,160.0,81.21827411167513
T697162,C4440943,JAMSHEDPUR,20.92,1699.0,81.21414913957935
T426410,C4032228,KOCHI,12.78,1037.48,81.17996870109546
T1000570,C2441034,NAVI MUMBAI,67.19,5454.0,81.1727935704718
T73996,C4033972,GANDHINAGAR,6.95,564.0,81.15107913669064
T9438,C9035349,NEW DELHI,24.65,2000.0,81.13590263691684
T836999,C3515844,VADODARA,37.52,3043.97,81.12926439232409
T120915,C1921415,VISAKHAPATNAM,85.53,6936.0,81.09435285864609
T782454,C6942356,SILIGURI,1.85,150.0,81.08108108108108
T933352,C6329416,KATTUNGA,11.09,899.0,81.06402164111813
T633644,C7614954,BAREILLY,123.43,10000.0,81.01758081503687
T900473,C7175621,SILIGURI,86.42,7000.0,80.99976857208979
T664050,C5111820,STORE BANGALORE,8.63,699.0,80.9965237543453
T154943,C2216950,FURSUNGI PHURSUNGI PUNE HAVELI,2.47,200.0,80.97165991902834
T205268,C6116976,FURSUNGI PHURSUNGI PUNE HAVELI,2.47,200.0,80.97165991902834
T634193,C3811748,BANGALORE,4.94,400.0,80.97165991902834
T960492,C5819946,KOLKATA,86.46,7000.0,80.96229470275273
T185047,C6935781,BANGALORE,45.52,3685.0,80.95342706502636
T1019349,C5324854,BANGALORE,0.21,17.0,80.95238095238095
T433938,C8733511,GURGAON,21.03,1702.11,80.93723252496433
T1041673,C6014436,KOLKATA,14.97,1211.0,80.89512358049431
T935874,C5725385,MUMBAI,2.72,220.0,80.88235294117646
T1008463,C2737184,OPP LAKE CITY MALL THANE WEST THANE,42.46,3434.25,80.88200659444182
T985910,C3140773,NEW DELHI,3.19,258.0,80.87774294670847
T731767,C3228348,ROURKELA,22.27,1800.0,80.82622361921868
T730120,C8966773,NEW DELHI,98.98,8000.0,80.8244089715094
T488881,C7539750,NAKODAR,96.88,7830.0,80.82163501238647
T490199,C5639762,NAKODAR,96.88,7830.0,80.82163501238647
T556581,C5439718,NAKODAR,96.88,7830.0,80.82163501238647
T1014114,C3580833,CHENNAI,8.6,695.0,80.81395348837209
T150965,C2530785,KOLKATA,37.9,3062.0,80.7915567282322
T403789,C3322443,PATHANKOT,16.08,1299.0,80.78358208955224
T845311,C8634431,ZIRAKPUR,0.78,63.0,80.76923076923076
T849138,C1211492,MUMBAI,20.06,1620.0,80.75772681954138
T338519,C7918854,BANGALORE,31.18,2518.0,80.75689544579859
T298623,C3936089,THANE,2.74,221.25,80.74817518248175
T697555,C6920292,JABALPUR,6.2,500.0,80.64516129032258
T7824,C2968213,NASHIK,2.48,200.0,80.64516129032258
T934232,C1431152,BULANDSHAHR,6.2,500.0,80.64516129032258
T677421,C2629660,MUMBAI,16.63,1341.0,80.63740228502706
T200040,C1420549,COIMBATORE,28.89,2329.0,80.61613014884043
T106988,C3913720,NOIDA,3.61,291.0,80.60941828254848
T498725,C8213744,NOIDA,3.61,291.0,80.60941828254848
T797956,C5940964,HOSUR,18.66,1504.0,80.60021436227224
T372347,C3757726,HYDERABAD,45.39,3658.0,80.59043842256004
T365642,C7087111,BANGALORE,100.92,8133.0,80.58858501783591
T30905,C6832461,BANGALORE,5.97,480.98,80.56616415410386
T297633,C6326436,MORADABAD,0.36,29.0,80.55555555555556
T933034,C2348313,GURGAON,18.87,1520.0,80.55113937466878
T89247,C6672633,VISAKHAPATNAM,62.1,5000.0,80.51529790660226
T778057,C3134646,YAMUNANAGAR,7.08,570.0,80.50847457627118
T773127,C3028334,AHMEDABAD,67.87,5463.8,80.50390452335347
T286722,C5910652,BANGALORE,4.35,350.0,80.45977011494253
T710392,C6423078,DELHI,2.5,201.0,80.4
T495444,C7618886,MALLESHWARA BANGALORE,41.35,3324.0,80.3869407496977
T877780,C2612321,BANGALORE,6.22,500.0,80.38585209003216
T935415,C5634456,GURGAON,6.22,500.0,80.38585209003216
T863087,C7541937,NEW DELHI,39.27,3156.0,80.36669213139801
T339168,C5926918,KOLKATA,4.47,359.09,80.33333333333333
T307488,C1412067,MUMBAI,4.98,400.0,80.32128514056224
T220285,C1914165,ROURKELA,9.14,734.0,80.30634573304157
T916626,C5637583,GHAZIABAD,0.66,53.0,80.3030303030303
T591843,C1530116,DELHI,24.78,1989.29,80.27804681194512
T605627,C1858813,GOLAGHAT,9.06,727.0,80.24282560706402
T245406,C2712749,NOIDA,7.44,597.0,80.24193548387096
T427936,C1020860,VIZIANAGARAM,17.45,1400.0,80.22922636103152
T408550,C1936821,MANDYA,16.83,1350.0,80.21390374331551
T482080,C1720621,YAMUNANAGAR,8.67,695.33,80.19953863898502
T123293,C5616139,THANE,12.93,1036.9,80.19334880123743
T314018,C5768319,MUMBAI,56.99,4570.0,80.18950693104053
T425512,C8134071,NEW DELHI,2.06,165.15,80.16990291262135
T543730,C5535217,THIRUVANNAMALAI,32.32,2591.0,80.16707920792079
T829267,C7329712,GURGAON,5.44,436.0,80.1470588235294
T473395,C6315265,LUCKNOW,83.6,6700.0,80.14354066985646
T50372,C5411524,DELHI,12.86,1030.0,80.09331259720062
T819536,C3319170,NAVI MUMBAI,69.91,5599.0,80.08868545272493
T79140,C5369276,BANGALORE,68.68,5500.0,80.08153756552124
T1006009,C8515578,AGARTALA,56.06,4489.0,80.07491972886193
T86294,C1438871,NOIDA,17.49,1400.0,80.04574042309892
T814440,C4036721,BANGALORE,5.61,449.0,80.03565062388591
T56346,C7828046,KOCHI,28.74,2300.0,80.02783576896312
T166530,C4241666,MUMBAI,1.25,100.0,80.0
T245236,C4840286,MUMBAI,2.55,204.0,80.0
T257330,C4958266,ROHTAK,2.0,160.0,80.0
T922839,C1426290,SHILLLONG,69.98,5598.0,79.99428408116604
T977280,C1889262,KOLKATA,51.48,4118.0,79.99222999223
T91456,C7010365,DHANBAD,58.67,4692.0,79.972728822226
T306978,C8334944,NORTH 24 PARGANAS,1.46,116.73,79.95205479452055
T890563,C8519462,KOLKATA,2.44,195.0,79.91803278688525
T611971,C3911572,THANE,41.11,3285.0,79.9075650693262
T255040,C5240970,BANGALORE,35.92,2870.0,79.89977728285078
T415894,C5831115,NEW DELHI,1.99,159.0,79.89949748743719
T452195,C5331170,NEW DELHI,1.99,159.0,79.89949748743719
T455228,C3131121,NEW DELHI,1.99,159.0,79.89949748743719
T1001881,C1178619,DELHI,1.84,147.0,79.89130434782608
T1047181,C2278663,DELHI,1.84,147.0,79.89130434782608
T184823,C7678621,DELHI,1.84,147.0,79.89130434782608
T513271,C4078685,DELHI,1.84,147.0,79.89130434782608
T675083,C8678648,DELHI,1.84,147.0,79.89130434782608
T736897,C3478669,DELHI,1.84,147.0,79.89130434782608
T96723,C1478670,DELHI,1.84,147.0,79.89130434782608
T332255,C5074570,BANGALORE,8.7,695.01,79.88620689655173
T353071,C8118836,THANE EAST,5.61,448.0,79.85739750445633
T375416,C9028484,KARIMNAGAR,6.78,541.41,79.85398230088495
T908018,C6123545,TEZPUR,2.48,198.0,79.83870967741936
T558256,C8924820,DOMBIVALI EAST THANE,0.94,75.0,79.7872340425532
T344190,C4372534,BANGALORE,47.63,3800.0,79.7816502204493
T437747,C3168043,PURNIA,4.74,378.0,79.74683544303797
T780420,C5124011,SAUDAGAR PUNE,164.35,13103.16,79.7271676300578
T307269,C7060081,GURGAON,75.26,6000.0,79.72362476747276
T659905,C6383549,DELHI,23.7,1889.23,79.71434599156119
T166398,C8431083,NEW DELHI,6.9,550.0,79.71014492753623
T452517,C2737147,NASHIK,0.69,55.0,79.71014492753623
T752717,C5020986,NEW DELHI,124.91,9955.0,79.69738211512289
T1006623,C7429631,SAHIBABAD,12.7,1012.0,79.68503937007874
T297592,C6519337,NOIDA,2.51,200.0,79.6812749003984
T188538,C5514617,KOTTAYAM,13.43,1070.0,79.67237527922562
T290138,C6742270,NEW DELHI,53.23,4240.0,79.65433026488823
T312911,C8594574,MEERUT,6.28,500.0,79.61783439490445
T808933,C7936985,HYDERABAD,6.28,500.0,79.61783439490445
T910319,C7776075,FARIDABAD,6.28,500.0,79.61783439490445
T895422,C7615167,SALEM,6.86,546.0,79.59183673469387
T666631,C2797772,GURGAON,54.24,4317.0,79.59070796460176
T371101,C4942030,GURGAON,15.08,1200.0,79.57559681697613
T105323,C5210867,PATNA,4.24,337.36,79.56603773584905
T589031,C7328177,NEW DELHI,6.41,510.0,79.5631825273011
T471050,C4799828,NEW DELHI,3.47,276.0,79.53890489913545
T598545,C2741863,MUMBAI,14.71,1170.0,79.53772943575798
T179026,C7541229,MARKET SANJAY GRAM RD GURGAON,129.58,10306.0,79.53387868498224
T78433,C3831675,ROAD PUNE,7.17,570.0,79.4979079497908
T811605,C6725217,PARK MAHAPE NAVI MUMBAI,13.19,1048.0,79.45413191811978
T93785,C3413325,CHHINDWARA,0.73,58.0,79.45205479452055
T297766,C7641419,CHENNAI,2.77,220.0,79.42238267148015
T231772,C8538350,KOLKATA,16.03,1273.0,79.41359950093575
T355043,C6375588,PANIPAT,37.78,3000.0,79.40709370037057
T1042142,C4526632,AURANGABAD,1.26,100.0,79.36507936507937
T112323,C4335148,TEHRI GARHWAL,2.52,200.0,79.36507936507937
T699948,C2135086,LUDHIANA,2.52,200.0,79.36507936507937
T52070,C8736026,MUMBAI,56.69,4499.0,79.36143940730288
T436001,C7145422,BANGALORE,23.54,1868.0,79.35429056924384
T603451,C7126638,DAKSHINA KANNADA,6.0,476.0,79.33333333333333
T481387,C1721036,THANE,108.72,8622.6,79.31015452538632
T481963,C8821021,THANE,108.72,8622.6,79.31015452538632
T483443,C7621081,THANE,108.72,8622.6,79.31015452538632
T887582,C6226816,CACHAR,12.11,960.0,79.27332782824112
T981208,C1925947,HYDERABAD,7.56,599.0,79.23280423280424
T295805,C1838840,KHERI,2.02,160.0,79.20792079207921
T347028,C5137589,MUMBAI,9.57,758.0,79.20585161964472
T351166,C8841673,MUMBAI,1.25,99.0,79.2
T178214,C5515675,UTTAR DINAJPUR,28.2,2233.0,79.18439716312056
T512731,C7158929,DELHI,2.45,194.0,79.18367346938776
T170304,C6413164,WEST MIDNAPORE,5.81,460.0,79.17383820998279
T679813,C7334891,DEHRADUN,6.29,498.0,79.17329093799682
T1029673,C1932016,PUNE,2.02,159.92,79.16831683168316
T566564,C1820673,NOIDA,0.48,38.0,79.16666666666667
T744607,C2038844,HYDERABAD,113.77,9000.0,79.10697020304123
T962119,C6073277,HYDERABAD,5.55,439.0,79.0990990990991
T3917,C3924145,KOLKATA,19.21,1519.0,79.0733992712129
T109870,C1086625,NEW DELHI,2.53,200.0,79.0513833992095
T151675,C3586631,NEW DELHI,2.53,200.0,79.0513833992095
T575034,C7986669,NEW DELHI,2.53,200.0,79.0513833992095
T599669,C6886650,NEW DELHI,2.53,200.0,79.0513833992095
T701595,C4986682,NEW DELHI,2.53,200.0,79.0513833992095
T879147,C6386631,NEW DELHI,2.53,200.0,79.0513833992095
T89945,C2486631,NEW DELHI,2.53,200.0,79.0513833992095
T500452,C3335581,EAST GODAVARI,6.96,550.0,79.02298850574712
T552653,C3033968,NEW DELHI,4.62,365.0,79.00432900432901
T1001002,C5122521,NEW DELHI,30.0,2370.0,79.0
T839572,C3332055,CHENNAI,12.66,1000.0,78.98894154818325
T172310,C1422451,PATHANKOT,16.08,1270.0,78.98009950248758
T703390,C7332320,MUMBAI,25.33,2000.0,78.95775759968417
T60557,C7211686,AMBIKAPUR,7.08,559.0,78.954802259887
T434013,C5425939,MUMBAI,29.65,2341.0,78.95446880269814
T791606,C8056657,VILUPPURAM,25.34,2000.0,78.92659826361484
T639650,C7416060,BANGALORE,6.59,520.0,78.90743550834598
T82040,C7223483,GURGAON,19.65,1550.0,78.88040712468194
T239545,C2352758,MOHALI,24.73,1950.0,78.85159725030327
T152643,C7810642,HYDERABAD,27.89,2199.0,78.84546432413052
T288743,C4339664,SANGRUR,41.85,3299.0,78.82915173237754
T7124,C4419842,DELHI,19.41,1530.0,78.82534775888718
T986704,C7629854,DELHI,6.98,550.0,78.79656160458453
T205221,C1228145,NASHIK,13.33,1050.0,78.76969242310578
T98206,C1071959,RISHIKESH,2.92,230.0,78.76712328767124
T721508,C2735065,GHAZIABAD,4.52,356.0,78.76106194690266
T149333,C8632728,VADODARA VADODARA,2.54,200.0,78.74015748031496
T349629,C8436624,BANGALORE,12.7,1000.0,78.74015748031496
T303568,C7536866,BANGALORE,29.61,2331.0,78.72340425531915
T965189,C3631721,CROSS MANGALORE,47.0,3700.0,78.72340425531915
T906438,C4416040,DERA BASSI,7.94,625.0,78.71536523929471
T959954,C8320583,ERNAKULAM,107.26,8440.0,78.68730188327429
T755191,C2139866,MUMBAI,11.82,930.0,78.68020304568527
T752223,C2060525,NEW DELHI,0.89,70.0,78.65168539325843
T461759,C6425533,CANDOLIM BARDEZ,12.97,1020.0,78.64302235929067
T860162,C4741018,MEDAK,2.93,230.42,78.64163822525596
T537132,C6933867,RISHIKESH,239.78,18851.0,78.61789974142964
T597053,C5826031,KOLKATA,20.27,1593.1,78.59398125308337
T178856,C7839523,PUNE,120.82,9495.0,78.58798212216522
T1020206,C8822875,SHILLLONG,25.45,2000.0,78.58546168958743
T360293,C8128955,DELHI,5.09,400.0,78.58546168958743
T605018,C4832688,JALANDHAR,35.0,2750.0,78.57142857142857
T972180,C6634934,MUMBAI,15.91,1250.0,78.56693903205532
T458247,C8124089,MUMBAI,6.99,549.0,78.54077253218884
T447765,C1318827,NAVI MUMBAI,1.91,150.0,78.53403141361257
T661309,C3740235,CHENNAI,3.82,300.0,78.53403141361257
T652583,C3834225,LUDHIANA,264.94,20800.0,78.50834151128558
T382302,C4022853,SHILLLONG,25.45,1998.0,78.50687622789783
T171290,C4724642,MUMBAI,34.68,2722.0,78.48904267589388
T509374,C2013944,BAGHPAT,122.49,9614.0,78.48803983998694
T348018,C2215611,UTTAR DINAJPUR,28.2,2213.0,78.47517730496455
T1011645,C7081929,BANGALORE,8.22,645.0,78.46715328467153
T590352,C8814024,SECENDRABAD,78.61,6168.0,78.46329983462664
T228440,C2441780,PALI,67.55,5300.0,78.46039970392302
T289608,C2911960,SUBANSIRI,229.46,18000.0,78.44504488799791
T336841,C1327055,RUPNAGAR,3.57,280.0,78.43137254901961
T342198,C4327016,RUPNAGAR,3.57,280.0,78.43137254901961
T865259,C7228729,DELHI,5.1,400.0,78.43137254901961
T206886,C1442841,BHATINDA,19.13,1500.0,78.41087297438578
T848074,C2035685,ROURKELA,11.71,918.0,78.39453458582408
T965370,C4515377,BANGALORE,15.8,1238.6,78.39240506329114
T858627,C1324215,AHMEDABAD,7.45,584.0,78.38926174496645
T150978,C6531388,MUMBAI,7.86,616.0,78.37150127226462
T92357,C9040785,NEW DELHI,3.19,250.0,78.36990595611286
T695636,C2197166,DELHI,57.95,4541.0,78.36065573770492
T288025,C3324175,KULLU,63.81,5000.0,78.35762419683435
T351966,C8511854,DELHI,72.47,5677.04,78.33641506830412
T178373,C6420534,NAVI MUMBAI,3.64,285.0,78.2967032967033
T15773,C6712544,CHENNAI,24.91,1950.0,78.28181453231633
T278195,C3986645,NEW DELHI,2.53,198.0,78.26086956521739
T79432,C5018139,DELHI,9.33,730.0,78.2422293676313
T882958,C7316542,MUMBAI,7.67,600.0,78.22685788787484
T271704,C7324316,PUNE,7.02,549.0,78.2051282051282
T1013977,C4139013,PUNE,77.51,6060.0,78.18346019868403
T312754,C8224322,DELHI,30.45,2380.0,78.16091954022988
T1018507,C1839089,PUNE,77.51,6058.0,78.15765707650625
T767307,C3028257,PONDICHERRY,76.02,5941.0,78.15048671402263
T1011732,C6140487,KANCHIPURAM,0.64,50.0,78.125
T113518,C1740439,KANCHIPURAM,0.64,50.0,78.125
T129682,C8240481,KANCHIPURAM,0.64,50.0,78.125
T131465,C8040414,KANCHIPURAM,0.64,50.0,78.125
T178016,C3740472,KANCHIPURAM,0.64,50.0,78.125
T277176,C5640476,KANCHIPURAM,0.64,50.0,78.125
T321798,C6840475,KANCHIPURAM,0.64,50.0,78.125
T347038,C7240433,KANCHIPURAM,0.64,50.0,78.125
T452863,C1840485,KANCHIPURAM,0.64,50.0,78.125
T487524,C1640472,KANCHIPURAM,0.64,50.0,78.125
T656330,C1231962,DELHI,1.28,100.0,78.125
T888425,C6831971,DELHI,1.28,100.0,78.125
T127485,C8720071,BANGALORE,16.57,1294.0,78.09293904646952
T389982,C1621879,BHILAI,243.3,19000.0,78.09288943690916
T847317,C3839188,GURGAON,10.26,801.0,78.0701754385965
T1008633,C6039055,PUNE,77.51,6050.0,78.05444458779512
T154566,C7725763,SIVASAGAR,15.25,1190.0,78.0327868852459
T383389,C5634649,GURGAON,30.95,2414.8,78.02261712439419
T679400,C6328186,NEW DELHI,6.41,500.0,78.003120124805
T944428,C6446241,KURUKSHETRA,2.63,205.0,77.9467680608365
T806375,C2524192,NEW DELHI,3.08,240.0,77.92207792207792
T815842,C2324138,NEW DELHI,3.08,240.0,77.92207792207792
T906403,C1439469,NOIDA,3.85,300.0,77.92207792207792
T962515,C8925921,EXPRESSWAY NOIDA,9.77,761.0,77.89150460593655
T1002723,C4626332,BANGALORE,6.42,500.0,77.88161993769471
T155748,C5726336,BANGALORE,6.42,500.0,77.88161993769471
T201058,C4932449,DELHI,3.21,250.0,77.88161993769471
T201308,C6732471,DELHI,3.21,250.0,77.88161993769471
T285078,C1432480,DELHI,3.21,250.0,77.88161993769471
T305631,C5826335,BANGALORE,6.42,500.0,77.88161993769471
T452355,C2426381,BANGALORE,6.42,500.0,77.88161993769471
T6422,C4031288,KOLKATA,255.52,19900.0,77.88040075140889
T3632,C7825164,NEW DELHI,5.65,440.0,77.87610619469027
T332141,C8134142,(VIA) SALEM,50.06,3898.0,77.86656012784658
T334309,C6134174,(VIA) SALEM,50.06,3898.0,77.86656012784658
T7308,C3139644,NEW DELHI,65.52,5099.0,77.82356532356533
T121761,C7227549,BANGALORE,2.57,200.0,77.82101167315176
T199682,C5621924,NAVI MUMBAI,10.41,810.0,77.80979827089337
T984317,C1237350,METRO STATION DELHI,4.5,350.0,77.77777777777777
T766754,C5925736,GURGAON,133.39,10372.93,77.76392533173403
T390485,C2827881,BANGALORE,7.24,563.0,77.76243093922652
T288874,C5357258,BANGALORE,6.43,500.0,77.76049766718508
T496390,C5557244,BANGALORE,6.43,500.0,77.76049766718508
T614712,C6257271,BANGALORE,6.43,500.0,77.76049766718508
T757745,C5357261,BANGALORE,6.43,500.0,77.76049766718508
T194584,C4030334,PUNE,1.93,150.0,77.72020725388602
T360370,C1123051,REWARI,11.13,865.0,77.71787960467205
T622057,C7321622,MUMBAI,74.82,5812.3,77.68377439187384
T195565,C1420563,BANGALORE,33.47,2600.0,77.68150582611294
T162166,C2925947,EXPRESSWAY NOIDA,9.77,758.89,77.67553735926305
T72757,C3610327,NEW DELHI,4.12,320.0,77.66990291262135
T240396,C8229223,CHHINDWARA,34.66,2691.0,77.6399307559146
T158417,C1557212,BANGALORE,6.43,499.0,77.60497667185071
T803059,C4742834,THANE,48.97,3800.0,77.59852971206861
T1006024,C4530983,AGRA,5.8,450.0,77.58620689655173
T52240,C3114867,KOLKATA,77.21,5990.0,77.58062427146743
T947194,C4520812,MUMBAI,41.97,3255.0,77.5553967119371
T306359,C8929369,CHENNAI,64.48,5000.0,77.54342431761786
T705839,C3529290,CHANDIGARH,438.57,34000.0,77.52468249082244
T929184,C4556270,NELLORE,4.0,310.0,77.5
T599766,C5361320,NAVI MUMBAI,25.81,2000.0,77.48934521503294
T370951,C8933521,CHENNAI,6.13,475.0,77.48776508972267
T19310,C1626486,MUMBAI,8.3,643.0,77.46987951807228
T685213,C6321425,HYDERABAD,20.72,1605.0,77.46138996138997
T878092,C7281450,NORTH  24 PARGANAS,5.59,433.0,77.4597495527728
T411867,C4787853,NORTH 24 PARGANAS,9.83,761.14,77.43031536113936
T1011169,C7180967,MUMBAI,6.46,500.0,77.39938080495357
T815137,C3480950,MUMBAI,6.46,500.0,77.39938080495357
T116192,C7235033,LUDHIANA,2.52,195.0,77.38095238095238
T284424,C6485963,KALYANI NADIA,11.22,868.0,77.36185383244207
T202045,C8416185,THANE,12.93,1000.0,77.33952049497293
T1029460,C3221991,SIVAGANGAI TK,13.58,1050.0,77.31958762886597
T389769,C5510447,HOOGHLY,46.05,3560.0,77.30727470141152
T506914,C4011851,KOLKATA,22.64,1750.0,77.29681978798587
T509461,C1211874,KOLKATA,22.64,1750.0,77.29681978798587
T510050,C1511867,KOLKATA,22.64,1750.0,77.29681978798587
T694859,C7717761,MUMBAI,7.77,600.5,77.2844272844273
T34199,C6333162,BIJNOR,25.88,2000.0,77.27975270479135
T639349,C3312913,NEW DELHI,38.82,3000.0,77.27975270479135
T886937,C4932419,DELHI,3.21,248.0,77.25856697819314
T623581,C7729918,DEHRADUN,9.78,755.42,77.24130879345603
T837492,C5643972,HUBLI,27.19,2100.0,77.23427730783376
T311128,C2788757,BANGALORE,17.48,1350.0,77.23112128146452
T106528,C5331680,PUNE,2.59,200.0,77.22007722007723
T65605,C7223021,SURAT,2.59,200.0,77.22007722007723
T942926,C6278118,CHENNAI,36.98,2855.0,77.20389399675501
T336961,C3245421,MUMBAI,32.41,2502.0,77.19839555692688
T1008159,C8642549,THANE,23.97,1850.0,77.17980809345015
T488413,C3228922,SRINAGAR,28.07,2166.0,77.16423227645173
T454927,C6623540,NOIDA,1.4,108.0,77.14285714285715
T408151,C1337376,CHITRAKOOT,73.86,5697.0,77.13241267262389
T869505,C3711611,AMBIKAPUR,7.08,546.0,77.11864406779661
T348964,C4451574,DELHI,4.06,313.0,77.09359605911331
T299393,C1339258,KARUR,0.61,47.0,77.04918032786885
T368754,C3739241,KARUR,0.61,47.0,77.04918032786885
T167448,C3330192,NEW DELHI,61.65,4750.0,77.0478507704785
T360358,C6213965,UDAIPUR,32.45,2500.0,77.04160246533127
T364347,C2348035,PANCHKULA,23.77,1831.0,77.02986958350863
T274351,C7514915,NOIDA,23.43,1804.0,76.99530516431925
T898607,C4026669,AURANGABAD,1.26,97.0,76.98412698412699
T183908,C8418623,BANGALORE,90.92,6999.0,76.97976242850858
T693306,C5634334,TOHANA,72.78,5599.0,76.93047540533114
T649763,C8815667,FARIDABAD,3.51,270.0,76.92307692307693
T261379,C6418132,NAGPUR,0.26,20.0,76.92307692307692
T3259,C8531437,MUMBAI,3.25,250.0,76.92307692307692
T615859,C8227984,BAWAL,0.65,50.0,76.92307692307692
T61750,C3842479,MUMBAI,0.65,50.0,76.92307692307692
T61751,C2242452,MUMBAI,0.65,50.0,76.92307692307692
T762694,C6728154,KURALI,0.26,20.0,76.92307692307692
T1042536,C2422959,JAIPUR,23.92,1839.5,76.90217391304347
T893093,C8426352,SULTANPUR,32.51,2500.0,76.89941556444171
T925165,C1840723,GAYA,9.56,735.0,76.88284518828452
T210149,C2237480,AHMEDNAGAR,52.03,4000.0,76.8787238131847
T861605,C4527241,KOLLAM,8.04,618.0,76.86567164179105
T301883,C2118623,BANGALORE,90.92,6988.0,76.85877694676638
T304492,C7418633,BANGALORE,90.92,6988.0,76.85877694676638
T306294,C8118672,BANGALORE,90.92,6988.0,76.85877694676638
T342094,C8533581,CHENNAI,6.13,471.0,76.83523654159869
T313624,C3720688,KANNUR,7.55,580.0,76.82119205298014
T38040,C1011650,NASHIK,4.31,331.0,76.79814385150813
T117897,C6416154,JHANSI,42.93,3295.0,76.75285348241323
T222712,C2183646,MUMBAI,4.43,340.0,76.74943566591422
T300442,C1332031,MUMBAI,2.59,198.75,76.73745173745174
T124216,C6612325,DELHI,43.46,3335.0,76.73722963644731
T296723,C4823016,REWARI,11.13,854.0,76.72955974842766
T459177,C5019337,MUMBAI,7.76,595.29,76.71262886597938
T149986,C4020079,VIJAYAWADA,65.2,5000.0,76.68711656441718
T420711,C5134974,DELHI,3.26,250.0,76.68711656441718
T538934,C3524514,ALMORA,3.13,240.0,76.67731629392972
T68216,C4169155,NAVI MUMBAI,28.83,2210.1,76.65972944849116
T328118,C4817678,MUMBAI,7.28,558.0,76.64835164835165
T200768,C8039769,MALAPPURAM,3.68,282.0,76.63043478260869
T839976,C3241684,COIMBATORE,123.32,9450.0,76.62990593577685
T529700,C8339542,DELHI,2.61,200.0,76.62835249042146
T884639,C6438468,BANGALORE,7.83,600.0,76.62835249042145
T520533,C4444516,HYDERABAD,3.38,259.0,76.62721893491124
T387832,C7433976,KHANDWA,12.99,995.0,76.59738260200155
T675242,C7299518,KOLKATA,4.7,360.0,76.59574468085106
T888766,C1768552,DELHI,117.51,9000.0,76.58922644881287
T709661,C5920480,NEW DELHI,6.53,500.0,76.5696784073507
T748525,C3624092,JAIPUR,23.77,1820.0,76.5671013883046
T969991,C7320677,ANDHERI EAST MUMBAI,61.14,4680.0,76.54563297350343
T814757,C7137390,DELHI,7.2,551.0,76.52777777777777
T438977,C2816322,ERNAKULAM,13.03,996.97,76.5134305448964
T273655,C3322190,RAJAMUNDRY,8.97,686.28,76.50836120401337
T300939,C6642174,ALLAHABAD,0.34,26.0,76.47058823529412
T296803,C1535468,MOHALI,149.74,11450.0,76.46587418191531
T181365,C5023759,GURGAON,6.54,500.0,76.4525993883792
T500044,C6230881,NEW DELHI,3.28,250.63,76.41158536585367
T992026,C7036792,DELHI,0.89,68.0,76.40449438202248
T590336,C2124386,PUNE,7.02,536.0,76.35327635327636
T47598,C6926572,SAHARANPUR,3.93,300.0,76.33587786259541
T917473,C3328818,BANGALORE,40.39,3083.0,76.33077494429314
T808662,C3223940,HUBLI,12.78,975.0,76.29107981220658
T734571,C5511652,AMBIKAPUR,7.08,540.0,76.27118644067797
T558874,C8236369,BANGALORE,327.94,25000.0,76.23345733975728
T962684,C2017116,YEOLA,6.43,490.0,76.20528771384137
T914176,C5829455,KATTUNGA,11.09,845.0,76.19477006311993
T486988,C5222120,THIRUVANANTHAPURAM,144.37,11000.0,76.19311491307057
T409092,C8113228,GURGAON,23.86,1817.72,76.18273260687343
T735733,C8928819,KOLKATA,1.93,147.0,76.16580310880829
T416461,C2823189,KURNOOL,4.44,338.0,76.12612612612612
T63993,C7943433,MUMBAI,25.34,1929.0,76.1247040252565
T425905,C2385572,HYDERABAD,5.56,423.0,76.07913669064749
T492412,C5724426,SONIPAT,18.35,1396.04,76.0784741144414
T24694,C9042122,NEW DELHI,28.92,2200.0,76.07192254495159
T374501,C2015636,UTTAR DINAJPUR,28.2,2145.0,76.06382978723404
T399567,C8323840,BAREILLY,25.56,1944.0,76.05633802816902
T774251,C4741868,BALKUM THANE THANE,3.09,235.0,76.05177993527508
T136620,C4297950,MUMBAI,13.15,1000.0,76.04562737642586
T255246,C1997950,MUMBAI,13.15,1000.0,76.04562737642586
T955714,C5346281,KURUKSHETRA,2.63,200.0,76.04562737642586
T82405,C2428959,CHENNAI,22.36,1700.0,76.02862254025045
T262220,C1836628,BANGALORE,180.86,13750.0,76.02565520291938
T740209,C4821178,MUMBAI,5.25,398.88,75.97714285714285
T36697,C5621153,HYDERABAD,61.72,4689.0,75.97213220998056
T520559,C5428738,THANE,33.5,2544.96,75.9689552238806
T110567,C3521823,KOLHAPUR,10.86,825.0,75.96685082872929
T649580,C8834729,LUDHIANA,3.95,300.0,75.94936708860759
T211898,C3591653,GURGAON,29.5,2240.17,75.93796610169491
T699846,C5674943,PUNE,65.85,5000.0,75.93014426727412
T917039,C1650276,MUMBAI,13.99,1061.98,75.90993566833453
T75509,C5180135,THRISSUR,65.79,4994.0,75.90819273445811
T303195,C8730148,NEAR JAIPUR GOLDEN HOSPITAL DELHI,16.59,1259.0,75.88908981314044
T181884,C7576639,BANGALORE,135.99,10319.0,75.88057945437164
T249924,C2622333,BANKURA,68.53,5200.0,75.87917700277251
T294749,C6316080,BANGALORE,6.59,500.0,75.87253414264036
T175170,C2371143,MUMBAI,92.36,7007.0,75.86617583369424
T999278,C1639428,GANAUR,17.07,1295.0,75.86408904510837
T886598,C4992641,HOOGHLY,5.26,399.0,75.8555133079848
T196735,C2415321,JAGDAMBA SADIHALL GOVINDPURA BHOPAL,65.92,5000.0,75.8495145631068
T88376,C7226515,SAHARANPUR,3.93,298.0,75.82697201017811
T943336,C1938213,UDAIPUR,13.77,1044.0,75.81699346405229
T568800,C8517013,SHIKOHABAD,14.13,1071.0,75.79617834394904
T263990,C4978679,CHENNAI,316.78,24000.0,75.76235873476861
T283245,C4429061,SAS NAGAR,15.49,1173.0,75.72627501613944
T70021,C1196074,CHIKKMAGALUR,89.81,6800.0,75.7153991760383
T891376,C5312231,GURGAON,17.91,1356.0,75.71189279731993
T1030101,C7017174,NEW DELHI,132.12,10000.0,75.68876778686042
T135409,C5947414,HYDERABAD,8.26,625.0,75.66585956416465
T916524,C8126448,PUNE,3.11,235.0,75.56270096463022
T917239,C8513274,GURGAON,23.86,1802.35,75.53855825649623
T164219,C4713564,MEERUT,151.66,11456.0,75.53738625873665
T77775,C8336438,HYDERABAD,57.39,4335.0,75.53580763199163
T95556,C4725484,KOLKATA,12.45,940.0,75.50200803212851
T729145,C3563567,RANGA REDDY,104.52,7889.0,75.478377344049
T981742,C2411445,NEW DELHI,2.65,200.0,75.47169811320755
T199677,C7028769,MUMBAI,34.32,2589.0,75.43706293706293
T61210,C3813234,PUNE,10.61,800.0,75.40056550424129
T664646,C4723769,THANE,11.01,830.0,75.386012715713
T957388,C7415078,GURGAON,7.96,600.0,75.37688442211055
T971248,C1819672,BANGALORE,11.28,850.0,75.35460992907802
T754209,C3712067,MUMBAI,66.48,5009.06,75.34687123947052
T490778,C2329860,NELLORE,7.57,570.0,75.29722589167767
T604054,C3117113,DEHRADUN,37.19,2800.0,75.28905619790267
T675868,C2952184,DELHI,14.88,1120.0,75.26881720430107
T152134,C8662182,NOIDA,7.52,566.0,75.26595744680851
T185589,C1415182,NODE NAVI MUMBAI,39.86,3000.0,75.26342197691922
T627507,C1422949,GUNTUR,9.5,715.0,75.26315789473684
T334081,C4422883,FARIDABAD,17.26,1299.0,75.26071842410197
T916508,C7822718,MUMBAI,135.44,10190.0,75.23626698168931
T998916,C5170483,BETUL,3.23,243.0,75.23219814241486
T602,C1798829,DELHI,7.18,540.0,75.20891364902508
T150126,C4827871,GURGAON,2.66,200.0,75.18796992481202
T413027,C5227827,GURGAON,2.66,200.0,75.18796992481202
T726221,C7827887,GURGAON,2.66,200.0,75.18796992481202
T881281,C1630262,NEW DELHI,13.3,1000.0,75.18796992481202
T208802,C4732513,CHANDIGARH,21.95,1650.0,75.17084282460137
T266590,C2822241,DARJEELING,184.03,13824.0,75.11818725207847
T905182,C4029068,BHOPAL,49.54,3721.0,75.11102139685103
T327341,C6610434,TEMPLE HYDERABAD,9.96,748.0,75.10040160642569
T943111,C4936560,DELHI,7.99,600.0,75.09386733416771
T1024459,C1920485,AGRA,10.19,765.0,75.07360157016683
T855112,C8027083,RUPNAGAR,3.57,268.0,75.07002801120449
T992916,C7624660,ERNAKULAM,7.7,578.0,75.06493506493506
T53854,C8017648,HARAIRAMPUR,46.95,3524.0,75.05857294994675
T55018,C7317643,HARAIRAMPUR,46.95,3524.0,75.05857294994675
T579887,C3718125,LUCKNOW,12.67,950.96,75.05603788476716
T505669,C5148521,BANGALORE,54.91,4121.0,75.05008195228557
T876879,C7669880,BANGALORE,14.67,1100.0,74.98295841854124
T901790,C8533590,HAMIRPUR,33.35,2500.0,74.96251874062968
T55814,C7920153,BANGALORE,463.03,34700.0,74.94114852169406
T948176,C5015725,MUMBAI,78.79,5903.0,74.92067521259042
T504865,C3039234,NALANDA,66.62,4990.0,74.90243170219154
T119130,C4816389,PATHANKOT [PB],14.69,1100.0,74.88087134104833
T410909,C7310585,MUMBAI,95.6,7156.0,74.85355648535565
T729018,C8376060,FARIDABAD,6.28,470.0,74.84076433121018
T319807,C3923656,THIRUVALLUR,46.57,3483.81,74.8080309211939
T734980,C2618472,SARAN,13.37,1000.0,74.79431563201197
T389886,C7738464,BIDAR DIST KARNATAKA,3.61,270.0,74.79224376731302
T264663,C7322539,BANGALORE,13.4,1002.0,74.77611940298507
T723072,C8350235,MUMBAI,13.99,1046.0,74.76769120800571
T745184,C6616690,KRISHNA,133.13,9950.0,74.73897693983325
T45394,C5111233,GURGAON,3.7,276.52,74.73513513513512
T608278,C8713752,GREATER NOIDA,48.68,3637.0,74.71240755957272
T339124,C7037734,MUMBAI,51.01,3809.9,74.68927661242894
T335927,C2499472,HYDERABAD,174.06,13000.0,74.68688957830634
T328257,C4727953,BATHINDA,9.39,701.21,74.6762513312034
T321730,C1839854,JODHPUR,6.87,513.0,74.67248908296943
T14769,C3924244,LUDHIANA,0.71,53.0,74.64788732394366
T7339,C3624244,LUDHIANA,0.71,53.0,74.64788732394366
T487493,C3423649,ERNAKULAM,127.95,9550.0,74.63853067604533
T462652,C2818453,SENAPATI,26.8,2000.0,74.6268656716418
T464776,C3218430,SENAPATI,26.8,2000.0,74.6268656716418
T389190,C2738349,DELHI,10.72,800.0,74.62686567164178
T104422,C1418155,BHOPAL,46.91,3500.0,74.61095715199319
T453112,C8222216,MUMBAI,6.97,520.0,74.60545193687231
T533064,C5339215,NEW DELHI,15.61,1164.56,74.6034593209481
T309171,C4216740,MUMBAI,6.3,470.0,74.60317460317461
T945204,C6527819,BANGALORE,7.24,540.0,74.58563535911603
T322598,C6939776,VISAKHAPATNAM,26.59,1983.0,74.57690861226025
T134076,C7741147,PUNE,225.7,16800.0,74.43509082853346
T714040,C1735491,THANE,31.4,2337.21,74.43343949044586
T581436,C1615683,UTTAR DINAJPUR,28.2,2099.0,74.43262411347519
T702733,C7456677,SANT RAVIDAS NAGAR,7.85,584.28,74.43057324840764
T258748,C8969622,NEW DELHI,24.16,1798.0,74.4205298013245
T570617,C6131314,ALMORA,9.69,721.0,74.40660474716202
T1006099,C3433314,MUMBAI,27.42,2040.0,74.39824945295405
T740313,C3719111,KHANNA,26.75,1990.0,74.39252336448598
T953668,C3728678,CHANDIGARH,21.5,1599.0,74.37209302325581
T556178,C7317765,MUMBAI,12.68,943.0,74.36908517350157
T103156,C7042229,DELHI,28.07,2087.0,74.34983968649804
T1017309,C2725233,VISAKHAPATNAM URBAN,5.38,400.0,74.34944237918216
T281986,C7323151,KOCHI,2.69,200.0,74.34944237918216
T84876,C7418382,NOIDA,7.67,570.0,74.3155149934811
T100085,C2421738,NEW DELHI,9.42,700.0,74.3099787685775
T1005472,C5464921,BANGALORE,6.73,500.0,74.29420505200594
T551826,C6764959,BANGALORE,6.73,500.0,74.29420505200594
T564824,C1164916,BANGALORE,6.73,500.0,74.29420505200594
T697647,C8464913,BANGALORE,6.73,500.0,74.29420505200594
T697914,C4264945,BANGALORE,6.73,500.0,74.29420505200594
T268557,C8729468,GAJAPATI,0.35,26.0,74.28571428571429
T397446,C4729047,THANE,3.77,280.0,74.27055702917772
T310965,C1826613,NEW DELHI,17.64,1310.0,74.26303854875283
T487817,C4631749,MUMBAI,10.1,750.0,74.25742574257426
T703935,C5032048,PUNE,2.02,150.0,74.25742574257426
T511636,C5127635,GURGAON,8.0,594.0,74.25
T513640,C4627654,GURGAON,8.0,594.0,74.25
T984973,C8931526,NOIDA,4.0,297.0,74.25
T478372,C3315384,ALWAR,8.15,605.1,74.24539877300613
T594653,C7328857,PUNE,36.37,2700.0,74.2370085235084
T864120,C6913345,SEONI,13.64,1012.54,74.23313782991202
T155043,C8741637,GURGAON,47.11,3495.0,74.18807047336023
T276221,C7436654,GHAZIABAD,15.37,1140.0,74.17046193884191
T299100,C4227776,BANGALORE,11.73,870.0,74.16879795396419
T696398,C7142339,NEW DELHI,107.27,7956.0,74.16798732171158
T700119,C2217364,JAMSHEDPUR,0.89,66.0,74.15730337078652
T363089,C5941440,GURGAON,8.51,631.0,74.14806110458285
T48362,C6532084,MUMBAI,2.59,192.0,74.13127413127414
T452510,C8353651,NABARANGPUR,0.85,63.0,74.11764705882354
T567095,C2913292,RAJAPALAYAM,71.73,5316.0,74.11125052279381
T515110,C6441722,GHAZIABAD,20.24,1500.0,74.1106719367589
T193763,C1212724,AHMEDABAD,8.36,619.54,74.10765550239235
T575910,C1935441,MUMBAI,2.7,200.0,74.07407407407408
T729164,C4986421,VARANASI,13.5,1000.0,74.07407407407408
T730900,C4286486,VARANASI,13.5,1000.0,74.07407407407408
T758717,C2286428,VARANASI,13.5,1000.0,74.07407407407408
T761768,C2139118,HANUMANGARH,0.27,20.0,74.07407407407408
T835860,C2310665,MUMBAI,6.75,500.0,74.07407407407408
T904039,C1439123,HANUMANGARH,0.27,20.0,74.07407407407408
T957070,C3027547,PUNE,1.62,120.0,74.07407407407408
T964548,C5310684,MUMBAI,6.75,500.0,74.07407407407408
T981649,C5139121,HANUMANGARH,0.27,20.0,74.07407407407408
T996611,C5737327,PUNE,2.7,200.0,74.07407407407408
T465016,C4331021,NEW DELHI,6.9,511.0,74.05797101449275
T588916,C6459182,SECUNDERABAD,27.02,2000.0,74.01924500370096
T966352,C2921584,THRISSUR,63.4,4692.0,74.00630914826499
T606935,C5018548,UDAIPUR,6.69,495.0,73.99103139013452
T982722,C4718558,UDAIPUR,6.69,495.0,73.99103139013452
T983478,C7518520,UDAIPUR,6.69,495.0,73.99103139013452
T1018768,C8323472,LUDHIANA,13.52,1000.0,73.96449704142012
T639440,C2180767,THANE,41.86,3095.0,73.93693263258481
T843088,C7131017,NEW DELHI,6.9,510.0,73.91304347826086
T40950,C6827742,GURGAON,42.33,3128.0,73.89558232931728
T627328,C7517256,ALAPPUZHA,14.82,1095.0,73.88663967611336
T894226,C2624931,DELHI,64.82,4789.0,73.88151804998458
T933800,C6027136,BANGALORE,10.79,797.0,73.86468952734013
T169784,C3037868,DELHI,4.47,330.0,73.8255033557047
T891942,C4626332,SULTANPUR,32.51,2400.0,73.82343894186404
T181422,C7212367,NEW DELHI,13.55,1000.0,73.80073800738008
T822791,C1976236,NADIAD,667.48,49250.0,73.78498232156768
T829832,C2176283,NADIAD,667.48,49250.0,73.78498232156768
T1027317,C6822040,RIYADH,14.86,1095.0,73.68775235531629
T421693,C8515670,MUMBAI,10.18,750.0,73.67387033398822
T216864,C4510748,NOIDA,64.65,4761.0,73.64269141531322
T929120,C6172083,KOLKATA,6.79,500.0,73.63770250368188
T388769,C6357270,BANGALORE,6.43,473.4,73.62363919129082
T398339,C7431417,NEAR BHIWADI ALWAR,0.72,53.0,73.61111111111111
T398686,C5731466,NEAR BHIWADI ALWAR,0.72,53.0,73.61111111111111
T339928,C6840880,GURGAON,22.66,1668.0,73.6098852603707
T624536,C1114115,NEW DELHI,2.69,198.0,73.60594795539033
T151536,C3697363,AURANGABAD,33.45,2462.0,73.60239162929746
T296056,C4920656,ANDHERI EAST MUMBAI,61.14,4500.0,73.60157016683023
T557705,C5833915,NEW DELHI,4.62,340.0,73.5930735930736
T297952,C5810463,MUMBAI,14.88,1095.0,73.58870967741935
T390055,C6670033,VISAKHAPATNAM,0.53,39.0,73.58490566037736
T984150,C1034882,MUMBAI,2.99,220.0,73.57859531772574
T971332,C3213224,DEHRADUN,333.69,24543.0,73.55030117773983
T228456,C1837665,JAMSHEDPUR,15.51,1140.0,73.5009671179884
T463249,C6413257,MAHABUB NAGAR,7.21,529.8,73.48127600554784
T36221,C7431082,HYDERABAD,340.3,25000.0,73.46459006758742
T772809,C6955988,ARWAL,204.2,15000.0,73.45739471106758
T864269,C4754066,UJJAIN,2.75,202.0,73.45454545454545
T548028,C9094362,GURGAON,29.96,2200.0,73.43124165554072
T469624,C7925947,HYDERABAD,7.56,555.0,73.41269841269842
T685551,C7342885,MUKTSAR,2.33,171.0,73.39055793991416
T630524,C2641127,HASSAN,7.02,515.0,73.36182336182337
T727908,C4339244,HAPUR,2.44,179.0,73.36065573770492
T951423,C8823192,TIRUCHIRAPPALLI,170.89,12536.0,73.35713031774827
T722460,C6637170,RAMGARH,45.49,3336.0,73.33479885689162
T80732,C1221111,MUMBAI,13.5,990.0,73.33333333333333
T907402,C1227122,PATHANKOT [PB],0.75,55.0,73.33333333333333
T480457,C8414326,DEHRADUN,5.81,426.0,73.32185886402755
T137695,C8623391,AHMEDABAD,14.73,1080.0,73.31975560081466
T974915,C2736943,AZAMGARH,341.06,25000.0,73.30088547469653
T118091,C5912069,MUMBAI,4.98,365.0,73.29317269076304
T412908,C7520084,PATNA,47.26,3462.0,73.25433770630555
T505841,C6520512,VILLUPURAM,6.73,493.0,73.25408618127786
T1007493,C6733090,NEW DELHI,46.37,3396.75,73.25318093594997
T703005,C7212230,KOLKATA,9.01,660.0,73.25194228634851
T174698,C1628872,VISAKHAPATNAM,5.19,380.0,73.21772639691714
T696467,C6921176,BANGALORE,3.88,284.0,73.19587628865979
T187202,C5942658,BANGALORE,4.1,300.0,73.17073170731707
T331656,C8332618,BANGALORE,0.41,30.0,73.17073170731707
T151313,C2631338,MUMBAI,7.86,575.0,73.15521628498728
T721144,C4320123,BIJNOR,8.34,610.0,73.14148681055156
T297286,C7315251,TIRUPPUR,5.36,392.0,73.13432835820895
T975654,C2225459,BANGALORE,27.23,1991.0,73.11788468600808
T714606,C1033666,BADLAPUR,23.51,1719.0,73.11782220331773
T6928,C5628263,DELHI,3.42,250.0,73.09941520467837
T513408,C3510650,NAVSARI,42.0,3070.0,73.0952380952381
T640011,C7333573,CHENNAI,6.13,448.0,73.08319738988581
T29771,C8722654,GURGAON,0.78,57.0,73.07692307692308
T142160,C8730483,THANE,211.76,15474.3,73.0747072157159
T429768,C5980186,CHAMBA,4.79,350.0,73.06889352818372
T1006407,C5529861,DELHI,6.98,510.0,73.06590257879655
T658158,C5632449,FARIDABAD,0.89,65.0,73.03370786516854
T772782,C1532446,FARIDABAD,0.89,65.0,73.03370786516854
T549146,C1187490,DELHI,4.15,303.0,73.01204819277108
T209016,C7017487,GHAZIABAD,3.37,246.0,72.99703264094956
T396013,C8061917,SHAHJAHANPUR,298.65,21800.0,72.99514481834925
T994248,C8314832,MUMBAI,6.85,500.0,72.99270072992701
T91906,C4734786,RANGA REDDY,4.11,300.0,72.992700729927
T890101,C4715465,PUNE,0.74,54.0,72.97297297297297
T985352,C7110012,SURAT,2.44,178.0,72.95081967213115
T453082,C7736248,DELHI,3.88,283.0,72.93814432989691
T284509,C1113866,LUCKNOW,66.93,4881.26,72.93082324816973
T201177,C4232341,MUMBAI,25.33,1847.0,72.91748914330833
T294313,C4033872,NOIDA,3.36,245.0,72.91666666666667
T821725,C6242580,VIZIANAGARAM,19.6,1429.0,72.90816326530611
T574740,C5433886,KOLKATA,82.34,6000.0,72.86859363614282
T966496,C3116112,MUMBAI,11.12,810.0,72.84172661870504
T861004,C4623041,NOIDA,16.38,1193.0,72.83272283272284
T751710,C1226415,BHUJ,62.85,4576.85,72.82179793158313
T189151,C7641848,BALKUM THANE THANE,3.09,225.0,72.81553398058253
T190227,C8141824,BALKUM THANE THANE,3.09,225.0,72.81553398058253
T300599,C8641869,BALKUM THANE THANE,3.09,225.0,72.81553398058253
T312959,C7326739,HYDERABAD,204.38,14879.0,72.80066542714552
T1019004,C1342386,NOIDA,4.99,363.0,72.74549098196393
T151570,C7172277,MUMBAI,0.55,40.0,72.72727272727272
T777890,C5675115,NEW DELHI,1.1,80.0,72.72727272727272
T858607,C2832583,MUMBAI,4.41,320.7,72.72108843537414
T255488,C3241254,POLE I HYDERABAD,26.13,1900.0,72.71335629544585
T161992,C5130815,ALWAR,6.51,473.0,72.65745007680492
T379818,C2039523,DELHI,2.61,189.6,72.64367816091954
T299257,C1050072,KULATHOOR,4.82,350.0,72.61410788381743
T1045169,C4516041,PUNE,5.51,400.0,72.59528130671507
T201931,C7913930,PUNE,67.99,4935.3,72.5886159729372
T791211,C5519592,MUMBAI,4.3,312.0,72.55813953488372
T304321,C6440458,CHANNAPATNA,2.04,148.0,72.54901960784314
T492264,C5111821,PATNA,27.57,2000.0,72.54261878853826
T256783,C5934781,HATHRAS,11.03,800.0,72.52946509519492
T304892,C8934711,HATHRAS,11.03,800.0,72.52946509519492
T973367,C7816363,ERODE,31.72,2299.7,72.5
T735781,C3126131,DURGAPUR,89.26,6470.0,72.48487564418552
T16990,C7434915,BANGALORE,2.18,158.0,72.47706422018348
T146147,C7333033,JAIPUR,0.69,50.0,72.46376811594203
T146806,C5833037,JAIPUR,0.69,50.0,72.46376811594203
T161811,C6121584,DELHI,1.38,100.0,72.46376811594203
T457313,C4442824,PEDAGANTYADA BHPV VISAKHAPATNAM,2.76,200.0,72.46376811594203
T470008,C6428585,MAHABUBNAGAR,0.69,50.0,72.46376811594203
T741859,C3839471,BANGALORE,3.45,250.0,72.46376811594203
T74629,C8121551,DELHI,1.38,100.0,72.46376811594203
T844716,C6812725,RANGA REDDY,30.37,2200.0,72.4399078037537
T495477,C4032567,NEW DELHI,27.61,2000.0,72.43752263672583
T806306,C5132556,NEW DELHI,27.61,2000.0,72.43752263672583
T434057,C6211088,NOIDA,3.41,247.0,72.43401759530792
T561299,C6521581,NAVI MUMBAI,5.8,420.0,72.41379310344828
T978589,C2320622,ALIGARH,41.91,3034.5,72.4051539012169
T980151,C6220619,ALIGARH,41.91,3034.5,72.4051539012169
T980748,C4020664,ALIGARH,41.91,3034.5,72.4051539012169
T981184,C7720636,ALIGARH,41.91,3034.5,72.4051539012169
T983885,C2520688,ALIGARH,41.91,3034.5,72.4051539012169
T471739,C1711838,THANE,7.68,556.0,72.39583333333334
T1044651,C6618152,DELHI,13.82,1000.0,72.3589001447178
T1044652,C6318129,DELHI,13.82,1000.0,72.3589001447178
T182796,C6442738,VALSAD,0.57,41.23,72.33333333333333
T167454,C2131026,NEW DELHI,6.9,499.0,72.31884057971014
T117710,C6755432,PATHANKOT,9.68,700.0,72.31404958677686
T1045509,C1814547,CHENNAI,276.58,20000.0,72.31180851833105
T1020123,C8134912,DELHI,9.35,676.0,72.29946524064171
T801453,C5261923,ERNAKULAM,37.21,2690.0,72.29239451760279
T128899,C8696481,JAIPUR,0.83,60.0,72.28915662650603
T365454,C5842631,BARDDHAMAN,3.32,240.0,72.28915662650603
T44821,C8696412,JAIPUR,0.83,60.0,72.28915662650603
T45802,C5196454,JAIPUR,0.83,60.0,72.28915662650603
T316471,C4072588,BANGALORE,47.63,3442.0,72.26537896283854
T642141,C3729487,TARAPUR APP THANE THANE,4.57,330.0,72.21006564551422
T734515,C1273555,GURGAON,5.54,400.0,72.20216606498195
T737416,C1473521,GURGAON,5.54,400.0,72.20216606498195
T461438,C4680476,CHANDIGARH,138.54,9999.0,72.17410134257254
T139776,C7641838,BALKUM THANE THANE,3.09,223.0,72.16828478964402
T936803,C4041683,GURGAON,47.11,3399.0,72.15028656336234
T216059,C5718355,NAYA NANGAL,14.54,1049.0,72.14580467675378
T706296,C7729414,KATTUNGA,11.09,800.0,72.1370604147881
T308887,C8721821,HYDERABAD,37.43,2700.0,72.13465134918515
T230408,C2921438,NOIDA,5.55,400.0,72.07207207207207
T85769,C5739732,VISAKHAPATNAM,26.59,1916.0,72.05716434749905
T347384,C1925018,HOWRAH,0.93,67.0,72.04301075268816
T262190,C4219547,CHENNAI,5.15,371.0,72.03883495145631
T120761,C6634689,YAMUNANAGAR,7.08,510.0,72.03389830508475
T439721,C5034680,YAMUNANAGAR,7.08,510.0,72.03389830508475
T992475,C6034664,YAMUNANAGAR,7.08,510.0,72.03389830508475
T192830,C1027815,BANGALORE,7.24,521.0,71.96132596685082
T544065,C7221768,GURGAON,2.15,154.7,71.95348837209302
T212195,C4240390,GUWAHATI,34.62,2491.0,71.9526285384171
T890213,C5127265,K V RANGAREDDY,8.52,613.0,71.94835680751174
T518233,C7677647,JAIPUR,8.34,600.0,71.94244604316548
T506882,C5233934,GANDHINAGAR,6.95,500.0,71.94244604316546
T296017,C6632714,KOLKATA,8.79,632.37,71.94197952218431
T31496,C8933837,THANE,26.63,1915.11,71.91550882463387
T401154,C2122664,PATAUDI,16.69,1200.0,71.8993409227082
T431641,C3113738,GREATER NOIDA,48.68,3500.0,71.89811010682006
T530854,C1612755,BANGALORE,1.53,110.0,71.89542483660131
T30205,C1525567,MUMBAI,5.54,398.0,71.84115523465704
T681489,C3935920,GOREGAON EAST MUMBAI,69.62,5000.0,71.81844297615628
T731084,C7934488,ZIRAKPUR,0.78,56.0,71.7948717948718
T933557,C4723078,REWARI,11.13,799.0,71.78796046720575
T735662,C4641468,NOIDA,139.3,10000.0,71.78750897343862
T783884,C4037430,MYSORE,69.66,5000.0,71.7772035601493
T883345,C9027239,ALLAHABAD,37.47,2689.0,71.76407792900987
T870782,C1121589,KANPUR,28.57,2050.0,71.75358767938397
T540023,C5435627,BANGALORE,16.03,1150.0,71.74048658764815
T891422,C5012669,GURAGAON,33.44,2399.0,71.74043062200957
T649211,C1919551,NDAHALLI BANGALORE SOUTH BANGALORE,30.21,2167.0,71.73121482952665
T867403,C6930117,NEAR JAIPUR GOLDEN HOSPITAL DELHI,16.59,1190.0,71.72995780590718
T416571,C5217180,BHOPAL,1.46,104.7,71.7123287671233
T635770,C7220585,KHANNA,227.2,16290.0,71.69894366197184
T603819,C6929759,GURGAON,5.44,390.0,71.69117647058823
T831193,C7442182,CHENNAI,27.9,2000.0,71.68458781362007
T955654,C5232789,KOLKATA,8.79,630.0,71.67235494880546
T97450,C8140772,GAYA,9.56,685.0,71.65271966527196
T579796,C9080350,CUTTACK,63.09,4520.0,71.64368362656522
T444420,C2763115,ANDHERI (E) MUMBAI,19.96,1430.0,71.64328657314628
T865425,C5854060,UJJAIN,2.75,197.0,71.63636363636364
T37601,C3429817,DELHI,6.98,500.0,71.63323782234957
T138781,C6113316,CUDDALORE,14.55,1042.0,71.61512027491409
T626234,C8225514,BHIWANDI,52.76,3778.0,71.60727824109173
T55005,C5541953,BAMBOLIM,53.41,3824.0,71.59707919865194
T110348,C2781458,NORTH  24 PARGANAS,5.59,400.0,71.55635062611807
T290014,C5581463,NORTH  24 PARGANAS,5.59,400.0,71.55635062611807
T3542,C3642332,BANGALORE,8.39,600.0,71.51370679380214
T440159,C8346321,CHENNAI,307.69,22000.0,71.50053625402191
T855817,C3810782,KOLKATA,39.72,2840.0,71.50050352467271
T734182,C8227516,BANGALORE,92.43,6607.0,71.48112084820946
T804034,C3142829,THANE,48.97,3500.0,71.47232999795793
T86198,C6314565,KOLKATA,16.37,1170.0,71.47220525351251
T174786,C2013786,ALAPPUZHA,26.55,1897.0,71.45009416195856
T438410,C1615566,NEW DELHI,295.22,21093.22,71.44915656120858
T1029675,C4837568,DELHI,0.35,25.0,71.42857142857143
T582218,C9079669,GANJAM,1.68,120.0,71.42857142857143
T616441,C3632547,MUMBAI,4.41,315.0,71.42857142857143
T848832,C4247468,COLLEGE VISAKHAPATNAM,21.0,1500.0,71.42857142857143
T436252,C6733153,BARDHAMAN,0.28,20.0,71.42857142857142
T442295,C1147544,BATHINDA,0.56,40.0,71.42857142857142
T658813,C4112950,CHAMPHAI,0.14,10.0,71.42857142857142
T659785,C2912973,CHAMPHAI,0.14,10.0,71.42857142857142
T674368,C7212948,CHAMPHAI,0.14,10.0,71.42857142857142
T694516,C1312918,CHAMPHAI,0.14,10.0,71.42857142857142
T698159,C6512961,CHAMPHAI,0.14,10.0,71.42857142857142
T357838,C2642183,KOLKATA,83.89,5991.0,71.41494814638217
T905420,C5431970,NOIDA,28.0,1999.0,71.39285714285714
T160707,C5537623,CUMBALLA HILL MUMBAI,8.55,610.0,71.34502923976608
T6445,C6111680,AMBIKAPUR,7.08,505.0,71.32768361581921
T434323,C8962559,THANE,14.02,1000.0,71.32667617689016
T815259,C5462561,THANE,14.02,1000.0,71.32667617689016
T510275,C6139420,OFFICE HYDERABAD,42.09,3000.0,71.27583749109051
T630253,C8623231,PUNE,4.21,300.0,71.25890736342043
T514185,C2833223,JOGESHWARI W MUMBAI,70.17,5000.0,71.25552230297848
T702821,C1612280,KOLKATA,9.01,642.0,71.25416204217537
T555004,C9028275,K V RANGAREDDY,160.7,11450.0,71.25077784691973
T589423,C7928267,K V RANGAREDDY,160.7,11450.0,71.25077784691973
T113262,C2324390,PUNE,7.02,500.0,71.22507122507123
T297743,C1524384,PUNE,7.02,500.0,71.22507122507123
T57029,C6541476,GWALIOR,7.02,500.0,71.22507122507123
T634675,C7641150,HASSAN,7.02,500.0,71.22507122507123
T688660,C2524368,PUNE,7.02,500.0,71.22507122507123
T703802,C2724321,PUNE,7.02,500.0,71.22507122507123
T888075,C3524345,PUNE,7.02,500.0,71.22507122507123
T971400,C7524332,PUNE,7.02,500.0,71.22507122507123
T134078,C1676415,KURNOOL,4.1,292.0,71.21951219512195
T78668,C7942789,TRIPURA,21.05,1499.0,71.21140142517814
T441641,C2885189,NEW DELHI,121.63,8660.0,71.19953958727288
T612606,C2450255,MUMBAI,13.99,996.0,71.19370979270907
T115845,C5333921,BATHINDA,24.47,1741.31,71.16101348590111
T291175,C1927186,VISAKHAPATNAM,224.86,16000.0,71.15538557324557
T930320,C1227674,THANE,28.11,2000.0,71.14905727499111
T427993,C4841152,VASHI NAVI MUMBAI,7.03,500.0,71.12375533428165
T733759,C8417353,BHOPAL,21.09,1500.0,71.12375533428165
T85729,C8440787,GURGAON,48.3,3435.0,71.11801242236025
T269287,C5215176,PUNE,25.1,1785.0,71.11553784860557
T282955,C8815171,PUNE,25.1,1785.0,71.11553784860557
T471127,C2810777,PUNE,0.45,32.0,71.11111111111111
T14337,C3755756,NEW DELHI,9.23,656.0,71.07258938244854
T733078,C2938281,UDAIPUR,13.77,978.5,71.06027596223674
T670288,C2640213,PATIALA,5.35,380.0,71.02803738317758
T268157,C4032652,DELHI,43.22,3069.37,71.01735307727904
T147126,C4437154,NASHIK,0.69,49.0,71.01449275362319
T899478,C2937116,NASHIK,0.69,49.0,71.01449275362319
T997828,C8537834,SAS NAGAR,12.68,900.0,70.97791798107255
T665115,C1110828,NEW DELHI,1.55,110.0,70.96774193548387
T1004686,C7329627,SAHIBABAD,12.7,901.0,70.94488188976378
T691790,C2931635,AMRITSAR,63.8,4525.35,70.93025078369907
T228977,C2710466,MARG LOWER PAREL MUMBAI,9.7,688.0,70.9278350515464
T281755,C6434520,DINDIGUL,1.41,100.0,70.92198581560284
T399509,C4134592,DINDIGUL,1.41,100.0,70.92198581560284
T400340,C2234588,DINDIGUL,1.41,100.0,70.92198581560284
T599045,C5327318,DOMBIVLI,2.82,200.0,70.92198581560284
T601814,C3723967,COIMBATORE,1.41,100.0,70.92198581560284
T708836,C5622721,MUMBAI,135.44,9605.0,70.91701122268164
T329480,C7129838,DELHI,6.98,495.0,70.91690544412607
T70932,C3724647,GANGTOK,47.48,3367.0,70.91406908171862
T825873,C4525447,NAVI MUMBAI,11.17,791.8,70.88630259623993
T508495,C5724670,RAIGARH,2.54,180.0,70.86614173228347
T920298,C1742921,ANANTAPUR,10.53,746.0,70.84520417853751
T542760,C2925964,MUMBAI,29.65,2100.0,70.82630691399663
T539483,C6039549,BHIWADI,14.12,1000.0,70.8215297450425
T176346,C5114451,MUMBAI,21.19,1500.0,70.78810759792354
T770203,C6232477,FARIDABAD,0.89,63.0,70.78651685393258
T247359,C2713042,ALWAR,14.13,1000.0,70.77140835102618
T50553,C6237685,DELHI,70.66,5000.0,70.76139258420606
T33310,C1888527,MUMBAI,5.3,375.0,70.75471698113208
T27985,C6244546,HYDERABAD,3.38,239.0,70.71005917159763
T700414,C6462649,JALANDHAR,35.36,2500.0,70.70135746606336
T283376,C2217374,MANGALORE,4.23,299.0,70.68557919621749
T782395,C8118887,NAVI MUMBAI,1.91,135.0,70.68062827225131
T688762,C1939652,BANGALORE,16.54,1169.0,70.67714631197099
T918245,C7142849,EAST MUMBAI,5.66,400.0,70.6713780918728
T228877,C5538023,LAKHIMPUR,11.18,790.0,70.6618962432916
T820414,C5515392,NAGPUR,12.81,905.0,70.64793130366901
T101326,C2723454,MUMBAI,56.56,3995.0,70.63295615275813
T95988,C8923485,MUMBAI,56.56,3995.0,70.63295615275813
T99868,C7723460,MUMBAI,56.56,3995.0,70.63295615275813
T527709,C5914137,NEW DELHI,2.69,190.0,70.63197026022306
T513644,C7934670,YAMUNANAGAR,7.08,500.0,70.62146892655367
T99826,C1622681,DELHI,15.58,1100.0,70.60333761232349
T147965,C4832324,NOIDA,1.53,108.0,70.58823529411765
T375959,C5332348,NOIDA,1.53,108.0,70.58823529411765
T564655,C3890722,BOISAR,899.74,63500.0,70.5759441616467
T1005686,C2879512,GHAZIABAD,9.92,700.0,70.56451612903226
T635928,C6135235,PALACE SILCHAR,141.78,10000.0,70.53180984624065
T82607,C2229445,BANGALORE,29.33,2068.0,70.50801227412207
T50885,C6733518,CHENNAI,6.13,432.0,70.47308319738988
T188825,C9022015,NOIDA,117.74,8297.0,70.46882962459657
T192466,C5122090,NOIDA,117.74,8297.0,70.46882962459657
T194402,C5522013,NOIDA,117.74,8297.0,70.46882962459657
T1014703,C3132286,MOHALI,67.46,4753.81,70.46857396975987
T772848,C5035543,SIRSA,22.71,1600.0,70.45354469396742
T1004841,C7726491,HYDERABAD,1.42,100.0,70.42253521126761
T1015146,C4126431,HYDERABAD,1.42,100.0,70.42253521126761
T1015614,C4126457,HYDERABAD,1.42,100.0,70.42253521126761
T1020304,C4426414,HYDERABAD,1.42,100.0,70.42253521126761
T1024034,C2426432,HYDERABAD,1.42,100.0,70.42253521126761
T1031227,C7242820,KANGRA,14.2,1000.0,70.42253521126761
T1036411,C1226421,HYDERABAD,1.42,100.0,70.42253521126761
T234202,C5514217,NEW DELHI,0.71,50.0,70.42253521126761
T266201,C5226433,HYDERABAD,1.42,100.0,70.42253521126761
T324347,C7726425,HYDERABAD,1.42,100.0,70.42253521126761
T327339,C7026481,HYDERABAD,1.42,100.0,70.42253521126761
T350770,C7426439,HYDERABAD,1.42,100.0,70.42253521126761
T516370,C8142828,KANGRA,14.2,1000.0,70.42253521126761
T734745,C1526488,HYDERABAD,1.42,100.0,70.42253521126761
T754460,C7626440,HYDERABAD,1.42,100.0,70.42253521126761
T776965,C7926435,HYDERABAD,1.42,100.0,70.42253521126761
T805968,C8526448,HYDERABAD,1.42,100.0,70.42253521126761
T833535,C2426473,HYDERABAD,1.42,100.0,70.42253521126761
T834079,C7221342,LUDHIANA,0.71,50.0,70.42253521126761
T853301,C5726455,HYDERABAD,1.42,100.0,70.42253521126761
T854040,C5426462,HYDERABAD,1.42,100.0,70.42253521126761
T911426,C4042865,KANGRA,14.2,1000.0,70.42253521126761
T932700,C8626419,HYDERABAD,1.42,100.0,70.42253521126761
T953554,C6126482,HYDERABAD,1.42,100.0,70.42253521126761
T1017699,C6621824,BIKANER,49.25,3468.0,70.41624365482234
T598572,C7662647,JALANDHAR,35.36,2489.0,70.39027149321267
T120551,C1738147,DELHI,3.85,271.0,70.38961038961038
T239516,C7816129,DELHI,15.63,1100.0,70.37747920665387
T381595,C2636054,SRIPERUMBUDUR,14.21,1000.0,70.37297677691765
T461061,C8431523,JHAJJAR,41.07,2890.0,70.36766496225955
T896217,C4719012,JP NGR 3RD PHASE BANGALORE,18.08,1271.94,70.35066371681417
T310498,C4725970,THANE,16.29,1146.0,70.3499079189687
T738409,C2335039,NASHIK,19.55,1375.0,70.33248081841433
T216695,C1238292,VISAKHAPATNAM,14.22,1000.0,70.32348804500702
T830397,C7419914,GURGAON,28.43,1999.0,70.31304959549772
T165203,C6571178,BHAYANDAR ROAD THANE,44.78,3148.5,70.3104064314426
T202148,C6922241,MUMBAI,6.97,490.0,70.3012912482066
T654857,C4830960,WARANGAL,11.78,828.0,70.2886247877759
T74246,C7634226,NEW DELHI,52.64,3699.13,70.272226443769
T520374,C5312875,DHANBAD,42.71,3000.0,70.24116132053383
T436320,C5235726,NAVI MUMBAI,36.17,2540.0,70.22394249377938
T446785,C6932146,BARNALA,9.26,650.0,70.19438444924407
T915594,C3639259,WEST GODAVARI,2.85,200.0,70.17543859649122
T678962,C4213545,KURNOOL,1.34,94.0,70.14925373134328
T297141,C3825272,NEW DELHI,4.42,310.0,70.13574660633485
T401580,C6517492,GUWAHATI,17.83,1250.0,70.10656197420079
T57733,C1940423,DELHI,16.89,1184.0,70.10065127294257
T708512,C2114831,KOLKATA,77.21,5410.0,70.06864395803653
T998948,C3937978,DELHI,23.98,1680.0,70.05838198498749
T170419,C3711860,VASHI  NAVI MUMBAI,2.88,201.7,70.03472222222221
T824457,C3130568,II STAGE BANGALORE SOUTH BANGALORE,71.4,5000.0,70.02801120448179
T127432,C4536491,THOMAS TOWN BANGALORE,19.05,1334.0,70.0262467191601
T895607,C6310215,BHILAI,142.81,10000.0,70.02310762551642
T308351,C7540727,MUMBAI,9.0,630.0,70.0
T472535,C5529934,THANE WEST,1.0,70.0,70.0
T479197,C5429921,THANE WEST,1.0,70.0,70.0
T587242,C5129984,THANE WEST,1.0,70.0,70.0
T99364,C8719922,GURGAON,28.43,1990.0,69.99648258881463
T455935,C5018378,BAREILLY,44.29,3100.0,69.9932264619553
T98410,C2431345,GUWAHATI,92.87,6500.0,69.99030903413373
T687054,C4034071,VAPI PARDI VALSAD,69.41,4858.0,69.98991499783894
T727962,C6566729,NEW DELHI,98.98,6927.22,69.98605778945242
T1010049,C2632531,NOIDA,46.47,3252.0,69.98063266623629
T600984,C4292836,NEW DELHI,77.28,5406.0,69.95341614906832
T552117,C4629391,MUMBAI,3.86,270.0,69.94818652849742
T196349,C7528753,MUMBAI,34.32,2400.0,69.93006993006993
T510488,C4634749,MUMBAI,5.72,400.0,69.93006993006993
T722462,C8714073,KARIMNAGAR,7.15,500.0,69.93006993006993
T106917,C1316327,ERODE,31.72,2218.0,69.92433795712485
T377166,C2625974,MUMBAI,29.65,2073.0,69.91568296795953
T572173,C8014023,FARIDABAD,15.57,1088.55,69.91329479768785
T46159,C7039072,SIVASAGAR,5.15,360.0,69.90291262135922
T722891,C3614172,NEW DELHI,2.69,188.0,69.88847583643123
T468539,C1440425,KANPUR,143.17,10000.0,69.84703499336453
T72492,C6041934,MUMBAI,15.75,1100.0,69.84126984126983
T124454,C4722482,MUMBAI,13.75,960.31,69.84072727272726
T1027475,C8324729,SOLAN,57.53,4017.92,69.84043107943681
T507671,C1533339,BANGALORE,7.16,500.0,69.83240223463687
T995847,C2113417,KOLKATA,28.64,2000.0,69.83240223463687
T702907,C1911132,MUNGER,5.73,400.0,69.80802792321117
T431836,C1513259,NAVI MUMBAI,35.83,2500.0,69.77393245883339
T1022493,C4721752,GURGAON,2.15,150.0,69.76744186046511
T14699,C8819123,BATHINDA,0.43,30.0,69.76744186046511
T16772,C3419181,BATHINDA,0.43,30.0,69.76744186046511
T24060,C1619190,BATHINDA,0.43,30.0,69.76744186046511
T371722,C7282573,KALYANI NAGAR PUNE,0.43,30.0,69.76744186046511
T516724,C8521761,GURGAON,2.15,150.0,69.76744186046511
T360695,C5834916,DELHI,46.73,3260.0,69.76246522576504
T1008349,C8428061,MUMBAI,11.64,812.0,69.7594501718213
T183919,C5313562,MEERUT,151.66,10579.0,69.75471449294474
T950208,C1824617,AHMEDABAD,295.36,20600.0,69.7453954496208
T517035,C2220876,VIZIANAGARAM,17.45,1217.0,69.74212034383955
T778573,C5931626,ROAD PUNE,7.17,500.0,69.7350069735007
T482172,C5013187,DELHI,1.65,115.0,69.6969696969697
T483280,C6313184,DELHI,1.65,115.0,69.6969696969697
T915108,C2611487,NEW DELHI,57.43,4000.0,69.65000870625109
T915664,C1811490,NEW DELHI,57.43,4000.0,69.65000870625109
T325108,C4141928,BANGALORE,3.13,218.0,69.6485623003195
T328114,C1941959,BANGALORE,3.13,218.0,69.6485623003195
T767544,C8998862,DELHI,7.18,500.0,69.63788300835655
T199298,C4612245,SENAPATI,163.12,11358.0,69.62972045120156
T482082,C2329867,DELHI,6.98,486.0,69.62750716332378
T916298,C2323485,MUMBAI,56.56,3937.0,69.60749646393211
T162637,C5611619,NASHIK,4.31,300.0,69.60556844547564
T164162,C3511617,NASHIK,4.31,300.0,69.60556844547564
T260795,C1111454,MORADABAD,2.73,190.0,69.59706959706959
T661240,C3142271,DELHI,5.75,400.0,69.56521739130434
T142342,C4488033,MYSORE,5.25,365.0,69.52380952380952
T240008,C7784862,ERNAKULAM,19.62,1363.96,69.51885830784913
T136883,C8119948,CHENNAI,3.03,210.61,69.50825082508251
T544790,C5618833,NEW DELHI,39.55,2749.0,69.50695322376738
T380180,C3931676,PUNE,2.59,180.0,69.4980694980695
T663114,C5755728,NEW DELHI,9.23,641.0,69.44745395449621
T198572,C4079657,NAVI MUMBAI,5.76,400.0,69.44444444444444
T627781,C8311882,VASHI  NAVI MUMBAI,2.88,200.0,69.44444444444444
T630910,C7511879,VASHI  NAVI MUMBAI,2.88,200.0,69.44444444444444
T664157,C5211867,VASHI  NAVI MUMBAI,2.88,200.0,69.44444444444444
T666165,C8011860,VASHI  NAVI MUMBAI,2.88,200.0,69.44444444444444
T699877,C3211872,VASHI  NAVI MUMBAI,2.88,200.0,69.44444444444444
T734863,C6537379,DELHI,7.2,500.0,69.44444444444444
T983431,C5237332,DELHI,7.2,500.0,69.44444444444444
T747755,C7380921,BANGALORE,30.1,2089.0,69.40199335548172
T644300,C7019960,KOLKATA,86.46,6000.0,69.39625260235948
T766744,C1919948,KOLKATA,86.46,6000.0,69.39625260235948
T137733,C1538077,MUMBAI,2.81,195.0,69.3950177935943
T222516,C1138069,MUMBAI,2.81,195.0,69.3950177935943
T471082,C8738042,MUMBAI,2.81,195.0,69.3950177935943
T852922,C1138076,MUMBAI,2.81,195.0,69.3950177935943
T311617,C1135037,BISHUNPUR,36.02,2499.5,69.39200444197667
T443895,C6613772,GREATER NOIDA,48.68,3378.0,69.39194741166804
T316080,C6514924,DARBHANGA,2.09,145.0,69.37799043062202
T265079,C3012417,PUNE,7.93,550.0,69.35687263556116
T424799,C5812471,PUNE,7.93,550.0,69.35687263556116
T97841,C6422046,SIKAR,4.24,294.0,69.33962264150944
T618060,C7719661,UDAIPUR,24.95,1730.0,69.33867735470942
T58131,C2425226,BANGALORE,21.25,1473.4,69.3364705882353
T247756,C4311063,NEW DELHI,22.4,1553.0,69.33035714285715
T715275,C1130169,NEAR JAIPUR GOLDEN HOSPITAL DELHI,16.59,1150.0,69.31886678722122
T949149,C2336539,KOLKATA,5.54,384.0,69.31407942238268
T485249,C8017041,GURGAON,3.03,210.0,69.3069306930693
T568798,C5232064,PUNE,2.02,140.0,69.3069306930693
T74411,C1635075,JAIPUR,1.14,79.0,69.2982456140351
T78695,C5535077,JAIPUR,1.14,79.0,69.2982456140351
T758670,C3954520,MUMBAI,12.67,878.0,69.29755327545382
T309509,C4530064,AMRITSAR,37.39,2591.0,69.29660336988499
T108000,C7510858,GURGAON,9.38,650.0,69.29637526652452
T507444,C4023789,GUNTUR,6.09,422.0,69.29392446633827
T353013,C8883260,VADODARA,96.7,6700.0,69.28645294725956
T96470,C3537664,SURAT,1.4,97.0,69.28571428571429
T122476,C5015231,GURGAON,23.8,1648.0,69.24369747899159
T154983,C8339460,DELHI,1.3,90.0,69.23076923076923
T627884,C7341170,DELHI,6.5,450.0,69.23076923076923
T780292,C3739485,DELHI,1.3,90.0,69.23076923076923
T376560,C7515683,UTTAR DINAJPUR,28.2,1952.0,69.21985815602837
T987063,C7731657,BENGALOORU,24.43,1691.0,69.2181743757675
T295905,C6431776,MUMBAI,10.1,699.0,69.20792079207921
T262084,C5415824,AHMEDABAD,5.78,400.0,69.20415224913495
T416672,C5827934,NASHIK,6.49,449.0,69.18335901386749
T579876,C6421727,GURGAON,2.15,148.73,69.1767441860465
T682034,C5320873,SRIPERUMBUDUR,0.94,65.0,69.14893617021276
T318902,C8240441,THANE EAST,99.79,6900.0,69.14520493035374
T525131,C8119059,JP NGR 3RD PHASE BANGALORE,18.08,1250.0,69.13716814159292
T626260,C1123182,DELHI,39.07,2700.0,69.10673150755055
T463861,C6636276,DELHI,3.88,268.0,69.0721649484536
T1040566,C1019427,UDAIPUR,1.39,96.0,69.06474820143886
T925151,C5919423,UDAIPUR,1.39,96.0,69.06474820143886
T653570,C2954551,MUMBAI,12.67,875.0,69.06077348066299
T691308,C4531939,THANJAVUR DT,3.23,223.0,69.04024767801857
T1027560,C5626455,MUMBAI,8.3,573.0,69.03614457831324
T1031063,C3041621,LUDHIANA,2.13,147.0,69.01408450704226
T659041,C5416726,MUMBAI,20.55,1418.0,69.00243309002433
T922515,C2228086,MUMBAI,11.64,803.0,68.98625429553265
T255529,C3937181,DELHI,7.96,549.0,68.96984924623115
T183712,C5923261,GAUTAM BUDDHA NAGAR,0.29,20.0,68.96551724137932
T200084,C8993171,KENDRAPARA,2.9,200.0,68.96551724137932
T266525,C4218657,NEW DELHI,7.25,500.0,68.96551724137932
T410186,C4693151,KENDRAPARA,2.9,200.0,68.96551724137932
T428576,C8628683,NOIDA,1.45,100.0,68.96551724137932
T507397,C5523284,GAUTAM BUDDHA NAGAR,0.29,20.0,68.96551724137932
T536427,C5993164,KENDRAPARA,2.9,200.0,68.96551724137932
T548560,C1787060,ZAMEEN PALLAVARAM,2.9,200.0,68.96551724137932
T641596,C6893135,KENDRAPARA,2.9,200.0,68.96551724137932
T837510,C8640674,BHOJPUR,0.87,60.0,68.96551724137932
T944539,C5032562,CHANDIGARH,21.95,1513.35,68.94533029612757
T928163,C7942659,KOLKATA,44.47,3065.0,68.92286935012368
T383878,C2913374,SEONI,13.64,940.0,68.9149560117302
T97895,C3631319,GUWAHATI,92.87,6400.0,68.91353504899321
T988915,C6133983,LUCKNOW,7.44,512.65,68.9045698924731
T251704,C3533961,KHANDWA,12.99,895.0,68.8991531947652
T802032,C5913785,ERNAKULAM,4.26,293.48,68.89201877934273
T15048,C8521768,PUNE,0.45,31.0,68.88888888888889
T572214,C4040674,GUWAHATI,17.42,1200.0,68.88633754305395
T297593,C8836324,ANANTAPUR,28.3,1949.0,68.86925795053003
T939887,C6914182,PATNA,1.67,115.0,68.8622754491018
T1044890,C4981957,BANGALORE,8.22,566.0,68.85644768856447
T72133,C6313115,WEST MIDNAPORE,5.81,400.0,68.84681583476765
T182658,C3571047,SONIPAT,5.87,404.0,68.82453151618398
T73243,C5329289,GURGAON,6.54,450.0,68.80733944954129
T472438,C5412812,GANDHINAGAR,14.52,998.92,68.7961432506887
T807550,C7025412,BIKANER,17.73,1219.0,68.75352509870277
T982233,C4138957,JAIPUR,581.87,40000.0,68.7438774984103
T230196,C7449821,YAMUNANAGAR,18.28,1256.3,68.7253829321663
T744855,C5120563,KHANNA,227.2,15605.0,68.68397887323944
T618224,C3318857,GHAZIABAD,42.47,2917.0,68.68377678361196
T879561,C1427717,NEW DELHI,35.82,2460.0,68.67671691792295
T933277,C6531390,ALMORA,9.69,665.29,68.65737874097007
T187661,C2322034,SIKAR,4.24,291.0,68.63207547169812
T595580,C2042692,GHATKOPAR WEST MUMBAI,15.81,1085.0,68.62745098039215
T462877,C1231987,MUMBAI,12.97,890.0,68.61989205859676
T554209,C5718756,DELHI,13.35,916.0,68.61423220973784
T284618,C3439375,BANGALORE,20.39,1399.0,68.61206473761648
T1028720,C1412312,KANCHEEPURAM,23.32,1600.0,68.61063464837049
T928519,C8088132,MHAPE NAVI MUMBAI,7.94,544.5,68.57682619647355
T448584,C8523583,NOIDA,1.4,96.0,68.57142857142857
T957750,C1914469,MUMBAI,7.0,480.0,68.57142857142857
T890437,C1835290,THIRUVANNAMALAI,32.32,2216.0,68.56435643564356
T864067,C8114112,MUZAFFARPUR,7.57,519.0,68.56010568031704
T83280,C5338084,CHANDIGARH,41.57,2850.0,68.55905701226847
T220166,C2837511,MUMBAI,9.57,656.0,68.54754440961338
T220600,C1337547,MUMBAI,9.57,656.0,68.54754440961338
T1017037,C2717937,PUNE,81.41,5578.96,68.52917332023094
T477887,C6029738,TEHRI GARHWAL,134.65,9225.0,68.51095432603044
T1041195,C7366350,NOIDA,2.92,200.0,68.4931506849315
T24657,C3866341,NOIDA,2.92,200.0,68.4931506849315
T4846,C3834918,NORTH 24 PARGANAS,1.46,100.0,68.4931506849315
T487646,C4729575,DELHI,5.84,400.0,68.4931506849315
T700491,C7066314,NOIDA,2.92,200.0,68.4931506849315
T723048,C4366331,NOIDA,2.92,200.0,68.4931506849315
T752007,C5866338,NOIDA,2.92,200.0,68.4931506849315
T8189,C3966356,NOIDA,2.92,200.0,68.4931506849315
T854668,C2566391,NOIDA,2.92,200.0,68.4931506849315
T956866,C5166369,NOIDA,2.92,200.0,68.4931506849315
T973068,C5166313,NOIDA,2.92,200.0,68.4931506849315
T395880,C3740234,CHENNAI,3.82,261.62,68.4869109947644
T301612,C8016115,MAPUSA,13.95,955.37,68.48530465949821
T977788,C5120677,ALIGARH,41.91,2867.6,68.42281078501551
T978440,C8920636,ALIGARH,41.91,2867.6,68.42281078501551
T979991,C6520636,ALIGARH,41.91,2867.6,68.42281078501551
T899376,C5128053,ALLAHABAD,0.57,39.0,68.42105263157896
T872552,C5836344,SANT RAVIDAS NAGAR,0.19,13.0,68.42105263157895
T1037953,C4032323,PATIALA,292.34,20000.0,68.4134911404529
T821241,C5510927,BANGALORE,16.33,1117.0,68.40171463563993
T825772,C4110940,BANGALORE,16.33,1117.0,68.40171463563993
T203522,C7623553,DELHI,2.15,147.0,68.37209302325581
T334675,C7623528,DELHI,2.15,147.0,68.37209302325581
T605835,C3323514,DELHI,2.15,147.0,68.37209302325581
T690234,C7523524,DELHI,2.15,147.0,68.37209302325581
T800783,C4923518,DELHI,2.15,147.0,68.37209302325581
T975610,C2423521,DELHI,2.15,147.0,68.37209302325581
T978047,C1223529,DELHI,2.15,147.0,68.37209302325581
T730528,C1939839,MUMBAI,11.82,808.0,68.35871404399323
T283481,C3238720,DELHI,6.73,460.0,68.35066864784547
T46395,C1637054,BANGALORE,8.88,606.9,68.34459459459458
T93933,C5333272,HYDERABAD,37.02,2530.0,68.34143706104808
