LocationNormalized,CustomerID,total_spent,transactions,city_rank
GURGAON,C7319271,1560034.99,1,1
PUNE,C6677159,1380002.88,1,1
NEW DELHI,C4141768,991132.22,1,1
MUMBAI,C8217728,724122.0,1,1
KOLKATA,C1830891,720001.16,1,1
NOIDA,C6549785,600008.32,1,1
DELHI,C4328064,569500.27,1,1
PALAKKARAI TRICHY,C5833636,557000.73,1,1
LUDHIANA,C8755262,514320.0,1,1
BANGALORE,C5720892,500000.0,1,1
GATE NO 4 MUMBAI,C7367184,455122.0,1,1
JALANDHAR,C6836340,452400.0,1,1
HYDERABAD,C7525532,450000.0,1,1
SECUNDERABAD,C8935180,448458.0,1,1
MUNCHEN,C5133852,400000.0,1,1
JAIPUR DURGAPURA,C5727148,378415.46,1,1
RAIPUR,C6741078,378006.07,1,1
ANAND,C5140623,326510.0,1,1
MOSQUE COCHIN,C4037656,314000.0,1,1
NAVI MUMBAI,C3845684,278800.18,1,1
CHENNAI,C3332391,265414.0,1,1
MOHALI,C7617430,241596.74,1,1
ORLANDO,C7379252,240927.0,1,1
NAHARLAGUN,C6019474,239080.0,1,1
TRICHUR,C4138048,228000.0,1,1
GARDEN NAVI MUMBAI THANE,C1036548,207520.0,1,1
POWAI,C6839147,206667.0,1,1
JIZAN,C1520865,206500.0,1,1
AGRA,C8734760,200000.0,1,1
COIMBATORE,C4012590,200000.0,1,1
RIYADH,C4530364,200000.0,1,1
THRISSUR,C1835342,200000.0,1,1
NAPERVILLE,C8493485,195400.0,1,1
KANPUR,C5015870,195000.0,1,1
BHUBANESHWAR,C3610020,190000.0,1,1
RAMAPURAM CHENNAI,C6138758,186250.0,1,1
VADODARA,C5416320,182430.0,1,1
GWALIOR,C7715079,180018.0,1,1
INDORE,C5220017,172369.15,1,1
RAJKOT,C5035880,170000.0,1,1
VISAKHAPATNAM,C8621354,169000.0,1,1
GUNTUR,C1131413,167041.46,1,1
PALYA BANGALORE,C8421969,163000.0,1,1
BILASPUR,C2811139,151373.0,1,1
LAKSHMI MEDICALS HOSUR,C3623816,150000.84,1,1
THANE WEST,C3238176,150000.0,1,1
TRICHY,C6461159,150000.0,1,1
AHMEDABAD,C5925648,149999.99,1,1
KARNAL,C2817232,149587.0,1,1
YAMUNANAGAR,C3823911,148405.0,1,1
JAIPUR,C8520573,147677.0,1,1
NASHIK NASHIK NASHIK NASHIK,C6211412,146000.0,1,1
CHANDIGARH,C7684713,145000.0,1,1
HOSPITAL THANE,C2975720,140000.0,1,1
THANE,C1938828,140000.0,1,1
KOCHI,C3721914,137489.0,1,1
EAST SIKKIM GANGTOK,C1132457,136487.0,1,1
HOSPITAL POWAI MUMBAI,C5617752,136000.0,1,1
TALUK BANGALORE,C7035629,134900.0,1,1
VATSALYA GUEST HOUSE HYDERABAD,C2521743,133950.0,1,1
WEST HARTFORD,C2129882,132000.0,1,1
MAYURBHANJ,C5539341,131500.19,1,1
CHOOLAIMEDU,C2423521,131258.5,1,1
BHUJ KUTCH,C8313841,130000.0,1,1
BAREILLY,C7934012,129500.12,1,1
MORADABAD,C8722467,126988.0,1,1
VIJAYWADA,C5624173,126218.34,1,1
GHAZIABAD,C8482859,126000.0,1,1
REWARI,C3421243,125236.26,1,1
FARIDABAD,C6275785,125102.0,1,1
KANPUR NAGAR,C3118512,125000.0,1,1
TOKYO,C5319987,125000.0,1,1
MANIMAJRA,C1678476,123320.0,1,1
TIRUPUR,C8426831,121420.0,1,1
PANCHKULA,C2730440,120000.0,1,1
SHARJAH,C2421550,120000.0,1,1
SHIMLA,C2720416,120000.0,1,1
ROOMFORD,C7911026,117621.0,1,1
NORTH 24 PARGANAS,C7420482,114118.0,1,1
MEERUT,C1520720,112020.0,1,1
ERNAKULAM,C5292473,110000.0,1,1
BHUJ,C8729732,109998.0,1,1
PAONTA SAHIB,C2317359,109817.0,1,1
GAUTAM BUDH NAGAR,C3411651,109500.0,1,1
KHARAR,C8031563,108685.0,1,1
THANE (WEST),C1312250,108590.0,1,1
KHANNA,C6125190,107655.73,1,1
BATHINDA,C4236869,107000.0,1,1
VISAKHAPATNAM URBAN,C5923680,106824.0,1,1
K V RANGAREDDY,C5493028,106500.0,1,1
VIZIANAGARAM,C5511742,105467.0,1,1
RANCHI,C7411953,105000.0,1,1
MILTON KEYNES,C2051690,104478.0,1,1
NASHIK,C8136788,104000.0,1,1
KASHIPUR,C6835839,103796.63,1,1
SANGVI PUNE,C6442662,103707.0,1,1
AURANGABAD,C1926556,103000.0,1,1
SAS NAGAR,C4910773,102797.0,1,1
THIRUVANANTHAPURAM,C8138957,101050.0,1,1
AJNALA,C2031130,100000.0,1,1
ALLAHABAD,C3417852,100000.0,1,1
AZAD NGR SANDOZ BAUGH THANE,C6513062,100000.0,1,1
BIJNOR,C5825878,100000.0,1,1
CUTTACK,C5113440,100000.0,1,1
DHANBAD,C1025924,100000.0,1,1
GURGOAN,C2040573,100000.0,1,1
HOWRAH,C6629680,100000.0,1,1
INDIRAPURAM,C7126336,100000.0,1,1
KURNOOL,C1595215,100000.0,1,1
LUCKNOW,C3234026,100000.0,1,1
MANALI,C7913780,100000.0,1,1
MUKTSAR,C7835542,100000.0,1,1
PANCHWATI APPT ASANSOL,C8127641,100000.0,1,1
PATNA,C5098969,100000.0,1,1
PHASE-01 HINJEWADI PUNE,C7437825,100000.0,1,1
RUPNAGAR,C6140788,100000.0,1,1
SBS NAGAR,C7963238,100000.0,1,1
TEMPLE RAJAMUNDRY,C5928815,100000.0,1,1
TIRUPATI,C7863644,100000.0,1,1
TIRUPPUR,C3710577,100000.0,1,1
VARANASI,C1532338,100000.0,1,1
VASCO,C1714437,100000.0,1,1
WARANGAL,C1631481,100000.0,1,1
BHIWANDI,C6119563,99932.0,1,1
JODHPUR,C2716771,98672.75,1,1
SIGNAL SION E MUMBAI,C1822629,98348.0,1,1
PURAM SAROORNAGAR RANGAREDDY,C1351877,97800.0,1,1
MIRAMAR,C1139979,96046.0,1,1
BENGALOORU,C7031668,95977.0,1,1
BANNERGATTA ROAD BANGALORE,C1510083,95796.0,1,1
PATIALA,C4536713,95456.0,1,1
SAHARANPUR,C3034481,95000.0,1,1
GREATER NOIDA,C3317433,94100.0,1,1
BASINGSTOKE,C6831232,93690.0,1,1
DEHRADUN,C3532586,92000.0,1,1
NAGPUR,C1237539,91576.0,1,1
JAMMU,C7916279,91500.0,1,1
ROHTAK,C6116776,90599.0,1,1
KOTA,C1619070,90265.0,1,1
N M JOSHI MARG LOWER PAREL MUMBAI,C7628228,90189.0,1,1
ADIPUR,C9014285,90000.0,1,1
GUWAHATI,C5938619,90000.0,1,1
PS ABERDEEN PORT BLAIR,C2313758,90000.0,1,1
SAFAT,C6426921,90000.0,1,1
SILCHAR,C2726611,90000.0,1,1
KIGALI,C1933050,89280.0,1,1
FEROZEPUR,C6629385,88967.0,1,1
HAMIRPUR,C8821115,88000.0,1,1
KANNUR,C5710588,86987.0,1,1
AMMIS BIRIYANI BANGALORE,C3139582,85330.0,1,1
KOPPAL,C3111174,85140.0,1,1
BHILWARA,C1811630,83950.0,1,1
KALYAN W,C3730715,83642.0,1,1
FATEHGARH SAHIB,C7916973,82656.0,1,1
SIRKALI,C3840085,82590.0,1,1
RESTAURENT BANGALORE,C7618050,82450.0,1,1
BHOPAL,C1932962,82302.47,1,1
SOUTHALL,C8533246,81800.0,1,1
AJMAN,C6739879,80618.0,1,1
PATPARGANJ,C3616791,80600.0,1,1
NAKODAR,C6010361,80520.0,1,1
BARABANKI,C2827443,80195.0,1,1
DUBAI,C3611015,80184.0,1,1
MAHADEVAPURA VILLAGE BANGALORE,C4010814,80000.0,1,1
SINGAPORE,C3913761,80000.0,1,1
DURGAPUR,C3493123,79998.0,1,1
UDAIPUR,C5511467,79497.52,1,1
SURAT,C4878475,77989.0,1,1
ABU DHABI,C4227048,75644.0,1,1
SAHIB MANDI GOBINDGARH,C3339320,75604.0,1,1
AGARTALA,C8156485,75500.0,1,1
.,C1537978,75199.0,1,1
FIRE BRIGDE MALAD WEST MUMBAI,C7815763,75000.0,1,1
HOOGHLY,C3020414,75000.0,1,1
NR NIMH SECUNDERABAD,C1222891,75000.0,1,1
THIRUVALLUR,C2453739,75000.0,1,1
WEST MUMBAI,C7122676,75000.0,1,1
PRATAPGARH,C5427113,74500.0,1,1
DHAHRAN,C3538464,74000.0,1,1
MOMBASA,C2118915,73464.0,1,1
AMBALA,C2437261,72899.0,1,1
SAHNEWAL,C5626467,72062.0,1,1
LAB TRICHY,C2413585,70270.0,1,1
KUTTOOR PANCHAYATH,C2642864,70000.0,1,1
MADURAI,C6322680,70000.0,1,1
SANPADA,C2437852,70000.0,1,1
SONIPAT,C4727774,70000.0,1,1
VIJAYAWADA,C5675047,69956.0,1,1
NIRJULI,C2017369,69800.0,1,1
RISHIKESH,C3247318,69596.0,1,1
BANGALORE KT,C8530264,68847.0,1,1
INTERIOR FARIDABAD,C3415334,68680.3,1,1
BELAPUR NAVI MUMBAI,C2032788,68492.0,1,1
THANE (W),C2230255,68250.0,1,1
NANGAL,C7118582,66900.0,1,1
VERNA SALCETE GOA,C1227674,66358.0,1,1
VAPI,C6110480,65826.0,1,1
AMRITSAR,C4526737,65399.0,1,1
ZIRAKPUR,C1520529,64998.0,1,1
UJJAIN,C8035839,64900.0,1,1
HAMPTON PARK,C3841522,64716.0,1,1
PORT ELIZABETH,C2029188,64700.0,1,1
CHHATTISGARH,C7354179,64606.0,1,1
KATGHORA,C7942586,64351.0,1,1
NR HERITAGE FRESH HYDERABAD,C1512939,64090.0,1,1
RUDRAPUR,C4526852,63899.0,1,1
CHAMARAJANAGAR,C7857024,63780.0,1,1
BACK SIDE HYDERABAD,C6816955,63700.0,1,1
BOISAR,C3890722,63500.0,1,1
SRINAGAR,C5436618,63378.06,1,1
GONDA,C7329616,63000.0,1,1
ULHASNAGAR,C5830361,63000.0,1,1
TELEPHONE EXCHANGE MUMBAI,C4714766,62719.02,1,1
TRIVANDRUM,C4111920,62500.0,1,1
PHASE BANGALORE,C5430265,62000.0,1,1
ROURKELA,C9010037,62000.0,1,1
HOSUR,C2037336,61990.0,1,1
PETROLBUNK BANGALORE,C7734916,61900.0,1,1
MANDI DABWALI,C3217085,61840.0,1,1
JAMNAGAR,C3034716,61800.0,1,1
THANE W,C5874370,61500.0,1,1
KANCHEEPURAM,C8822387,61389.0,1,1
KATRA,C1815861,61159.19,1,1
MALLESWARAM WEST BANGALORE,C3418060,60937.55,1,1
SONEPAT,C1838492,60166.0,1,1
BHAVNAGAR,C1436480,60000.0,1,1
ENCLAVE HYDERABAD,C3113479,60000.0,1,1
PONDICHERRY,C2726256,60000.0,1,1
PURI,C8012913,60000.0,1,1
STORE HYDERABAD,C2127931,60000.0,1,1
SHAHJAHANPUR,C1129733,59790.0,1,1
THANE EAST,C7139833,59789.0,1,1
YERPEDU,C1631521,59500.0,1,1
JALPAIGURI SILIGURI,C8743988,59097.0,1,1
FUNCTION HYDERABAD,C7719325,59036.0,1,1
ANDHERI EAST MUMBAI,C5115129,58359.0,1,1
KHAR WEST MUMBAI,C7817035,58114.0,1,1
PANIPAT,C7337092,58097.0,1,1
ROAD BANGALORE,C8518154,57995.0,1,1
KADI,C1934733,57696.0,1,1
ANDHERI E MUMBAI,C7357177,57680.05,1,1
OLD AIRPORT MUMBAI,C7341724,57500.06,1,1
NARNAUL,C5716462,57500.0,1,1
MANGALORE,C8166138,57317.0,1,1
DHARUHERA,C5344652,56795.73,1,1
SIRHIND,C8927820,56733.0,1,1
DHURI,C3620432,56500.0,1,1
MOGA,C2338061,56500.0,1,1
AJMER,C1618079,55981.8,1,1
KANDIVALI WEST MUMBAI,C6129864,55980.0,1,1
PHASE I PHINJEWADI PUNE,C2234840,55864.0,1,1
BAMBOLIM,C4817560,55852.0,1,1
CHESTER,C1419746,55745.0,1,1
AMBERNATH,C6961681,55683.46,1,1
STATION BANGALORE,C5527773,55680.0,1,1
RD BANGALORE,C2982670,55306.15,1,1
BHILAI,C1135978,55000.0,1,1
PALAKKAD,C8024847,55000.0,1,1
RAJSAMAND,C1610082,55000.0,1,1
ANNAPOORNESHWARI TEMPLE BANGALORE,C3016744,54540.0,1,1
HALOL,C7519313,54500.0,1,1
ADAMPUR,C7238083,54499.0,1,1
BAHADURGARH (HARYANA),C3320071,54298.0,1,1
JHAJJAR,C6325592,54283.0,1,1
MIRA ROAD E,C3538841,54275.66,1,1
MULUND WEST,C4688124,54040.0,1,1
PORTBLAIR,C6837131,54000.0,1,1
PETLAD,C5640653,53993.0,1,1
GUNJAN GIDC VAPI,C8522740,53011.4,1,1
RAJPURA,C1138667,53000.0,1,1
GHODBUNDER ROAD THANE (W) THANE,C4119823,52664.0,1,1
BHARUCH,C5736459,52660.0,1,1
NAWANSHAHR,C7720928,52459.5,1,1
MAHIM (W) MUMBAI,C3819625,52110.0,1,1
RAMNAGAR,C2827176,51730.0,1,1
PORT HARTCOURT,C7420577,51586.5,1,1
BIKANER,C1527723,51268.0,1,1
INDOORE,C8818054,51025.78,1,1
KOTTAYAM,C7838569,51000.0,1,1
ASANSOL,C2729889,50857.5,1,1
2 THAKUR VILLAGE KANDIVALI  MUMBAI,C5827368,50830.0,1,1
GORAKHPUR,C6624636,50830.0,1,1
DARIBA,C9010776,50750.0,1,1
HUBLI,C5022773,50400.0,1,1
CHITTORGARH,C2140956,50250.0,1,1
KARJAT RAIGAD,C4212683,50170.0,1,1
UDUPI,C5936359,50100.0,1,1
BALOTRA,C1432078,50000.0,1,1
BARAMATI,C3519141,50000.0,1,1
BARIATU ROAD RANCHI RANCHI,C4342235,50000.0,1,1
BARMER,C2234937,50000.0,1,1
BHINMAL,C1813823,50000.0,1,1
BHIWANI,C3914051,50000.0,1,1
CITY PHASE III HARYANA GURGAON,C1435711,50000.0,1,1
COCKEYSVILLE,C6837369,50000.0,1,1
DIST PUNE PUNE,C1120832,50000.0,1,1
FIROZABAD,C3917756,50000.0,1,1
FIROZPUR,C8640218,50000.0,1,1
FREMONT,C4323784,50000.0,1,1
GOHANA,C3268884,50000.0,1,1
JAMSHEDPUR,C5614525,50000.0,1,1
JHANSI,C3241345,50000.0,1,1
KARPEWADI KALYAN E,C1222547,50000.0,1,1
KOLHAPUR,C7337125,50000.0,1,1
MANDI GOBINDGARH,C2026047,50000.0,1,1
MEDAK,C2729934,50000.0,1,1
MYSORE,C5321279,50000.0,1,1
MYSORE RD BANGALORE,C3322447,50000.0,1,1
NAROLI,C2312962,50000.0,1,1
OPP GOVT SCHOOL BANGALORE RURAL,C2333540,50000.0,1,1
OUTERRING ROAD BANGLORE,C3826335,50000.0,1,1
ROORKEE,C6429213,50000.0,1,1
SALEM,C1718722,50000.0,1,1
SARJAPUR HOBLI ANEKAR TAL BANGALORE,C3624967,50000.0,1,1
SATARA,C2940979,50000.0,1,1
SEONI MALWA,C3017838,50000.0,1,1
SIEMENS SHOWROOM BANGALORE,C5633282,50000.0,1,1
SUNNYVALE,C2326348,50000.0,1,1
SURREY,C2125683,50000.0,1,1
TRIVANDRUM TRIVANDRUM,C2012265,50000.0,1,1
USHAGRAM BARDHAMAN ASANSOL,C4635883,50000.0,1,1
VIRAMGAM,C6538040,50000.0,1,1
WEST DELHI DELHI,C2727968,50000.0,1,1
KANGRA,C4242890,49999.0,1,1
MARKET HYDERABAD,C2616924,49999.0,1,1
BHUBANESWAR,C7342847,49913.0,1,1
GURUJI SCHOOL KALEWADI PUNE PUNE,C7931049,49500.0,1,1
MAHENDRAGARH,C7819013,49250.0,1,1
NADIAD,C1976236,49250.0,1,1
RIASI,C2829928,49000.0,1,1
BURDWAN,C1137164,48762.0,1,1
AL QUOZ IND 3,C6142888,48650.0,1,1
PUMP VASHI NAKA CHEMBUR MUMBAI,C8319091,48341.0,1,1
THIROVANANTHA PURAM,C4442625,47990.0,1,1
ANTWERPEN,C4737225,47681.0,1,1
KUALA BELAIT,C7333817,47647.0,1,1
MIRAMAR PANAJI,C5422621,47500.0,1,1
NORTH WEST DELHI,C4330625,47397.0,1,1
PO NONGTHYMAI,C2317785,47292.0,1,1
ALWAR,C7223254,47250.0,1,1
OPP HERITAGE BANGALORE,C1418616,47124.0,1,1
ERODE,C1111945,46705.0,1,1
SHILLONG,C2526743,46450.0,1,1
STAFFORD,C4421676,46354.0,1,1
AXIS BANK HYDERABAD,C4742739,46000.0,1,1
NSW,C2717731,45933.0,1,1
BARDHAMAN DURGAPUR,C7319938,45825.0,1,1
KALYANI,C7012568,45751.0,1,1
RAJAHMUNDRY,C3432528,45680.0,1,1
BACK SIDE BANGALORE,C3924732,45592.35,1,1
CALCUTTA,C4041358,45400.0,1,1
NEVILLE HOUSE MUMBAI,C3925112,45271.0,1,1
DWARKA NEW DELHI,C6212017,45000.0,1,1
GANGTOK,C5141717,45000.0,1,1
PHOENIX HOSPITAL MUMBAI,C3687286,45000.0,1,1
THOOTHUKUDI,C8911031,45000.0,1,1
BEHIND NOORI MASJID MUMBAI,C9024511,44830.02,1,1
MANDIR DHANBAD,C3922625,44712.0,1,1
SINGTAM,C3436987,44540.1,1,1
RAIPUR C G,C4837583,44490.0,1,1
E THANE,C1242962,44370.0,1,1
SHAHBAD,C7429752,44231.0,1,1
SILIGURI,C4331016,44092.0,1,1
JIND,C4433417,44037.0,1,1
MAHALAXMI MUMBAI,C8232254,43959.01,1,1
DENTAL COLLEGE BENGALURU,C4410028,43499.0,1,1
VASAI,C4311016,43491.0,1,1
LUTON,C8834629,43357.0,1,1
SRIPERUMBUDUR,C1815615,43200.0,1,1
CHHINDWARA,C4034533,43040.3,1,1
SILVER SPRING,C1841183,42847.0,1,1
GANDHIDHAM,C4920861,42798.0,1,1
DIMAPUR,C4633166,42570.0,1,1
RANGA REDDY,C1631015,42000.0,1,1
SUPAUL,C3749475,42000.0,1,1
TRICHIRAPALLI,C3141381,42000.0,1,1
VELLORE,C6342092,41800.0,1,1
ANKLESHWAR,C7634415,41760.0,1,1
BORIVILI E MUMBAI,C7025090,41751.0,1,1
DOHA,C7939366,41600.0,1,1
NELLORE,C2029134,41500.0,1,1
TEZPUR,C8419617,41500.0,1,1
SOLIHULL,C7440079,41490.0,1,1
FIRE TEMPLE MUMBAI,C4911137,41373.0,1,1
AMBALA CANTT,C7442374,41295.0,1,1
AMBALA CANTONMENT,C2738854,41269.2,1,1
ANANTAPUR,C3433244,41070.0,1,1
ALIGARH,C6684947,41000.0,1,1
SECTOR-21A FARIDABAD,C6716584,40850.0,1,1
WEST MEDENIPUR,C3440439,40700.0,1,1
PATHANKOT,C1142533,40690.46,1,1
CHEEKA,C4117149,40662.0,1,1
CHIKMAGALUR,C2648790,40350.0,1,1
SHAHEED BHAGAT SINGH NGR NAWANSHAHR,C3741055,40256.0,3,1
DOIMUKH,C1121787,40243.0,1,1
BELGAUM,C5315126,40190.0,1,1
AZAMGARH,C4036981,40000.0,1,1
CANDOLIM,C3623976,40000.0,1,1
DHAR,C6430919,40000.0,1,1
DIST-THANE,C7216363,40000.0,1,1
GAIGHATA,C2314130,40000.0,1,1
GANDHINAGAR,C4681326,40000.0,1,1
GURDASPUR,C8818565,40000.0,1,1
PARK PHASE 01 HINJEWADI PUNE,C3517147,40000.0,1,1
POST VASNA-IYAVA TA SANAND SANAND,C8424156,40000.0,1,1
SRIKAKULAM,C6664943,40000.0,1,1
SURYAPET,C1781950,40000.0,1,1
TIRUCHENDUR,C2841277,40000.0,1,1
VILLUPURAM,C2029336,40000.0,1,1
JEDDAH,C1013788,39700.0,1,1
SHIMOGA,C1020121,39500.0,1,1
SHANKARWALI DELHI,C1529291,39356.0,1,1
SOLAN,C8529447,39262.0,1,1
PALMS HOTEL MUMBAI,C4120015,39255.0,1,1
MAROL MUMBAI,C2138791,39200.0,1,1
GOVANDI MUMBAI,C9010038,39195.1,1,1
GOA VELHA,C8820755,39126.68,1,1
LAGOS,C8516785,39106.74,1,1
DARJEELING,C7312123,38989.0,1,1
PAPUM PARE,C8841085,38970.0,1,1
PUDUCHERRY,C3326580,38799.0,1,1
MALLESHWARAM W BANGALORE,C6141020,38740.0,1,1
KHARAGPUR,C1335442,38655.5,1,1
HARDWAR,C5215220,38655.0,1,1
SIYANA,C6118975,38564.0,1,1
KUWAIT CITY,C4340822,38542.0,1,1
FATEHPUR,C7528036,38499.0,1,1
NAWANSHAR,C1771511,38415.0,1,1
KORAMANGALA 1ST BLOCK BANGALORE,C3034524,38190.72,1,1
KALYAN,C1121318,38000.0,1,1
NAVSARI,C4438151,37989.0,1,1
YES BANK  BOISAR,C3221736,37940.0,1,1
TULIJ SOPARA RD VASAI THANE,C3632213,37900.0,1,1
RAIGAD,C4940127,37789.0,1,1
MASUDI COIMBATORE,C1826351,37735.0,1,1
BHARATPUR,C1185791,37677.0,1,1
TOHANA,C4534940,37639.0,1,1
JHUNJHUNU,C7727370,37570.0,1,1
ANDHERI (W) MUMBAI,C5678326,37473.0,1,1
TEMPLE BANGALORE,C1116623,37430.45,1,1
HARIDWAR,C3828452,37300.0,1,1
JASPUR,C5026466,37101.77,1,1
CALICUT,C8828075,37000.0,1,1
KAPURTHALA,C2751686,37000.0,1,1
REWARI (HARYANA),C1438754,36950.0,1,1
SILVASSA,C8448875,36924.21,1,1
PO BOX 28483 DUBAI,C7015187,36870.0,1,1
OTTAPALAM,C3137850,36602.0,1,1
DAR ES SALAAM,C5224674,36525.0,1,1
KAITHAL,C3730328,36414.0,1,1
JOGESHWARI W MUMBAI,C1822391,36330.0,1,1
MULUND EAST,C5838716,36188.0,1,1
MORMUGAO,C6031265,36000.0,1,1
KAKINADA,C4928561,35989.0,1,1
PILANI,C3810178,35941.0,1,1
SECTORE 50 GURGAON,C7647790,35840.28,1,1
BANUR,C1026277,35812.0,1,1
ANDHERI EAST UMBAI,C7829818,35765.52,1,1
BAIE,C1881789,35700.0,1,1
NEAR HONDAI SHOW ROOM MUMBAI,C9014665,35600.0,1,1
TIRUVALLA,C7939348,35500.0,1,1
NORTH TWENTY FOUR PARGANAS,C4063834,35329.0,1,1
CARDIAC RING ROAD SURAT,C1638983,35059.0,1,1
VASHI,C5327863,35054.05,1,1
BHIWADI,C8648521,35000.0,1,1
CALANGUTE,C7532152,35000.0,1,1
JORHAT,C5341047,35000.0,1,1
MATHURA,C8128766,35000.0,1,1
SHILLLONG,C8920544,35000.0,1,1
SHAHABAD,C1016977,34989.0,1,1
PARGANAS,C1739439,34740.0,1,1
GATE PUNE,C6628976,34690.0,1,1
KANCHEEPURAM DT,C2917288,34572.0,1,1
JATNI,C1114447,34500.0,1,1
SARJAPUR MN RD BANGALORE,C1940451,34500.0,1,1
PANJIM,C3217786,34442.0,1,1
KATIHAR,C1523481,34300.0,1,1
KOPARKHAIRANE THANE,C5818329,34288.0,1,1
MALAPPURAM DT,C8631883,34270.0,1,1
KALEEN,C2270117,34062.0,1,1
KARIMNAGAR,C1630329,34000.0,1,1
MARGAO,C2814369,34000.0,1,1
THIRUVANNAMALAI (DT),C3837373,34000.0,1,1
V V NAGAR,C6532680,34000.0,1,1
M GOBINDGARH,C3324623,33673.0,1,1
ABU DHABI 303,C2321322,33654.0,1,1
MAPUSA,C2321076,33608.0,1,1
ISLAMABAD,C8336279,33500.0,1,1
PANAJI,C9098458,33500.0,1,1
ALAPPUZHA,C8565088,33400.0,1,1
KAVESAR THANE,C5527886,33097.0,1,1
PALACE SILCHAR,C1135257,33077.0,1,1
RAISEN,C5139970,33000.0,1,1
GAS AGENCY BANGALORE,C4636291,32867.12,1,1
SRIPERUMPUDUR,C5138930,32769.0,1,1
KALYAN WEST,C6586562,32700.0,1,1
SION (E) MUMBAI,C2931153,32300.0,1,1
JUNAGADH,C5140871,32200.0,1,1
FLORIDA,C2089244,32173.91,1,1
MANJALPUR VADODARA,C2664459,32049.0,1,1
UNNAO,C6413718,32020.0,1,1
BADARPUR (SOUTH DELHI) NEW DELHI,C2522454,32000.0,1,1
CYBER CITY GURGAON,C2229081,31942.52,1,1
DONALD JAWAHAR NAGAR NEW DELHI,C6033916,31792.0,1,1
NEW SIDDHAPUDUR COIMBATORE,C3122185,31775.0,1,1
TEH GURGAON DISTT GURGAON GURGAON,C7516988,31717.1,1,1
KANCHIPURAM,C6534746,31666.79,1,1
DISTRICT TAMILNADU HOSUR,C8810637,31666.0,1,1
SANAND,C8618019,31550.0,1,1
MOSCOW,C8523758,31500.0,1,1
VASANT KUNJ NEW DELHI,C9013827,31490.01,1,1
UDHAMPUR,C6129576,31490.0,1,1
AGRA ROAD NASHIK,C7577748,31489.12,1,1
THANE THANE,C8535666,31480.0,1,1
MARG LOWER PAREL MUMBAI,C8537034,31350.0,1,1
(EAST) MUMBAI,C3132863,31306.0,1,1
MALAPPURAM,C6120966,31300.0,1,1
KUNDALAHALLI BENGALURU,C7428555,31271.0,1,1
PITAMPURA NEW DELHI,C2727217,31164.0,1,1
COFFEE DAY PUNE,C6924567,31007.0,1,1
NEWDELHI,C2234133,31000.0,1,1
SANCY LAUNDRY BANGALORE,C2140343,31000.0,1,1
RAS TANURA,C6537249,30999.0,1,1
BLDG KOLKATA,C5342857,30940.0,1,1
RAIGARH,C8484231,30900.0,1,1
SCHOOL THANE,C8095760,30800.0,1,1
AGAR,C4742768,30749.6,1,1
GARDEN POWAI MUMBAI,C1340254,30693.0,1,1
TEYNAMPET CHENNAI,C5736430,30692.19,1,1
ITANAGAR,C4537461,30660.0,1,1
KARAULI,C6642650,30634.88,1,1
COCHIN,C5835162,30600.0,1,1
BHAWANI SHANKAR MUMBAI,C8113589,30400.0,1,1
THENI,C5168316,30400.0,1,1
STEELHOUSE HYDERABAD,C7640990,30183.0,1,1
MUKERIAN,C5321655,30173.0,1,1
BUNGLOW ANDHERI W MUMBAI,C7047264,30007.42,1,1
AIZAWL,C4616836,30000.0,1,1
BANTWAL,C5236059,30000.0,1,1
CHHINDWA,C2115911,30000.0,1,1
DIST RAIGARH NAVI MUMBAI,C6013716,30000.0,1,1
DOMBIVALI EAST,C2018656,30000.0,1,1
HAJIPUR,C4917628,30000.0,1,1
HUGLI,C2332368,30000.0,1,1
"JORHAT, ASSAM",C6518391,30000.0,1,1
KALOL,C2254816,30000.0,1,1
MAHESANA,C6241744,30000.0,1,1
NAGAR BANGALORE,C1816465,30000.0,1,1
NEAR TSIC OFFICE AGARTALA,C6313541,30000.0,1,1
PERAMBALUR,C4228645,30000.0,1,1
RESTAURANT PUNE,C6330151,30000.0,1,1
SAMBA,C7011928,30000.0,1,1
SCHOOL CRESCENT HOUSE PUNE,C6916719,30000.0,1,1
SHANI KALI MANDIR KOLKATA,C5833679,30000.0,1,1
TOWERS BANGALORE,C2122451,30000.0,1,1
MIRA RD THANE,C3539139,29990.0,1,1
APPARTMENTS BANGALORE,C4934242,29929.0,1,1
KOZHIKODE,C4012819,29868.0,1,1
SANGRUR,C6125723,29776.13,1,1
IMPHAL EAST,C2861968,29710.0,1,1
MODI NAGAR,C7236081,29647.0,1,1
CMPL SURAT,C4128826,29628.0,1,1
ANDHERI EAST MUMBAI MUMBAI,C1862192,29572.51,1,1
SCHOOL KALYAN W,C8518571,29520.0,1,1
DURG,C1440375,29500.0,1,1
KARUNAGAPPALLY,C3018042,29500.0,1,1
MANDIR PUNE,C2237148,29485.0,1,1
AIZWAL,C5722656,29363.0,1,1
KUWAIT,C1824719,29334.0,1,1
AHMEDNAGAR,C2862020,29187.0,1,1
HSP,C5824836,29050.0,1,1
KOLLAM DISTRICT,C7521939,29000.0,1,1
HADAPSAR PUNE,C6438032,28989.0,1,1
5TH BLOCK KORAMANGALA BANGALORE,C8126819,28954.0,1,1
MUMBAI BB NAKASHE RD,C6627746,28951.0,1,1
DHARWAD,C1429618,28875.0,1,1
BANGALURU,C3430219,28796.0,1,1
AL JUBAIL INSUDTRIAL,C6437179,28759.0,1,1
EAST DELHI DELHI,C2528284,28750.0,1,1
COLONY RANGAREDDI,C6934646,28618.0,1,1
PALI,C1434018,28587.0,1,1
RAJOURI,C5713966,28500.0,1,1
SARAIDHELA DHANBAD,C7831124,28490.51,1,1
SCHOOL HYDERABAD,C1312681,28399.0,1,1
KRISHNA,C1625190,28250.0,1,1
NAINITAL,C1337919,28245.0,1,1
ASF INSIGNIA GWAL PAHARI GURGAON,C2338948,28215.0,1,1
SHIVAJINAGAR PUNE,C6618738,28200.0,1,1
EAST DELHI,C6130746,28165.0,1,1
RPC LAYOUT HAMPINAGAR BANGALORE,C2176763,28012.0,1,1
DADAR EAST MUMBAI,C3225592,28000.0,1,1
MUMBAI M CORP THANE VASHI,C7024041,28000.0,1,1
UMM AL QUWAIN,C2329747,28000.0,1,1
UNION BANK OF INDIA NAGPUR,C1333537,28000.0,1,1
BONGAIGAON,C2216982,27999.0,1,1
CONVENT MUMBAI,C4431218,27999.0,1,1
KANDIVALI EAST MUMBAI,C1731945,27999.0,1,1
KURLA (W) MUMBAI,C2616259,27999.0,1,1
SYDNEY,C3156487,27999.0,1,1
POWAI MUMBAI,C8014488,27998.0,1,1
KADAPA,C3236754,27989.0,1,1
BAHADURGARH,C8343030,27700.0,1,1
CHROMPET KPM,C8719086,27700.0,1,1
VEERA DESAI ROAD MUMBAI,C2716137,27700.0,1,1
PALWAL,C5415260,27650.0,1,1
PATAUDI,C2119153,27600.0,1,1
FEROZEPUR CANTT,C7288653,27585.0,1,1
MURSHIDABAD,C5439146,27550.0,1,1
ANDHERI (EAST) MUMBAI,C1817529,27540.0,1,1
NIPHAD,C7156757,27538.0,1,1
WHITEFIELD BANGALORE,C8720249,27501.0,1,1
PATNA PATNA,C8330735,27500.0,1,1
SUNDARGARH,C4225590,27473.0,1,1
ROHA,C1632182,27471.0,1,1
KRISHNAGIRI,C1063270,27436.0,1,1
GURGAON ROAD GURGAON,C2426135,27400.0,1,1
URBAN VISAKHAPATNAM,C6419084,27363.78,1,1
DHOLPUR,C5138287,27253.0,1,1
BARNALA,C8538376,27225.0,1,1
BOKARO,C4439385,27180.0,1,1
DEPARTMENTAL STORES CHENNAI,C4530652,27004.56,1,1
BENGALURU,C2533382,27000.0,1,1
FARRUKHABAD,C4024533,27000.0,1,1
MIDNAPUR,C1121989,27000.0,1,1
QUEPEM SOUTH,C1440366,27000.0,1,1
RAMSIN,C1839970,26999.0,1,1
NANDED,C6712424,26997.62,1,1
BOMMASANDRA INDL AREA BANGALORE,C2721411,26989.0,1,1
NR METRO STATION BANGALORE,C3515848,26887.0,1,1
KOLAR,C7334458,26885.5,1,1
KOTTAYAM DIST,C4585090,26822.03,1,1
JAGADHRI DIST-YAMUNANAGAR,C8920318,26820.0,1,1
FLYOVER KOLKATTA,C4920518,26750.0,1,1
SANTACRUZ E MUMBAI,C6237924,26620.82,1,1
THIRUVALLA PO,C2311645,26600.0,1,1
KAYAMKULAM,C1835536,26500.0,1,1
MUZAFFARNAGAR,C3572029,26490.0,1,1
KANNIYAKUMARI,C7742432,26400.0,1,1
SADARMANGALA BANGALORE,C6021946,26369.0,1,1
GUNA,C2320226,26315.25,1,1
SAMRUDHDHI BHAVAN RAJKOT,C5716631,26306.0,1,1
BACHPALLE K V RANGAREDDY,C9074331,26268.0,1,1
MESAIEED,C6340552,26265.0,1,1
DEOLALI NASHIK,C7512251,26215.0,1,1
VISHALI OPP DABUR GHAZIABAD,C2044811,26180.0,1,1
ILFORD,C5441280,26102.0,1,1
DIST-RAE BARELI,C5733848,26000.0,1,1
DISTT REWARI,C7573821,26000.0,1,1
GZB,C1821385,26000.0,1,1
KAMALCHHOD,C5064450,26000.0,1,1
TUMKUR,C3025567,25989.0,1,1
JEWELLERS DELHI,C4727341,25870.8,1,1
ON KALYAN ROAD NAVI MUMBAI,C7437564,25860.0,1,1
KURLA ROAD ANDHERI EAST MUMBAI,C2241316,25800.0,1,1
RAJGARH,C7213016,25788.0,1,1
AYODHYA NGR NAGPURAYODHYANGR NAGPUR,C1941242,25784.0,1,1
OFFICE BANGALORE,C7918673,25746.0,1,1
MANDIR THERGAON PUNE CITY PUNE,C7921415,25710.0,1,1
AMBARNATH THANE,C5442033,25674.0,1,1
SANPADA THANE NAVI MUMBAI,C3236351,25572.0,1,1
DHARAMSHALA,C6836450,25570.0,1,1
JEWELLERS HYDERABAD,C7629685,25540.0,1,1
BANDRA WEST MUMBAI,C5041372,25513.0,1,1
WEST BADLAPUR,C7241957,25500.0,1,1
PASCHIM CHAMPARAN,C1215079,25427.51,1,1
BANJARA HILLS HYDERABAD,C7324262,25400.0,1,1
AKOLA,C6128114,25300.0,1,1
BANK NAGPUR,C8425034,25290.0,1,1
CBD BELAPUR NAVI MUMBAI,C7929234,25273.0,1,1
DASUYA,C4323448,25235.0,1,1
THANE NR RATNAKAR BANK THANE,C7491574,25235.0,1,1
BALLIA,C3819667,25214.0,1,1
FLY OVER PUNE,C7845720,25178.0,1,1
NAMAKKAL,C2192847,25122.0,1,1
JAGATSINGHPUR,C4613633,25070.0,1,1
DEWAS,C1341192,25004.0,1,1
AL KHOBAR,C7931640,25000.0,1,1
ASHFIELD,C4662640,25000.0,1,1
B S CITY,C9015965,25000.0,1,1
COMMERCE JOGESHWARI WEST MUMBAI,C3523547,25000.0,1,1
DAUSA,C1122751,25000.0,1,1
DIST REWARI,C1130821,25000.0,1,1
GAMDEVI MUMBAI,C1489483,25000.0,1,1
GAUTAM BUDHA NAGAR,C8884067,25000.0,1,1
GUNTUR DIST,C4233561,25000.0,1,1
HARDOI,C3120976,25000.0,1,1
KALYAN (W) KALYAN,C3612672,25000.0,1,1
KASARWADAVALI POLICE STATION THANE,C3117356,25000.0,1,1
KURLA WEST - MUMBAI,C1234474,25000.0,1,1
MADHAPAR,C7810313,25000.0,1,1
MARGAO SOUTH GOA,C6838325,25000.0,1,1
MOIRA NORTH GOA,C2744384,25000.0,1,1
NASIRABAD,C1742473,25000.0,1,1
ROAD SAKINAKA MUMBAI,C8627017,25000.0,1,1
SABARKANTHA,C7832740,25000.0,1,1
SAKINAKA MUMBAI,C5110152,25000.0,1,1
TEHRI GARHWAL,C7028546,25000.0,1,1
TILAKPUR,C5915877,25000.0,1,1
VASHI NAVI MUMBAI,C8664227,25000.0,1,1
YAMUNA NAGAR,C4512621,25000.0,1,1
HOTEL MUMBAI,C6937965,24980.0,1,1
WEST GODAVARI,C5916290,24843.33,1,1
HERNDON,C5424155,24776.0,1,1
HAZARI BAG,C3930566,24713.0,1,1
RENIGUNTA,C3535761,24708.0,1,1
EMBASSY BANGALORE,C8836212,24637.55,1,1
PERNAMBUT,C8214048,24538.54,1,1
BUS STOP CHENNAI,C4940338,24437.0,1,1
VASAI WEST THANE,C8712219,24350.0,1,1
RANGAREDDI,C6527990,24300.0,1,1
PEN DIST RAIGAD,C8329090,24276.0,1,1
PUNDARI,C3768471,24250.0,1,1
SUDAMA CHOWK SURAT,C7056186,24240.31,1,1
BOLPUR,C1372351,24197.0,1,1
MARG KURLA MUMBAI,C4237151,24162.27,1,1
DAMAN,C4940574,24162.0,1,1
MAHALINGAPURAM CHENNAI,C3428171,24136.0,1,1
BAINSI,C2120871,24000.0,1,1
NASIK,C6636349,24000.0,1,1
SOUTH 24 PARGANAS,C5094663,24000.0,1,1
STOCKHOLM,C2713668,24000.0,1,1
NARIMAN POINT  MUMBAI,C4319157,23932.0,1,1
CUDDALORE,C5220113,23900.0,1,1
HAWRAH,C1641654,23847.0,1,1
PASCHIM MEDINIPUR,C7712659,23809.0,1,1
KURUKSHETRA,C5934248,23793.0,1,1
NILGIRIS,C4916582,23752.28,1,1
G B NAGAR,C3525034,23750.0,1,1
DAPORIJO,C2817265,23726.0,1,1
KOLLAM,C8598853,23691.0,1,1
MUMBAI MUMBAI,C8584392,23650.0,1,1
CHIDAMBARANAR,C1040719,23614.0,1,1
HIGHWAY MUMBAI,C3988251,23600.0,1,1
IRVING,C5533227,23491.0,1,1
MAHIPALPUR NEW DELHI,C4980150,23462.0,1,1
COLLEGE KOLKATA,C1415018,23375.0,1,1
NAGAR MUMBAI AGRA RD NASHIK,C2432929,23345.0,1,1
ROAD SAKET NEW DELHI,C4212723,23341.0,1,1
COVENTRY,C8274167,23299.0,1,1
ROPAR,C6718758,23236.0,1,1
NO 26/1 MALLESHWARAM,C7634676,23234.26,1,1
RESTAURANT JAIPUR,C3310145,23189.0,1,1
PETER ENGLAND SHOWROOM BANGALORE,C8315545,23161.0,1,1
HOSPITAL KALANAGAR BANDRA E MUMBAI,C8932665,23007.0,1,1
AUSTIN,C7317280,23000.0,1,1
BAPAT MARG LOWER PAREL MUMBAI,C6564492,23000.0,1,1
CYPRESS,C4016385,23000.0,1,1
PANVEL,C8234079,23000.0,1,1
HATHRAS,C5526056,22990.0,1,1
KAMRUP,C8214314,22926.0,1,1
DABHADE TALUKA MAVAL,C5522880,22900.0,1,1
WEST DELHI,C7411428,22811.0,1,1
VARACHHA UTRAN ROAD SURAT SURAT,C5777732,22755.0,1,1
HEADQUARTER NAVI MUMBAI,C5936454,22742.0,1,1
POST BANGALORE,C2425261,22675.0,1,1
BAZAAR BANGALORE,C2332534,22644.0,1,1
TIRUPATHI,C1536967,22644.0,1,1
BLOCK KORAMANGALA BANGALORE,C6733776,22631.0,1,1
"DIMAPUR, NAGALAND",C1539445,22573.0,1,1
BANASHANKARI2ND STAGE,C3037570,22500.0,1,1
MASTEK BLDG NAVI MUMBAI,C1777662,22500.0,1,1
DWARKA NASHIK,C2626312,22430.0,1,1
BHANDARA,C4761476,22253.0,1,1
N DELHI,C5626172,22249.0,1,1
SAMBHAJI GARDEN MUMBAI,C3632746,22245.0,1,1
NODIA,C6531015,22225.0,1,1
IDUKKI,C6538068,22127.0,1,1
KOTHIKODE,C7316117,22070.0,1,1
BANSWARA,C6835029,22000.0,1,1
ESTATE ALAPKKAM CHENNAI,C1814436,22000.0,1,1
GATE NO 1 AND 2 BASEMENT DELHI,C1622242,22000.0,1,1
W MUMBAI,C3145549,22000.0,1,1
FATEHABAD,C7221212,21994.0,1,1
IMPHAL,C6235971,21990.0,1,1
HERITAGE HYDERABAD,C1010253,21968.0,1,1
DHAMPUR,C1427076,21934.38,1,1
GAYA,C4342530,21900.0,1,1
NALLASOPARA E,C7899892,21900.0,1,1
ANDHERI ROAD ANDHERI EAST MUMBAI,C3418576,21789.0,1,1
URBAN) MUMBAI,C6334582,21789.0,1,1
ERANAKULAM,C5930741,21779.73,1,1
KALYANA MANDAPAM COIMBATORE,C1316211,21698.0,1,1
OPP SONAL BUILDING MUMBAI,C1629287,21650.0,1,1
CHOWK OPP INDRALOK RESI SURAT,C4623520,21600.0,1,1
BULANDSHAHR,C7311265,21500.0,1,1
STAR THANE,C7328285,21450.0,1,1
RANGAREDDY HYDERABAD,C5714033,21448.0,1,1
NEARTO MANTRI MALL BANGALORE,C8641142,21444.0,1,1
PAREL BHOIWADA MUMBAI,C1635572,21440.0,1,1
KARKARDUMA,C5721225,21413.06,1,1
BANGALORE BANGALORE,C1630858,21330.0,1,1
DL NEW DELHI,C7829841,21330.0,1,1
ASHISH HOTEL PANCHVATI AHMEDABAD,C8619346,21315.0,1,1
WRZESNIA,C4488674,21230.06,1,1
THANE (EAST),C3480945,21199.0,1,1
BADLAPUR E,C2696026,21152.0,1,1
DERABASSI,C3313963,21150.0,1,1
TREES VERSOVA ANDHERI W MUMBAI,C3026471,21066.6,1,1
RAGHOBHA TALIM JAVALIL KOLHAPUR,C5742044,21039.0,1,1
BELLARY,C8299673,21000.0,1,1
BORIVALI EAST MUMBAI,C3021921,21000.0,1,1
DOMBIVALI,C8911423,21000.0,1,1
JOGESHWARI (EAST) S O MUMBAI,C2322457,21000.0,1,1
PALLAVARAM SUB POST OFFICE CHENNAI,C7125544,21000.0,1,1
HYDERABAD AP,C7426161,20990.0,1,1
DHARMAPURI,C4837770,20989.0,1,1
DOMBIVILI WEST VISHNUNAGAR THANE,C1534534,20989.0,1,1
SIVAGANGAI DT,C6033414,20980.0,1,1
CHAKALA ANDHERI EAST MUMBAI,C4019657,20931.0,1,1
HOSPITAL ASANSOL,C6333613,20900.0,1,1
JABALPUR,C8314764,20886.0,1,1
KORAMANGALA IST BLOCK BANGALORE,C1331626,20800.0,1,1
KUALALUMPUR,C4619861,20737.0,1,1
HOSHIARPUR,C7718747,20704.0,1,1
AREA PHASE 1 NEW DELHI,C5013524,20700.0,1,1
MAIN ROAD BANGALORE,C8215160,20698.01,1,1
BODEKDEV,C5691475,20574.0,1,1
BAPAT MARG ELEPHISTONE RD W MUMBAI,C3789785,20546.26,1,1
JAJPUR,C6116672,20500.0,1,1
MANAMA,C4829052,20500.0,1,1
TALEIGAO,C2042336,20500.0,1,1
PUNE CITY,C3013050,20440.0,1,1
TOWER HYDERABAD,C5231845,20402.0,1,1
S KOTA,C4981186,20378.0,1,1
KEELKATTALAI CHENNAI,C5541028,20333.5,1,1
ANDHERI (E) MUMBAI,C1211123,20330.0,1,1
LAYOUT PH 1 MALLATHAHALLI BANGALORE,C8835890,20235.56,1,1
BHARAT PETROLEUM CHENNAI,C1941643,20233.0,1,1
MANDPESHWAR MUMBAI,C7022652,20196.0,1,1
SWAMI SAMARTH NGR ANDHERI W MUMBAI,C5813091,20189.0,1,1
PARWANOO,C5839176,20164.0,1,1
SALALAH,C4127417,20127.0,1,1
AMBEDKAR NAGAR,C3124385,20099.0,1,1
BANTVAL,C3625417,20082.0,1,1
BAGHPAT,C1942313,20050.0,1,1
BALAGHAT,C7436067,20000.0,1,1
BANDRA E MUMBAI,C7311666,20000.0,1,1
BARDEZ,C6230550,20000.0,1,1
CHAMRAJNAGAR,C5815672,20000.0,1,1
CHIRALA,C7114886,20000.0,1,1
COLLAGE THANE,C2226575,20000.0,1,1
DIPPOO NEW DELHI,C5475985,20000.0,1,1
FACTORY ANDHERI E MUMBAI,C7622891,20000.0,1,1
FARIDABAD NIT,C1842985,20000.0,1,1
GAUTAM BUDDHA,C1420317,20000.0,1,1
HINDUSTAN NAKA KANDIVALI (W) MUMBAI,C7013911,20000.0,1,1
HOSPITAL MUMBAI,C4130073,20000.0,1,1
IMPHAL WEST,C5739038,20000.0,1,1
JACOB CIRCLE MUMBAI MUMBAI,C2722479,20000.0,1,1
KANCHIPURAM DT,C6015135,20000.0,1,1
MELBOURNE,C8842014,20000.0,1,1
NALANDA,C6120522,20000.0,1,1
NAVIMUMBAI,C7083557,20000.0,1,1
NORTH EAST DELHI,C8515452,20000.0,1,1
PINJORE,C5830327,20000.0,1,1
PURBO MEDINIPUR,C2631073,20000.0,1,1
RAJGURUNAGAR PUNE,C6131778,20000.0,1,1
ROAD MANGALORE,C4327533,20000.0,1,1
ROAD PUNE,C4535381,20000.0,1,1
SANAPADA,C5211347,20000.0,1,1
SCHOOL MUMBAI,C4212389,20000.0,1,1
STAND OJHAR (MIG),C5214684,20000.0,1,1
SURYAPET NALGONDA,C5117546,20000.0,1,1
THANE - W,C4823653,20000.0,1,1
TIRUCHIRAPPALLI,C8520279,20000.0,1,1
TIRUPATI URBAN,C2225786,20000.0,1,1
WARANGAL WARANGAL,C5116775,20000.0,1,1
VASCO DA GAMA,C1114257,19989.0,1,1
THE NILGIRIS,C3419854,19900.0,1,1
KANCHIPURAM (DT),C4213536,19876.0,1,1
PONDA,C2740016,19876.0,1,1
LALITPUR,C7013473,19840.0,1,1
DENA BANK RADHANPUR ROAD MEHSANA,C4316611,19800.0,1,1
KOTAK MAHINDRA BANK BANGALORE,C6196325,19797.0,1,1
NEEMRANA,C3741283,19793.1,1,1
REWA,C4329079,19790.0,1,1
VADODARA VADODARA,C1732760,19786.0,1,1
GREATAR NOIDA,C2428268,19743.0,1,1
TALKIES BHIWANDI,C6511451,19674.75,1,1
STAND LUCKNOW,C6924090,19630.35,1,1
DIST JAMNAGAR JAMNAGAR,C5427170,19600.0,1,1
JALGAON,C2820873,19580.0,1,1
PEN,C5516749,19579.0,1,1
NEAR PASSPORT OFFICE PATNA,C2635020,19571.0,1,1
RAICHUR,C5837774,19570.0,1,1
SANGUEM SOUTH GOA,C4312023,19547.0,1,1
BENGALORE,C6259720,19500.0,1,1
CHIPLUN,C1612549,19500.0,1,1
RESIDENCY SECUNDERABAD,C1225411,19500.0,1,1
BANGA,C7019747,19409.0,1,1
OPP MCDONALDS MUMBAI,C7229711,19389.34,1,1
TIRUVALLUR,C8624417,19294.0,1,1
KALYAN (WEST),C7940189,19288.0,1,1
KUNDANAHALLI BROOKFIELD BANGALORE,C3218560,19250.0,1,1
BADDI,C4716739,19240.64,1,1
FONTENAY AUX ROSES,C4331470,19200.0,1,1
CUNCOLIM,C2938265,19185.0,1,1
PHASE-1 SOUTH DELHI,C2214614,19100.0,1,1
S O NERUL NODE III THANE,C3154515,19052.0,1,1
NJEEZHOOR,C2635641,19000.0,1,1
VIJAYAWADA (URBAN),C7615782,19000.0,1,1
YEOLA,C8140030,19000.0,1,1
CENTRE BANGALORE,C3937379,18989.0,1,1
DHENKANAL,C6012961,18989.0,1,1
FUJAIRAH,C8879132,18989.0,1,1
HOTEL BACK SIDE CHENNAI,C6741374,18989.0,1,1
KAIRA,C8730726,18989.0,1,1
NANGANALLUR CHENNAI,C4725973,18989.0,1,1
PETROL PUMP NR YES BANK SURAT,C5916217,18989.0,1,1
TIRUVANNAMALAI,C5842937,18989.0,1,1
VLR DT,C8622951,18989.0,1,1
BARODA,C8536089,18976.01,1,1
PALLY HYDERABAD,C4132332,18976.0,1,1
OMKAR JEWELLERS THANE,C5715832,18960.02,1,1
PORBANDAR,C6036931,18908.0,1,1
GOPALGANJ,C3840269,18900.0,1,1
NEDUNGADAPALLY,C6321130,18900.0,1,1
ANANTNAG,C2238689,18894.0,1,1
BHAGALPUR,C2724139,18856.0,1,1
MORINDA MORINDA,C7173174,18810.0,1,1
PORT BLAIR,C5935230,18804.0,1,1
ULSAN,C1012378,18691.0,1,1
BOKARO STEEL CITY,C1414428,18685.0,1,1
KOCHI ERNAKULAM,C5834015,18594.0,1,1
CIRCE PAPUMPARE NAHARLAGUN,C5467176,18550.0,1,1
HOSHANGABAD,C8226387,18525.0,1,1
EXCHANGE SONIPAT,C7729150,18492.0,1,1
DARYA GANJ NEW DELHI,C5161019,18490.0,1,1
GATE DARIYAPUR AHMEDABAD,C4318531,18470.0,1,1
THIRUVALLA,C3921739,18321.0,1,1
KHEKRA,C5617120,18241.0,1,1
BEGUSARA,C4224055,18233.0,1,1
24 PARGANAS NEW RAIPUR,C1742465,18231.0,1,1
KALYAN THANE,C3738838,18231.0,1,1
VIRGONAGAR POST BANGALORE,C4617214,18212.0,1,1
GRAM PANCHAYTH HYDERABAD,C5836914,18189.0,1,1
GODHRA,C4542190,18172.0,1,1
OPP CALIFORNIA PIZZA BANGALORE,C3826190,18159.0,1,1
MANTAR RD DELHI,C3515543,18112.0,1,1
PACHALAM,C7014768,18099.5,1,1
VIRUDHUNAGAR,C3233590,18080.0,1,1
TEMPLE CHENNAI,C2615949,18070.0,1,1
BKC MUMBAI,C3516324,18038.0,1,1
ADILABAD,C4019746,18000.0,1,1
ALTO PORVORIM,C6733718,18000.0,1,1
BANGKOK,C4311154,18000.0,1,1
DENTAL COLLEGE BANGALORE,C1190454,18000.0,1,1
EAST MUMBAI,C1124963,18000.0,1,1
KALWA WEST THANE,C3823476,18000.0,1,1
KARKALA,C6433783,18000.0,1,1
KODERMA,C9035114,18000.0,1,1
KOIL SALEM,C6537426,18000.0,1,1
SUBANSIRI,C2911960,18000.0,1,1
KURLA W,C7737629,17998.0,1,1
JVPD VILE PARLE W MUMBAI,C1313434,17995.0,1,1
S O MUMBAI,C1842928,17990.01,1,1
GANJAM,C5525686,17990.0,1,1
ANGERIPALAYAM TIRUPUR RURAL C,C7013269,17950.0,1,1
AMEERPET HYDERABAD,C2614511,17822.0,1,1
TANK HYDERABAD,C6038911,17820.0,1,1
SANGOLDA,C2421349,17752.0,1,1
GAUTAM BUDDHA NAGAR,C1986421,17719.0,1,1
CALICUT PUTHIYARA,C7129115,17687.0,1,1
PAKKAM CHENNAI,C3929836,17680.0,1,1
CHANDRAPUR,C2336167,17665.78,1,1
AZAD NAGAR THANE,C5925772,17639.04,1,1
SURENDRANAGAR,C5720833,17629.0,1,1
MUMABI,C5915457,17621.0,1,1
BARDDHAMAN,C7432274,17600.0,1,1
CUDDALORE DT,C9042538,17600.0,1,1
SISA STORE BANGALORE,C8132925,17513.0,1,1
CHITTO0R,C3955262,17500.0,1,1
TEHSIL THANE THANE,C6329035,17500.0,1,1
MADDUR,C8176326,17499.0,1,1
OLDHAM,C2034349,17499.0,1,1
VERNA,C6810965,17497.0,1,1
DUNDAHERA GURGAON,C2417865,17490.0,1,1
NEW MUMBAI,C7323375,17445.0,1,1
ALWARDAS GROUND VISAKHAPATNAM,C7731536,17441.0,1,1
BISTUPUR JAMSHEDPUR,C5825930,17440.0,1,1
NR LOTUS POND HYDERABAD,C5247732,17420.0,1,1
JHALAWAR,C4913177,17400.0,1,1
SURGUJA,C1431577,17258.0,1,1
ROAD NASHIK,C1434952,17242.0,1,1
ROAD DADAR WEST MUMBAI,C7728743,17196.0,1,1
BAGALKOT,C6419333,17195.0,1,1
MOTOR HYDERABAD,C5428165,17109.0,1,1
FARIDKOT,C7525888,17090.0,1,1
JUICE CENTER ANDHERI W MUMBAI,C6528870,17066.0,1,1
ROAD EAST THANE,C4635511,17066.0,1,1
HEIDENHEIM,C1337781,17020.51,1,1
ALWAL HYDERABAD,C1633765,17000.0,1,1
KANDIVALI E MUMBAI,C7329791,17000.0,1,1
SCHOOL CHENNAI,C6818913,17000.0,1,1
SOUTH DELHI,C7819625,17000.0,1,1
URAN,C1039160,17000.0,1,1
VITTHAL UDYOG NAGAR,C6314053,17000.0,1,1
TOTAL SUPERSTORE BANGALORE,C6618248,16950.0,1,1
RAJAMUNDRY,C3037851,16945.0,1,1
SOUTH WINDSOR,C5710311,16910.0,1,1
COURT HYDERABAD,C2937649,16861.0,1,1
EAST GODAVARI,C8513642,16850.0,1,1
BIRBHUM,C8529518,16840.0,1,1
NR APNA BAZAR MUMBAI,C2411059,16795.0,1,1
SARAN,C6723721,16790.0,1,1
SIVASAGAR,C5639090,16786.0,1,1
HALIYAL,C8235360,16758.0,1,1
ANNA FLYOVER CHENNAI,C8634084,16756.71,1,1
NEAR GHODBUNDER VILLAGE  THANE,C8217539,16746.91,1,1
JALPAIGURI,C1022551,16702.0,1,1
BAWAL,C4616691,16669.0,1,1
ANATAPUR,C2725492,16650.67,1,1
SOUTH DELHI DELHI,C6323589,16562.0,1,1
COLONY ULGOOR  BANGALORE,C7942467,16501.0,1,1
ELPHINSTONE ROAD (W) MUMBAI,C2057919,16500.0,1,1
NARAYANA TEMPLE BANGALORE,C6632139,16500.0,1,1
RUWI,C4080126,16500.0,1,1
M GARH MAHENDERGARH,C2024672,16489.0,1,1
CHAKALA ANDHERI (E) MUMBAI,C6021081,16433.0,1,1
KANYAKUMARI DIST,C8116521,16430.0,1,1
BISHAP HOUSE RAJKOT,C4958422,16390.0,1,1
MUSCAT,C6221823,16388.0,1,1
ROAD HYDERABAD,C3217778,16300.0,1,1
BRIDGE PUNE,C6531336,16297.0,1,1
MATHRUSHREE HOTEL BANGALORE,C3435855,16294.0,1,1
NIZAMABAD,C4817286,16226.0,1,1
SCHOOL AHMEDABAD,C6314650,16221.0,1,1
NEARUL (W) NAVI MUMBAI,C8129158,16212.0,1,1
KOIL BACK SIDE CHENNAI,C3531013,16200.0,1,1
KALWA KALWA THANE,C4824715,16199.0,1,1
NADIA,C8634334,16188.0,1,1
DMUMBAI,C6729345,16174.0,1,1
VARCA,C5936954,16173.0,1,1
DELHI NEW DELHI,C4740722,16158.0,1,1
ABAMBAJI DHAM MUMBAI,C7814040,16114.2,1,1
COLABA MUMBAI,C4030244,16100.0,1,1
STAINES,C2221260,16100.0,1,1
COONOOR,C1142129,16098.0,1,1
ADUGODI POST BANGALORE,C7935875,16061.0,1,1
AIRPORT RD BANGALORE,C1517716,16048.0,1,1
PNEW DELHI,C8569019,16018.0,1,1
CHOWK GURGAON,C1739118,16014.0,1,1
MB ROAD NEW DELHI,C2729371,16004.0,1,1
AURAIYA,C4249049,16000.0,1,1
BALONGI,C4214286,16000.0,1,1
GOREGAON (E) MUMBAI,C7511591,16000.0,1,1
HAZARIBAGH,C1082441,16000.0,1,1
KAMSHET PUNE,C2632421,16000.0,1,1
KHEDA,C6424725,16000.0,1,1
KULLU,C6126284,16000.0,1,1
TARAPUR,C3755314,16000.0,1,1
UTTAR PRADESH,C2912781,16000.0,1,1
EDISON,C7621069,15999.0,1,1
2ND RABODI THANE,C3511660,15990.0,1,1
KANDIVALI (W) MUMBAI,C8662484,15990.0,1,1
NADACKAL,C5442611,15990.0,1,1
SECTOR 30A VASHI NAVI MUMBAI,C8039773,15990.0,1,1
WEST BENGAL,C1530836,15990.0,1,1
BANKA,C7863618,15966.0,1,1
ROAD NUNGAMBAKKAM CHENNAI,C3638152,15925.0,1,1
GHODBUNDER ROAD OWALE THANE,C3512087,15908.57,1,1
PORVORIM,C3317276,15900.0,1,1
GADCHIROLI,C5082648,15814.0,1,1
NATURALS SPA TIRUAPTHI,C3693388,15802.0,1,1
BANDRA (EAST) MUMBAI,C6025520,15800.0,1,1
EAST CHAMPARAN,C1514531,15800.0,1,1
PARRAMATTA,C8936735,15750.0,1,1
YESHWANTHPURA BANGALORE,C8440784,15746.0,1,1
PARK PHASE 1 HINJEWADI PUNE,C1833637,15741.0,1,1
MIRA ROAD,C2639948,15731.0,1,1
NERUL NODE III THANE,C7919880,15718.71,1,1
MALLESHPALYA MAIN RD BANGALORE,C2438946,15709.0,1,1
USMANABAD,C5511379,15600.0,1,1
GHAZIZABAD,C4314661,15590.25,1,1
JOGESHWARI WEST MUMBAI,C2289949,15564.0,1,1
PARAVOOR,C5562439,15548.0,1,1
BAPAT MARG LOWER PAREL WORLI MUMBAI,C4138628,15500.0,1,1
BAZAR THANE,C1540715,15500.0,1,1
CHEMBUR MUMBAI,C2485878,15500.0,1,1
KICHHA,C9028515,15500.0,1,1
MADHUBANI,C3935650,15500.0,1,1
MALDA,C4519554,15500.0,1,1
WADALA EAST MUMBAI ANTOP HILL,C8166249,15500.0,1,1
ADHANUR,C3638240,15499.0,1,1
SINDRI,C3840568,15492.0,1,1
HUKKERI,C6231170,15471.0,1,1
AMBALA CITY,C2725823,15464.0,1,1
(E) MUMBAI,C8920245,15457.0,1,1
OPP TO RAJARATHINAM STADIUM CHENNAI,C3524616,15432.0,1,1
RANGA REDDY SECUNDERABAD,C4114675,15400.0,1,1
VILLA PUNE,C4265222,15400.0,1,1
RD E CITY MIRA BHAYANDAR MCL THANE,C5510249,15393.0,1,1
HOOFDDORP,C5811982,15385.0,1,1
GUDUVANCHERRY KANCHEEPURAM,C1786469,15377.0,1,1
ANDHERI-E MUMBAI,C7860364,15352.15,1,1
TIRUNELVELI,C7333023,15350.0,1,1
JUBAIL,C6540369,15302.0,1,1
NAGAPATTINAM,C7335146,15290.0,1,1
SHAMSHABAP RANGAREDDY,C5022342,15277.0,1,1
NEW BOMBAY,C3033037,15253.51,1,1
VALSAD,C6922336,15225.0,1,1
TEMPLE SURAT,C1729349,15215.0,1,1
MIDNAPORE,C2315579,15200.0,1,1
BUSINESS PARK BANGALORE,C5236655,15194.0,1,1
ALUVA,C5590778,15140.0,1,1
ANDHERI KURLA ROAD ANDHERI E MUMBAI,C5740736,15140.0,1,1
KUNDLI SONEPAT,C2931791,15130.0,1,1
PALGHAR,C1042785,15130.0,1,1
ROYAPETTAH,C1518057,15129.0,1,1
THANJAVUR,C6532017,15100.0,1,1
VIDISHA,C3350632,15100.0,1,1
NEVILLE HOUE MUMBAI,C5242015,15099.0,1,1
KASARAGOD,C2686381,15094.0,1,1
JACOB CIRCLE MUMBAI,C8590584,15078.6,1,1
THODUPUZHA,C2310654,15050.0,1,1
ANDUL,C2215372,15000.0,1,1
ARWAL,C6955988,15000.0,1,1
BANTWAL TQ,C4125948,15000.0,1,1
BEHROR,C2536476,15000.0,1,1
CANTT AMBALA CANTT,C5831479,15000.0,1,1
DIST. THANE,C5819727,15000.0,1,1
EAST VASAI THANE,C7212755,15000.0,1,1
HOSPITAL HYDERABAD,C7162643,15000.0,1,1
JAIL ROAD NASHIK,C5023120,15000.0,1,1
MANDVI,C7222287,15000.0,1,1
MARATHAHALLI COLONY BANGALORE NORTH,C1540254,15000.0,1,1
MARATHALLI OUTER RING RD BANGALORE,C2823386,15000.0,1,1
MUSSOORIE,C6025341,15000.0,1,1
PAREL MUMBAI,C8137715,15000.0,1,1
QUEPEM SOUTH GOA,C8819944,15000.0,1,1
ROHINI,C2634672,15000.0,1,1
SAMRU BAUG BHIWANDI,C1113815,15000.0,1,1
SANGHOL,C6130330,15000.0,1,1
SENAPATI,C6212289,15000.0,1,1
VASAI (WEST),C5515686,15000.0,1,1
WEST THANE,C1299791,15000.0,1,1
BUILDING MADHAPUR HYDERABAD,C2337129,14999.0,1,1
COLONY MUMBAI,C7710713,14999.0,1,1
FORT MUMBAI,C8836222,14999.0,1,1
MUVATTUPUZHA,C4467056,14999.0,1,1
ROAD VARTHUR HOBLI BANGALORE,C5229811,14999.0,1,1
SANTA CLARA,C3555647,14999.0,1,1
SOUTH WEST DELHI,C3671779,14999.0,1,1
KHANDWA,C1839138,14998.0,1,1
SONBHADRA,C3326932,14998.0,1,1
PROPERTY DEALER ST NO-12 LUDHIANA,C6615211,14994.0,1,1
SECTOR 21 KHARGHAR NAVI MUMBAI,C7978856,14990.5,1,1
CHURACHANDPUR,C3223741,14990.0,1,1
DAHISAR (E) MUMBAI,C7810426,14990.0,1,1
SIKAR,C5326527,14980.0,1,1
SAS NAGAR MOHALI,C5223430,14974.99,1,1
STOP MUMBAI,C8815240,14958.0,1,1
DERA BASSI,C8437656,14950.0,1,1
NAGDA UJJAIN,C6411871,14940.0,1,1
PANCHUKULA,C2622824,14913.0,1,1
RESTAURANT BANGALORE,C7734464,14900.0,1,1
KALKA,C1816186,14889.0,1,1
(W) MUMBAI,C8229165,14880.0,1,1
NAGAR MALAD (EAST) MUMBAI,C7418360,14868.0,1,1
MAPUSA (GOA),C2747860,14862.0,1,1
CHANDRAGIRI,C8642252,14841.0,1,1
MHAPE NAVI MUMBAI,C2930281,14840.0,1,1
UDUMALPET TIRUPUR (DT),C2213070,14840.0,1,1
APT BANGALORE,C6842491,14823.0,1,1
MUMBAI (SUB URBAN),C8525366,14800.0,1,1
TIRUVANNAMALAI TK,C2133267,14800.0,1,1
BRUXELLES,C7829613,14794.0,1,1
SIWAN,C6135876,14750.0,1,1
BENGLURU,C1130438,14721.0,1,1
KURLA RD ANDHERI EAST MUMBAI,C2138945,14700.0,1,1
TIRUCHIRAPALLI DT,C5019517,14700.0,1,1
VILLAGE VARTHUR HOBLI BANGALORE,C5314134,14699.0,1,1
OF INDIA KANPUR,C7627084,14678.0,1,1
GOREGAON (W) MUMBAI,C7038830,14672.0,1,1
MCKINNEY,C3828075,14600.0,1,1
ASSONORA NORTH GOA,C6227662,14560.0,1,1
DEORIA,C7922131,14537.7,1,1
KHUNTI,C8424236,14527.0,1,1
PIMPRI PF PUNE,C3973066,14520.0,1,1
CBE LTD NIL QUEENS ROAD BANGALORE,C4618719,14516.0,1,1
SHAMSHABAD,C1318765,14514.0,1,1
TIHIDI,C8013712,14503.97,1,1
FIRE BRIGADE ROAD NAVI MUMBAI,C9010918,14500.0,1,1
KATEMANIVALI THANE,C2519473,14500.0,1,1
LAKHMPUR KHIRI,C7618213,14500.0,1,1
MUTHAPUDHUPET,C8325368,14500.0,1,1
NR ICICI BANK ANDHERI W MUMBAI,C2836560,14495.0,1,1
NIIMB POST BANGALORE,C1290353,14473.0,1,1
SAHARANPUR DHAKDEI,C3240264,14450.0,1,1
BODELI,C3138821,14449.0,1,1
6 DWARKA NEW DELHI,C3636019,14440.14,1,1
COURTRESS D STREET CHENNAI,C3317857,14434.0,1,1
VILLAGE MUMBAI,C2112860,14395.0,1,1
HAJI ALI WORLI MUMBAI,C7024878,14392.0,1,1
SHUJALPUR,C5926770,14382.0,1,1
JAMIA NAGAR,C6728823,14375.5,1,1
NEEMUCH,C8514170,14367.13,1,1
HATFIELD,C8121278,14360.0,1,1
RANGAREDDY,C8938838,14324.0,1,1
KODAGU,C2351038,14299.0,1,1
HOSPITAL LANE AMEERPET HYDERABAD,C4611621,14280.0,1,1
MUSLMAN SONIPAT,C6930263,14272.0,1,1
SAHIBJADA AJIT SINGH NAGAR,C8511429,14250.0,1,1
KORATTY P O THRISSUR,C5421187,14200.0,1,1
KGF,C1922974,14174.0,1,1
GOVERNMENT TIN SCHOOL BANGALORE,C2017511,14166.0,1,1
RUWI MUSCAT,C7436457,14150.0,1,1
SANTACRUZ EAST MUMBAI,C3331451,14110.0,1,1
KURLA ROAD ANDHERI (E) MUMBAI,C3911835,14099.0,1,1
TYRES CHENNAI,C3895513,14099.0,1,1
POINT PANCHKULA,C5938319,14079.0,1,1
KRISHNA HIGH SCHOOL HYDERABAD,C1424630,14047.0,1,1
KURLA ANDHERI RD MUMBAI,C2837786,14021.0,1,1
BARGARH,C8650890,14000.0,1,1
CHAKAN ROAD PUNE,C2910842,14000.0,1,1
CHISOPANI,C1816071,14000.0,1,1
GANGAPUR RD NASHIK,C8954940,14000.0,1,1
HAVELI NR PRIDE ASHIYANA PUNE,C7863163,14000.0,1,1
KALYANI NAGAR PUNE,C4731733,14000.0,1,1
MARGHERITA,C4827992,14000.0,1,1
PETROL PUMP THANE,C1441456,14000.0,1,1
SATIVALI VASAI EAST PALGHAR,C7682663,14000.0,1,1
SCHOOL MOHANPUR,C4329944,14000.0,1,1
STATION BATALA,C8228687,14000.0,1,1
GANA,C3515178,13990.0,1,1
BIRMINGHAM,C6035367,13970.0,1,1
ESTATE WORLI NAKA MUMBAI MUMBAI,C5014021,13900.0,1,1
VILUPPURAM,C4519212,13898.0,1,1
373078374 PO BOX 48865 DUBAI,C3630242,13873.0,1,1
E MUMBAI,C4446539,13868.0,1,1
KESHPUR,C2217445,13838.27,1,1
LAMINGTON ROAD MUMBAI,C6833551,13829.0,1,1
NEW MARKET KOLKATA,C4115958,13800.0,1,1
KUALA LUMPUR,C6035454,13773.0,1,1
ROAD NAGPUR,C5511451,13770.0,1,1
PATHANAMTHITTA,C7757974,13750.0,1,1
SULUR,C7814071,13650.0,1,1
CORPORATION BANK KOLKATA,C1934812,13645.0,1,1
BADARPUR DELHI,C4724259,13635.02,1,1
CHIKKABALLAPUR,C7111614,13610.0,1,1
BANAGALORE,C7335817,13600.0,1,1
VAISHALI,C8623759,13588.0,1,1
PALGHAR DIST THANE BOISAR,C7436172,13567.0,1,1
ANEKAL TALUK BANGALORE,C4731930,13540.0,1,1
DIKSHIT RAIPUR,C2110625,13531.0,1,1
DAIMOND DIST BANGALORE,C6776487,13526.0,1,1
GHATKOPAR EAST RAJAWADI MUMBAI,C2239192,13505.0,1,1
PO BOX 250310 RIYADH,C2342587,13505.0,1,1
OXFORD SCHOOL MUMBAI,C1637428,13502.0,2,1
BETUL,C2670441,13500.0,1,1
GAJAPATI,C3377235,13500.0,1,1
KALYAN WEST THANE,C4792773,13500.0,1,1
MUZAFFARPUR,C5115331,13500.0,1,1
PHAGWARA,C3715128,13500.0,1,1
SATNA,C5628057,13500.0,1,1
UDUMBANCHOLA,C1187223,13500.0,1,1
GULBARGA,C7538212,13496.0,1,1
OSMANABAD,C3032521,13446.0,1,1
KUKATPALLY TIRUMALAGIRI HYDERABAD,C7834720,13400.0,1,1
SIMDEGA,C4473616,13400.0,1,1
PANTNAGAR,C6842656,13399.0,1,1
TRIPUNITHURA,C7321835,13386.0,1,1
INDUSTRI MUMBAI,C1619640,13358.0,1,1
NALGONDA,C3739920,13304.0,1,1
MAHALUNGE PUNE PUNE,C1220723,13300.0,1,1
THOOTHUKKUDI,C7453148,13300.0,1,1
CENTRE MUMBAI SUB URBAN,C4215347,13298.0,1,1
GATE BANGALORE,C2346127,13296.0,1,1
DISTRICT RAJASMAND,C4010958,13289.0,1,1
JOGESHWARI WEST,C2739537,13268.0,1,1
KHARGHAR NAVI MUMBAI,C3124173,13225.5,1,1
BOMMANAHALLI BANGALORE,C5824448,13206.0,1,1
EAST SINGBHUM,C8041239,13200.0,1,1
FLYOVER ANDHERI (E) MUMBAI,C2722985,13198.0,1,1
LAKHIMPUR,C6653079,13192.0,1,1
ENCLAVE ROAD SAKET DELHI,C4526671,13180.0,1,1
RICHARDS TOWN BANGLORE,C6737942,13160.0,1,1
YALVATTI,C8541937,13112.2,1,1
SAUDAGAR PUNE,C5124011,13103.16,1,1
NAVRANGPURA AHMEDABAD,C6137643,13070.0,1,1
ASSAGAO,C1820382,13057.0,1,1
HOSTEL VENGALRAO NGR HYDERABAD,C2841089,13040.0,1,1
UMTA,C7112067,13040.0,1,1
WINES CHARLAPALLY HYDERABAD,C7620133,13040.0,1,1
NORBURY,C4740375,13036.0,1,1
GOREGAON EAST MUMBAI,C5835958,13010.0,1,1
BADLAPUR (E) BADLAPUR,C5296629,13000.0,1,1
DOMBIVALI WEST VISHNUNAGAR THANE,C2618760,13000.0,1,1
DUMKA,C7739520,13000.0,1,1
GOA,C2512183,13000.0,1,1
INTERNATIONAL SCHOOL HYDERABAD,C6436178,13000.0,1,1
RAJAHMUNDRY URBAN,C1720627,13000.0,1,1
SHAHDARA,C4933570,13000.0,1,1
CULCUTTA,C4923832,12990.0,1,1
KANCHRAPARA,C6837529,12990.0,1,1
TO APOLO PHARMACY BANGALORE,C7222560,12990.0,1,1
HIMATNAGAR,C2483558,12985.0,1,1
SAMRALA,C4638636,12978.51,1,1
BLOCK 3 BANGALORE,C4612084,12960.0,1,1
JAYABHEVI KAMAN HYDERABAD,C5115235,12944.55,1,1
HONGKONG,C8026377,12916.0,1,1
LAKHISARAI,C8812865,12900.0,1,1
MITHANAGAR CHENNAI,C4427326,12900.0,1,1
CURCHOREM,C4429468,12898.0,1,1
SCHOOL KOLKATA,C2928336,12895.0,1,1
HARAPANALLI,C8027591,12878.0,1,1
DISTT GURGAON,C1337418,12874.84,1,1
JALLANDHAR,C8119225,12857.0,1,1
NODE NAVI MUMBAI,C4885784,12781.0,1,1
MURUGESHPALLYA BANGALORE,C5629280,12749.0,1,1
BEGUMPET HYDERABAD,C6722080,12745.0,1,1
NAGAR MUMBAI,C1817062,12735.0,1,1
MAHADEV TEMPAL SURAT,C7016761,12709.0,1,1
VARANASI VARANASI,C6243545,12702.0,1,1
BANDRA EAST MUMBAI,C7922235,12700.0,1,1
HUDA,C6811471,12686.0,1,1
MARSEILLE,C7432453,12680.0,1,1
OPPOSIT-CITY MALL KOLKATA,C8162841,12670.0,1,1
KR PURAM BANGALORE,C4940844,12668.0,1,1
ELPHINSTONE ROAD W MUMBAI,C3642892,12653.0,1,1
BADLAPUR,C5824379,12648.0,1,1
CARANZALEM,C2935387,12640.0,1,1
BAZAR PRINCESS STREET MUMBAI,C2324416,12630.0,1,1
AMRAVATI,C7936234,12600.0,1,1
CENTRAL DELHI DELHI,C8718764,12600.0,1,1
D MART BANGALORE,C8932125,12600.0,1,1
RING ROAD SURAT,C3211825,12600.0,1,1
MARG MUMBAI,C3427886,12595.0,1,1
RANIGANJ,C4630921,12550.0,1,1
UNA,C3612317,12549.36,1,1
PEN RAIGAD,C1517941,12545.0,1,1
GRANT RD EAST MUMBAI,C4657220,12540.0,1,1
TIPTUR,C4814850,12534.3,1,1
SCHOOL BANGLORE,C5978659,12530.0,1,1
MAARSSEN,C1437475,12516.35,1,1
PANDARE,C3539676,12500.0,1,1
WARDHA,C8510969,12499.0,1,1
PUMP PUNE,C3121850,12496.0,1,1
TOLLYGUNJ FIRE STATION KOLKATA,C1733016,12488.01,1,1
GOVT SCHOOL BHILAKHEDI,C2139924,12447.5,1,1
GREEN APARTMENT NEAR BANGALORE,C5825731,12440.0,1,1
VILLIVAKKAM CHENNAI,C5319556,12438.0,1,1
KHORDHA,C4422250,12402.0,1,1
NEAR MASJID GHATKOPAR EAST MUMBAI,C7137162,12400.0,1,1
VASAI WEST,C8519433,12399.0,1,1
HAYES,C2818578,12382.0,1,1
SEEPZ MUMBAI,C8613181,12378.0,1,1
NAGRI,C2132950,12365.0,1,1
ANDHERI W MUMBAI,C5524444,12363.0,1,1
KURLA W MUMBAI,C4616851,12357.0,1,1
TILAK BHAVAN MUMBAI,C2819960,12321.0,1,1
(DT) HOSUR,C8211074,12300.0,1,1
ANDROTH,C5919425,12270.0,1,1
NAGAR GOREGAON WEST MUMBAI,C8517730,12240.0,1,1
270 PLOT NO 4 RAJKOT,C5323191,12238.4,1,1
GR NOIDA,C7540090,12215.0,1,1
CONGRESS GROUNDS CHENNAI,C2027075,12212.0,1,1
MUDURAI,C8732818,12200.0,1,1
SUBURB BANGALORE,C3030665,12190.0,1,1
GAUTTAM BUDH NAGAR,C6013686,12189.0,1,1
"BHIWADI, HARCHANDPUR",C5417116,12183.0,1,1
PATNAGARH,C4410351,12140.0,1,1
QADIAN,C1235965,12140.0,1,1
CIVIL LINE NAGPUR,C4313549,12138.0,1,1
VASAI ROAD WEST,C2772157,12130.0,1,1
OPP RD CHENNAI,C5334536,12127.0,1,1
CASH AND CARRY KOLKATA,C2313814,12125.0,1,1
S NO 79-B BHIWANDI,C4177545,12123.83,1,1
DINDIGUL,C8921736,12100.0,1,1
KHAMMAM (ANDHRA PRADESH),C5615939,12080.0,1,1
MUKTSAR SAHIB,C4233831,12029.0,1,1
TRICHY URBAN,C1934751,12025.02,1,1
MARKET BANGALORE,C1219632,12019.0,1,1
COMPLEX LONAVALA,C6531516,12000.0,1,1
EVARARD NAGAR SION(E) MUMBAI,C2019970,12000.0,1,1
GANESH TEMPLE PUNE,C6122688,12000.0,1,1
KURUKSHETA,C2614092,12000.0,1,1
LOWER PAREL MUMBAI,C8533655,12000.0,1,1
MARGAO SALCETE,C4522126,12000.0,1,1
NEWAI,C2833546,12000.0,1,1
PATPARGANJ DELHI,C8598433,12000.0,1,1
SEHORE,C3229025,12000.0,1,1
SIRMAUR,C2820823,12000.0,1,1
TEMPLE VISAKHAPATNAM,C7437742,12000.0,1,1
AMETHI,C2584043,11999.0,1,1
BALLISTERNATH PAI SCHOOL MUMBAI,C2031087,11999.0,1,1
BELAGAVI,C4434886,11999.0,1,1
COLLEGE KANPUR,C6820376,11999.0,1,1
HAORA,C8235273,11999.0,1,1
HISAR,C8425145,11999.0,1,1
JALORE,C5081290,11999.0,1,1
MARKS SCHOOL NEW DELHI,C8233690,11999.0,1,1
NANJANGUD,C4230376,11999.0,1,1
SINDHUDURG,C7536179,11999.0,1,1
SUMERPUR,C3433061,11998.0,1,1
JCI KAMOTHE RAIGARH NAVI MUMBAI,C4536592,11995.0,1,1
SOUTH TRIPURA,C8820534,11990.01,1,1
VIKASKENDRA NAVI MUMBAI,C4213918,11990.01,1,1
COLONY PUNE,C6018958,11990.0,1,1
LOWER DIBANG VALLEY,C2210124,11990.0,1,1
SAFED POOL MUMBAI,C5536311,11990.0,1,1
TEHRI,C9073933,11990.0,1,1
ERLANGEN,C7629046,11985.0,1,1
CHOURAHA PATNA,C8224866,11977.0,1,1
CENTER HYDERABAD,C7735533,11976.81,1,1
NORTH 24 PGS,C8619451,11940.0,1,1
ZONE WHITEFIELD BANGALORE,C1029929,11931.53,1,1
WALTHAM,C2926670,11923.0,1,1
KAILASH SOUTH DELHI NEW DELHI,C3161424,11890.24,1,1
LANDHRAN,C8827948,11875.0,1,1
STYLE BANGALORE,C5239436,11866.7,1,1
SRIPERUMBUDUR TK KANCHEEPURAM,C8942711,11832.0,1,1
OPP HOTEL SHABRI MUMBAI,C8077142,11808.0,1,1
DONA PAULA,C3337111,11800.0,1,1
MUKUNDAPUR KOLKATA,C4515042,11800.0,1,1
KHURD PUNE,C3134415,11760.0,1,1
DEVANAHALLI BANGALORE,C8731211,11741.0,1,1
HENDERSON,C3942489,11736.0,1,1
CARMONA,C3080142,11726.0,1,1
HSR LAYOUT BENGALURU,C3815979,11718.5,1,1
MAU,C8719415,11700.0,1,1
PLAZA THANE,C3510477,11700.0,1,1
TRIVANDRUM THIRUVANANTHAPURAM,C3133460,11700.0,1,1
ABU ROAD,C3215757,11698.0,1,1
DWARKA (DELHI),C8035658,11692.0,1,1
BANGALROE,C3025043,11690.0,1,1
MAHILPUR,C6579119,11690.0,1,1
MOOSAPET HYDERABAD,C2135492,11690.0,1,1
RD NO 2 GOREGAON (E) MUMBAI,C3936058,11690.0,1,1
DOMBIVILI,C6142344,11679.0,1,1
SAMASTIPUR,C7665087,11650.0,1,1
SPRINGS BANGALORE,C1620645,11639.0,1,1
ABOHAR (FEROZEPUR),C6858223,11618.0,1,1
LOWER PAREL W MUMBAI,C3079033,11617.0,1,1
MADHEPURA,C4619076,11611.0,1,1
NAGAR ADUGODI POST BANGALORE,C6798280,11605.0,1,1
COMPA COLA MUMBAI,C1299026,11599.0,1,1
RANGIA,C2028772,11590.0,1,1
DIST VALSAD OPP LIC OFFICE VAPI,C4041667,11582.0,1,1
VILLAGE K R PURAM HOBLI BANGALORE,C3024945,11564.0,1,1
DHARAMSALA DHARAMSALA,C5964090,11500.0,1,1
NEAR HUSKUR GATE BANGALORE,C6691676,11500.0,1,1
SIRIFORT ROAD NEW DELHI,C2819511,11500.0,1,1
CHANDAULI,C1213940,11499.0,1,1
RATANGARH,C5638445,11498.0,1,1
BIDHANNAGAR,C8335082,11484.0,1,1
PHILLAUR,C8213725,11468.7,1,1
NR TV9 OFFICE MUMBAI,C2721858,11466.0,1,1
ADAMBAKKAM,C4514965,11450.0,1,1
DUBLIN,C1042419,11450.0,1,1
GARHSHANKAR,C1511140,11450.0,1,1
GORAYA,C4932223,11450.0,1,1
JAGADHARI,C5116041,11450.0,1,1
MANINAGAR,C5512563,11450.0,1,1
POONAMALLI,C7614632,11440.0,1,1
DHANBAD JHARIA,C1033120,11408.0,1,1
PASCHIM MEDINIPUR KHARAGPUR,C7917522,11399.0,1,1
PORUORIM,C3229236,11397.0,1,1
TALEIGAD,C6729219,11390.0,1,1
SALCETE SOUTH GOA,C2840578,11380.0,1,1
GARDEN GHAZIABAD,C1415181,11361.0,1,1
PADEKAR GAS NASHIK,C7140512,11360.0,1,1
THORAIPAKKAM CHENNAI,C7839227,11354.78,1,1
LAYOUT BANGALORE,C4214873,11340.0,1,1
VISHNUNAGAR KALYAN THANE,C5014963,11303.0,1,1
BABA BAKALA,C2190240,11300.0,1,1
HASSAN,C8843657,11300.0,1,1
IVERKALA,C8420614,11300.0,1,1
NAGERCOIL,C2384575,11300.0,1,1
PARK PHASE-I HINJEWADI PUNE,C5237712,11300.0,1,1
PATHANKOT [PB],C2183247,11300.0,1,1
SHAHID BHAGAT SINGH NAGAR,C1519260,11300.0,1,1
SALBONI MIDNAPORE W,C5223357,11295.0,1,1
POINT MUMBAI,C8532071,11274.0,1,1
UKHRUL,C1023961,11264.06,1,1
ENTERPRISE KOLKATA,C3224320,11241.0,1,1
NALAGARH,C1422435,11232.0,1,1
BHATINDA,C1636688,11222.0,1,1
GIURGAON,C6033232,11200.0,1,1
STAGE BANGALORE,C7819865,11150.0,1,1
BANGLORE,C5463031,11147.65,1,1
ANIK DEPOT MUMBAI,C5232377,11138.0,1,1
ANANDNAGAR AHMEDABAD,C1811684,11130.0,1,1
RAIGARH (MH) PANVEL,C7234525,11115.0,1,1
HSG SOC PUNE,C2044242,11113.0,1,1
NAGAWARA BANGALORE,C4139945,11100.0,1,1
NIKETAN BUILDING NAVI MUMBAI,C6041217,11100.0,1,1
MIRZAPUR,C2323967,11099.0,1,1
KALIKAMBAL KOIL PARRYS CHENNAI,C5128371,11070.0,1,1
PHASE-1 GURGAON,C2013485,11062.72,1,1
MUMBAI PAREL,C5886223,11044.0,1,1
NAGAR PUNE,C2342651,11025.0,1,1
KALYAN E,C6225420,11012.0,1,1
AHMADNAGAR,C4232118,11000.0,1,1
DELHI DELHI,C6728165,11000.0,1,1
DUKIRKLINE,C2188337,11000.0,1,1
KALWA W THANE,C7819655,11000.0,1,1
MALVERN,C4932731,11000.0,1,1
NALGONDA DIST,C8042416,11000.0,1,1
NR TULSI BUNGLOWS AHMEDABAD,C2731868,11000.0,1,1
SRIVILLIPUTHUR,C6412651,11000.0,1,1
TALEGAON,C2432524,11000.0,1,1
TINSUKIA,C6180886,11000.0,1,1
(W)  MUMBAI,C3133817,10999.0,1,1
BANASKANTHA,C3234892,10999.0,1,1
BHOJPUR,C1931436,10999.0,1,1
RAEBARELI,C5825744,10999.0,1,1
ROAD AIROLI NAVI MUMBAI,C3213089,10999.0,1,1
TIRUPATI CHITTOOR DIST,C5534972,10999.0,1,1
DAVANGERE,C6210728,10998.0,1,1
SUBHASH MARG C SCHEME JAIPUR,C8921569,10975.0,1,1
LBS MARG THANE W THANE,C7427953,10955.0,1,1
MURBAD KALYAN,C5623751,10914.0,1,1
ESTATE ANDHERI (W) MUMBAI,C7389266,10906.0,1,1
REPUBLIC DEMOCRATIC OF CANGO,C2237679,10900.0,1,1
KOLIWADA WORLI COLONY MUMBAI,C6310948,10890.0,1,1
PART II DELHI,C6532615,10871.9,1,1
WAYANAD,C9084443,10870.0,1,1
ANDHERI (W) OSHIWARA MUMBAI,C1419621,10869.0,1,1
WHARF RESTAURNT BANGALORE,C4587214,10864.0,1,1
BSNL TELEPHONE OFFICE VAPI,C1612281,10844.0,1,1
CHAMPA,C7233449,10833.33,1,1
OF INDIA ABIDS BRANCH HYDERABAD,C7733125,10820.85,1,1
IND ESTATE JOGESHWARI W MUMBAI,C7221843,10800.0,1,1
SULTANPUR,C1527835,10800.0,1,1
CITY PO BANGALORE,C3524526,10798.07,1,1
SANTACRUZ MUMBAI,C6140239,10798.0,1,1
GARDEN RD JOGESHWARI WEST MUMBAI,C1939952,10796.0,1,1
SCHOOL KHARAGPUR,C6937414,10782.0,1,1
NAVI MUMBAI PANVEL,C1725145,10750.0,1,1
BURWOOD EAST,C4224871,10746.0,1,1
AMBEDKAR NGR POLICE STN SOUTH DELHI,C7032311,10741.0,1,1
WAYNAD,C2219941,10726.71,1,1
JAIL ROAD NASHIK ROAD NASHIK,C3322816,10718.1,1,1
DIST-GANDHINAGAR,C3533359,10700.0,1,1
SENDHWA,C2248989,10700.0,1,1
MULUND MUMBAI,C7134216,10696.0,1,1
VA 22079 3463,C6028977,10688.0,1,1
NR BANK OF BARODA MUMBAI,C8813148,10660.0,1,1
JUNCTION BANGALORE,C2342989,10653.0,1,1
PERUNGUDI CHENNAI,C8053671,10622.0,1,1
GANGANAGAR,C6991063,10613.0,1,1
THEATRE BENGALURU,C4818065,10605.0,1,1
HALDWANI,C7141616,10598.0,1,1
KALYANAMANDAPAM HYDERABAD,C1637833,10586.0,1,1
HOSPITAL VIKHROLI E MUMBAI,C7615378,10566.0,1,1
ROAD  BANGALORE,C5239433,10554.0,1,1
DEOPUR DHULE,C3923212,10550.0,1,1
BILEKHALE BANGALORE,C6126551,10543.71,1,1
NAGAR OKHLA NEW DELHI,C5138443,10531.0,1,1
ITANGAR,C5615625,10500.0,1,1
MARRIAGE GARDEN JAIPUR,C6932892,10500.0,1,1
N T PUNE,C6933462,10500.0,1,1
NAKA MUMBAI,C1335278,10500.0,1,1
SURYAPET NALGONDA(DIST),C2520287,10500.0,1,1
SANJOSE,C5929468,10492.0,1,1
RIIHIMAKI,C1659963,10466.4,1,1
PETHE GHOKHALE ROAD THANE (W),C4937928,10452.0,1,1
PERINTHAALMANNA,C6333888,10450.0,1,1
RATNAGIRI,C2331137,10424.0,1,1
".-PURAM, BANGALORE",C3381480,10419.83,1,1
KOTA BALLABH BARI,C8633675,10417.22,1,1
ST THANE,C8338673,10400.0,1,1
ANUGUL,C8910622,10378.17,1,1
KALYAN EAST,C8666061,10370.0,1,1
MAHIM MUMBAI,C2515148,10370.0,1,1
THIRUVALLUR DT,C7460936,10354.0,1,1
KAHIRE MARG WORLI MUMBAI,C7516450,10348.0,1,1
RAMGARH,C2813352,10348.0,1,1
MAL JALPAIGURI,C6166231,10343.0,1,1
WIRRAL,C6823147,10333.0,1,1
W BEHIND JANGLESHWAR MANDIR MUMBAI,C8131073,10309.0,1,1
MARKET SANJAY GRAM RD GURGAON,C7541229,10306.0,1,1
CHACKAN,C5619531,10300.0,1,1
RAJGANGPUR,C1313818,10250.0,1,1
CURTORIM,C6313435,10244.0,1,1
MAHAMAYA NAGAR,C1017144,10234.0,1,1
ANDHERI MUMBAI,C8519819,10200.0,1,1
BASHEER BAGH HYDERABAD,C4017869,10200.0,1,1
LONDON,C3514419,10200.0,1,1
VIMANAPURA BANGALORE,C1817734,10199.0,1,1
DEVONSHIRE,C6319390,10196.55,1,1
TELANGANA,C2731022,10187.5,1,1
SHAHPURA,C4414627,10184.0,1,1
AMESTERDAM,C7337568,10159.0,1,1
NOWGONG,C8419216,10150.0,1,1
BAHRAICH,C3238858,10122.0,1,1
INDIA OFFICE RANCHI,C3938224,10101.0,1,1
NOIDA SEC 77,C1533638,10100.0,1,1
VAN UDYAN MUMBAI,C6211229,10088.0,1,1
PRAKASAM DIST (AP),C1663471,10065.0,1,1
THALASSERY,C8428580,10056.0,1,1
DAHANU,C7610934,10050.0,1,1
KAKINADA EAST GODAVARI,C8329534,10050.0,1,1
SANTACRUZ (W) MUMBAI,C8826069,10050.0,1,1
BHOLATH,C4110959,10024.0,1,1
THIRUVALLUR DIST,C5837388,10021.0,1,1
CHURCHANPUR,C7040516,10020.0,1,1
KACHOHALLI VILLAGE BANGALORE,C7810345,10011.0,1,1
KURALI,C8127652,10011.0,1,1
(MCORP) 1/C NR HOTEL GRANT MUMBAI,C3721826,10000.0,1,1
(W) THANE,C6025178,10000.0,1,1
AGARA,C1768344,10000.0,1,1
ARARIA,C2312318,10000.0,1,1
ARIYALUR,C7933055,10000.0,1,1
ARIYALUR DT,C8087958,10000.0,1,1
AYANAVARAM CHENNAI,C7343528,10000.0,1,1
BARAJAGULI,C5015066,10000.0,1,1
BORIVALI W MUMBAI,C6210426,10000.0,1,1
BUDAUN,C2317638,10000.0,1,1
CHANDANNAGAR HAVELI PUNE,C5112032,10000.0,1,1
CHITTOOR,C7432413,10000.0,1,1
CUDDAPAH,C3419825,10000.0,1,1
DECATHLON SPORTS AHMEDABAD,C5830987,10000.0,1,1
EXPRESS HIGHWAY MUMBAI,C1129392,10000.0,1,1
FRIDABAD,C3224288,10000.0,1,1
GADARPUR,C9016746,10000.0,1,1
GARDENS MADHAPUR HYDERABAD,C2538033,10000.0,1,1
GHAZIABAD GHAZIABAD,C2717651,10000.0,1,1
GODAVARIKHANI,C3216732,10000.0,1,1
GOMATI,C1439633,10000.0,1,1
INTERNATIONAL SCHOOL DELHI,C3625391,10000.0,1,1
JEHANABAD,C2337135,10000.0,1,1
KALYANINAGAR KALYANI NAGAR PUNE,C5634945,10000.0,1,1
KANYAKUMARI,C6037360,10000.0,1,1
KAROL BAGH DELHI,C2921632,10000.0,1,1
KHAMMAM,C5418348,10000.0,1,1
KOHIMA,C5315612,10000.0,1,1
MAHABUBNAGAR,C8220982,10000.0,1,1
MAHUDHA,C5927821,10000.0,1,1
MEHRAULLI,C2075726,10000.0,1,1
MEHSANA,C1836044,10000.0,1,1
MUKSAR,C1220190,10000.0,1,1
MUMBAI THANE,C5814519,10000.0,1,1
NAGAR A BLOCK CHENNAI,C3630245,10000.0,1,1
NAGAR ANDHERI EAST MUMBAI,C3016155,10000.0,1,1
NARASARAOPET GUNTUR,C1659648,10000.0,1,1
NAROL AHMEDABAD,C1839532,10000.0,1,1
NEAR SAHAKARI BANK PUNE,C1629530,10000.0,1,1
NO 223 GATE MUMBAI,C1698684,10000.0,1,1
NORTH DELHI,C7498017,10000.0,1,1
NR ANY TIME WATER COMPANY BANGALORE,C8513578,10000.0,1,1
NURMAHAL,C7932226,10000.0,1,1
OFFICE VADODARA,C8831438,10000.0,1,1
OPP GOPIKA STORE HOSUR,C1825936,10000.0,1,1
PANVEL DIST RAIGAD,C7829253,10000.0,1,1
PHURSUNGI PUNE,C2410791,10000.0,1,1
PONNERI,C3858417,10000.0,1,1
POOJA BLDG MALAD WEST MUMBAI,C4338334,10000.0,1,1
POST TC PALYA CHURCH BANGALORE,C2350134,10000.0,1,1
PUNE M CORP PUNE,C8037459,10000.0,1,1
PURVAVANTAGE APT BENGALURU,C3411056,10000.0,1,1
RAIGARH (CHHATTISGARH),C8725486,10000.0,1,1
RAILWAY STATION NIGDI PUNE,C7821783,10000.0,1,1
S A S NAGAR,C6645745,10000.0,1,1
SCHOOL BANGALORE,C3938820,10000.0,1,1
SCHOOL KALYANI,C7113135,10000.0,1,1
SHEBOYGAN,C5734141,10000.0,1,1
SHIKARPUR,C3632581,10000.0,1,1
SHIVAMOGGA,C3429525,10000.0,1,1
SITAMARHI,C9037475,10000.0,1,1
SRUNGAVARAPUKOTA,C3636562,10000.0,1,1
STORE BANGALORE,C3718818,10000.0,1,1
SUBRAMANYAPURA POST BANGALORE,C5834425,10000.0,1,1
SULTANPUR LODHI,C8817268,10000.0,1,1
TADEPALLI,C4315163,10000.0,1,1
TARN TARAN,C6427930,10000.0,1,1
TEH GURGAON GURGAON,C2739581,10000.0,1,1
THIRUNELVELI DIST,C7522953,10000.0,1,1
THIRUVANNAMALAI (D),C5919238,10000.0,1,1
TIRUCHIRAPALLY (TRICHY),C9058127,10000.0,1,1
VIANAYAKA CIRCLE BANGALORE,C3040023,10000.0,1,1
VIJAYAWADA KRISHNA,C4712440,10000.0,1,1
VIJAYAWADA KRISHNA KRISHNA,C8436061,10000.0,1,1
VINAYAGAR KOVIL HOSUR,C6217582,10000.0,1,1
NORTH GOA,C4312869,9999.5,1,1
BUXAR,C4633175,9999.0,1,1
DARIBA RAJSAMAND,C5611636,9999.0,1,1
FANGANI,C8329946,9999.0,1,1
KISHANGARH,C3776881,9999.0,1,1
NR WESTERN EXPRESS HIGHWAY MUMBAI,C1825176,9999.0,1,1
TO NEVILLE HOUSE MUMBAI,C8022711,9999.0,1,1
VILUPURAM DIST,C1633251,9999.0,1,1
DEOLI,C6323628,9977.0,1,1
CORNER DELHI,C2528284,9950.0,1,1
PANCHKULA PINJORE,C3426467,9950.0,1,1
VASCO-DA-GAMA,C9022732,9945.0,1,1
SOCIETY BANGALORE,C6621335,9928.0,1,1
RD VILLAGE DUNDAHERA GURGAON,C7433647,9912.0,1,1
AL SALMIYA,C9023427,9900.0,1,1
HISSAR,C6743786,9900.0,1,1
OPP SAI BABA TEMPLE HYDERABAD,C8018779,9900.0,1,1
PADHAR,C5237239,9900.0,1,1
KOTHRUD PUNE (M CORP) PUNE PUNE,C3894430,9894.0,1,1
TANENGLONG,C1916768,9894.0,1,1
BANDA,C5314486,9890.0,1,1
ELANJI,C8532450,9890.0,1,1
FOUR PARGANAS,C8736315,9890.0,1,1
BAGESHWAR,C8513470,9889.0,1,1
SAMBHAL,C8930635,9889.0,1,1
JANKIPURAM LUCKNOW LUCKNOW,C6720329,9888.0,1,1
RIBANDAR,C2710149,9886.0,1,1
THANE E,C7017568,9869.21,1,1
SHEIKH ZAYED ROAD,C5525774,9865.0,1,1
QUINCY,C5539812,9856.0,1,1
ATTAPUR HYDERABAD,C3931933,9850.0,1,1
TOWER NO 6 MUMBAI,C3015972,9850.0,1,1
NR SAI MANDIR MUMBAI,C7536834,9840.0,1,1
CHENNAI SALIGRAMAM,C3738967,9835.0,1,1
SOMAJIGUDA HYDERABAD,C7864121,9802.0,1,1
PALGHAR THANE,C3170439,9800.0,1,1
NASHIK ROAD NASHIK,C1241659,9785.0,1,1
CHROMPET CHENNAI,C3442348,9770.0,1,1
VIRAR W,C3921215,9739.0,1,1
OFF M G ROAD MUMBAI,C7334282,9736.0,1,1
PATRAPUR,C7518628,9710.0,1,1
MOUNTAIN VIEW,C8032159,9709.0,1,1
SAGAR,C7421235,9680.0,1,1
SAS NAGAR (MOHALI),C6912828,9650.0,1,1
DASAI,C2926943,9642.5,1,1
RESIDENCY THANE,C3018056,9632.0,1,1
SAI TEMPLE ROAD BANGALORE,C4326122,9611.58,1,1
SHOP SALEM,C8728063,9606.0,1,1
KHARAR SAS NAGAR (MOHALI),C7660917,9603.0,1,1
SCHL JAYANAGAR 2ND BLOCK BENGALURU,C8627778,9600.0,1,1
UDUPI KUNJIBETTU,C2522446,9600.0,1,1
TEMPLE HYDERABAD,C2111438,9598.0,1,1
MERCES,C8121350,9574.0,1,1
UDHAM SINGH NAGAR,C7130871,9574.0,1,1
SECTOR 2 BANGALORE,C3295877,9550.0,1,1
VASAI VIRAR MUNICIPAL PALGHAR VIRAR,C6234882,9547.78,1,1
THIRUNMUYUR,C3033577,9538.0,1,1
THANDALAM,C5721855,9504.0,1,1
MALAD WEST MUMBAI,C8232239,9500.0,1,1
MANIPAL UDUPI,C4587668,9500.0,1,1
PANVEL OLD PANVEL DIST RAIGAD,C5531262,9500.0,1,1
MHOW,C5039292,9499.0,1,1
DURG - DISTRICT,C2417342,9495.0,1,1
ISLAMPUR,C1025375,9495.0,1,1
NONGSTOIN,C6018072,9490.0,1,1
EXPRESSWAY NOIDA,C4227623,9472.5,1,1
GOVT HIGH SCHOOL HYDERABAD,C1896433,9437.0,1,1
AGRIPADA MUMBAI,C1723948,9417.65,1,1
BILARI,C7915850,9410.0,1,1
BUDDHA NAGAR NOIDA,C3490834,9409.0,1,1
KARN KARNAL,C6628080,9400.0,1,1
NGR EXTENTION CHENNAI,C2912024,9380.75,1,1
NOIDA NOIDA,C1841531,9363.0,1,1
HAPUR,C5513768,9352.0,1,1
HOOGLY,C5429272,9349.0,1,1
CHURCH MUMBAI,C8613226,9337.0,1,1
RUPNAGAR NANGAL,C8312724,9330.0,1,1
TAORU,C3745643,9330.0,1,1
TOWN SUPER MARKET BANGALORE,C1625247,9328.0,1,1
COLABA,C5123288,9308.0,1,1
SCHOOL K V RANGAREDDY,C6031568,9305.0,1,1
POLICE STATION GUWAHATI,C5913766,9304.0,1,1
BHAYANDER (E) MUMBAI,C3393880,9300.0,1,1
MAKDAVAN,C6222731,9300.0,1,1
THAKURPUKUR,C6035642,9300.0,1,1
WATER TANK COIMBATORE,C3982889,9300.0,1,1
STAND KOLKATA,C7018792,9299.0,1,1
ABUDHABI,C4728069,9295.0,1,1
SIRSA,C1580289,9250.0,1,1
ADDIS ABABD,C3536723,9246.0,1,1
KALYANANAGAR BANGALORE,C4364844,9230.0,1,1
CRAWFORD MARKET MUMBAI,C1795834,9215.12,1,1
ANDHERI(E) MUMBAI,C8513614,9200.0,1,1
HOTEL CHEMBUR EAST MUMBAI,C2718936,9200.0,1,1
HOTEL OPP LOTUS PETROL PUMP MUMBAI,C8642175,9200.0,1,1
MANDI,C1867541,9200.0,1,1
NEAR SBH BANK HYDERABAD,C3239482,9189.48,1,1
FIELD OPP IIPL GATE NO 3 BANGALORE,C6432172,9158.69,1,1
KUNNAMKULAM,C6914361,9158.0,1,1
THANJAVUR DT,C3714329,9157.0,1,1
ANDHERI WEST MUMBAI,C1228742,9154.0,1,1
SHAJAPUR,C1523843,9147.0,1,1
BUDRUK PUNE,C5728031,9143.0,1,1
UPLANDS VISAKHAPATNAM,C8038466,9137.0,1,1
UTTAR DINAJPUR,C5323455,9129.0,1,1
VIRAR,C3420465,9120.89,1,1
BEHIND RYTHU BAZAR HYDERABAD,C4614191,9120.5,1,1
CHEMBUR E MUMBAI,C5541731,9113.0,1,1
THANE BELAPUR RD NAVI MUMBAI,C8798665,9106.84,1,1
SINNAR DIST NASHIK,C5037219,9100.0,1,1
TOHANA FATEHABAD,C5117125,9100.0,1,1
BHAWARNA,C3035155,9083.0,1,1
COMMERCIAL COMPLEX MUMBAI,C1042514,9039.0,1,1
KRISHNAGIRI(DT),C4019270,9039.0,1,1
HELSINKI,C7036656,9020.0,1,1
OYAN,C5329463,9004.0,1,1
APARTMENTS PATPARGANJ DELHI,C7432786,9000.0,1,1
BURUCH,C3633186,9000.0,1,1
CHITRAKOOT,C8318042,9000.0,1,1
ELAPPULLY PANCHAYATH,C7217981,9000.0,1,1
FARRUKHNAGAR GURGAON,C3335770,9000.0,1,1
GURGGAON,C8911036,9000.0,1,1
HOTEL NEW DELHI,C6125986,9000.0,1,1
KOREGAON PARK PUNE,C7342692,9000.0,1,1
MANALI 21/26 KULLU,C2027517,9000.0,1,1
MONY SHOP MUMBAI,C2636980,9000.0,1,1
RANGAREDDY DIST,C5963144,9000.0,1,1
BOLPUR (WEST BENGAL),C5317872,8999.0,1,1
ROAD RAJKOT,C8637664,8999.0,1,1
SHAHAD,C3926959,8999.0,1,1
VARANAVASI,C1358029,8999.0,1,1
GHAZIPUR,C1721987,8995.0,1,1
MORBI,C5624425,8990.0,1,1
BAIHAR,C8218455,8956.0,1,1
MANAPALYA BOMMNAHALLI BANGALORE,C8219245,8945.0,1,1
PURI DISTRICT,C5732965,8944.0,1,1
AMRAI,C5278636,8926.0,1,1
SAKINAKA ANDHERI E MUMBAI,C4710984,8912.0,1,1
KUNNOTHUPARAMBA,C2737766,8900.0,1,1
KURUD,C2683823,8900.0,1,1
MIRAROAD THANE,C4097560,8900.0,1,1
STATION HYDERABAD,C8712376,8900.0,1,1
DWARKA,C2422230,8894.0,1,1
PILANI JHUNJHUNUN,C1431588,8861.91,1,1
MEWAT,C2880353,8857.0,1,1
TIRUCHIRAPALLY,C8611026,8843.0,1,1
CIRCLE ITANAGAR,C4335547,8840.0,1,1
EAST NALLOSAPARE E THANE,C2198344,8840.0,1,1
PAPUMPARE NAHARLAGUN,C5836465,8823.0,1,1
LAKHI SARAI,C4038874,8820.0,1,1
AND GANAPATI MANDIR THANE,C6324623,8800.69,1,1
AHMADABAD,C5991147,8800.0,1,1
SHIVSENA BHAWAN MUMBAI,C1611792,8800.0,1,1
BG ROAD BANGALORE,C7318683,8796.0,1,1
GHAZIABAD DISTT GHAZIABAD,C8625477,8792.99,1,1
KAZHAKUTTON,C1769958,8790.0,1,1
KHAND 2 INDIRAPURAM GHAZIABAD,C4818841,8772.0,1,1
ALLEPPEY,C6021532,8771.58,1,1
ANDHERI EAST,C8724818,8771.2,1,1
RAIA,C6122013,8764.0,1,1
HIRA BAZAR SURAT,C1725385,8752.0,1,1
DEHRA,C1715291,8749.0,1,1
FUNCTION HALL HYDERABAD,C3596144,8743.0,1,1
ANNANAGAR WEST EXTN,C5034182,8733.0,1,1
PURULIYA,C7238618,8733.0,1,1
NORTH 24 PARGANAS AXIS MALL KOLKATA,C2018611,8732.0,1,1
LINE ROAD HYDERABAD,C7519450,8725.19,1,1
BURAIDAH,C1710028,8720.0,1,1
PUMP AHMEDABAD,C1841829,8718.4,1,1
HALISAHAR,C2924841,8718.0,1,1
KHURDA,C6617050,8715.0,1,1
DIST WEST TRIPURA WEST TRIPURA,C7010519,8702.0,1,1
DHULE,C7216258,8700.0,1,1
KORAMANGALA BANGALORE,C8621983,8696.0,1,1
KOLKATTA,C1498751,8695.0,1,1
GADAG,C6224642,8693.0,1,1
RAMABAI NAGAR,C8621643,8690.0,1,1
MUNGER,C2118235,8678.0,1,1
CHENGANNUR,C5425621,8676.0,1,1
RANGAREDDY (DIST),C8727180,8661.5,1,1
GANDHINAGAR  HIGHWAY AHMEDABAD,C1439348,8660.0,1,1
BURHANPUR,C7310612,8650.0,1,1
SEAWOOD NERUL NAVI MUMBAI,C5117619,8650.0,1,1
MANDIR NAGPUR NAGPUR,C5826423,8640.0,1,1
K K NAGAR CHENNAI,C8120425,8630.0,1,1
DOMBIVALI (EAST),C7677326,8625.0,1,1
KALIKAPUR,C1811172,8602.88,1,1
BANDRA W MUMBAI,C3035667,8600.0,1,1
COLLEGE BANGALORE,C2936979,8600.0,1,1
MIRA RD EAST  MUMBAI,C3823729,8600.0,1,1
CAMPBELL,C1924766,8598.0,1,1
BPCL OFFICE KOLKATA,C7023914,8595.0,1,1
BIAWAR,C5737620,8590.0,1,1
NAWASHAHR,C3333659,8587.0,1,1
KURSEONG,C3134236,8581.03,1,1
IPOH,C8932234,8579.0,1,1
DORAHA,C1421515,8576.0,1,1
GAITHERSBURG,C4675357,8560.0,1,1
DOMBIVLI WEST,C3930517,8550.5,1,1
RAYMOND GROCERY SHOP ASANSOL,C8821835,8550.0,1,1
THANE MUMBAI,C4419283,8530.0,1,1
MOKOKCHUNG,C3416723,8515.85,1,1
BANDIKUI,C3118265,8514.83,1,1
BAPATMARG LOWERPAREL (W) MUMBAI,C3733121,8500.0,1,1
KOTHAMANGALAM,C5977223,8500.0,1,1
LALA TEMPLE HYDERABAD,C3735272,8500.0,1,1
MARATHAHALLI RING RD BANGALORE,C8730740,8500.0,1,1
PANNA SHOPPING CENTRE JOGESHWARI W,C4725590,8500.0,1,1
URMAR TANDA,C7026046,8500.0,1,1
UT OF DADRA AND NAGAR,C1622574,8500.0,1,1
24 PGNS NORTH,C1034333,8497.0,1,1
CUNCOLIM SALCETTE,C8447381,8496.0,1,1
MIRA ROAD (E) THANE,C2150039,8495.0,1,1
DOMBIVLI EAST,C4225571,8493.0,1,1
KALYAN (W),C8616675,8491.0,1,1
GARDEN CHOWK PIMPLE SAUDAGAR PUNE,C3424281,8490.0,1,1
CORLIM,C8317448,8483.0,1,1
CHETNA COLLEGE BANDRA E MUMBAI,C4514024,8480.0,1,1
BANK ATM BANGALORE,C5638231,8472.0,1,1
W E HIGHWAY MUMBAI,C7930013,8468.0,1,1
CHAMBA,C4227750,8450.0,1,1
TALEGAON DABHADE,C7127547,8448.0,1,1
DEGREE COLLGE NELLORE,C6421430,8436.32,1,1
BAZAAR T NAGAR CHENNAI,C2631936,8400.0,1,1
CARINDALE,C1726253,8400.0,1,1
DIST THANE,C7141350,8400.0,1,1
JWELLS THANE,C8741860,8400.0,1,1
NEW BEL ROAD BANGALORE,C6310458,8400.0,1,1
CHIKKADORNABETTA,C4215051,8395.0,1,1
BEED,C2842843,8370.0,1,1
MALEGAON,C2312451,8370.0,1,1
AKSHAY MITTAL MUMBAI,C5436583,8350.0,1,1
PRAKASAM,C2516647,8349.0,1,1
KAIMUR(BHABUA),C7641314,8333.0,1,1
DEPOT CHEMBUR MUMBAI,C7223942,8331.25,1,1
(INDIA ) NAGPUR,C5527045,8330.0,1,1
MALAPURAM,C1834433,8320.0,1,1
SONARPUR SPORTING KOLKATA,C8739271,8318.0,1,1
DIST BURDWAN,C7880254,8312.0,1,1
AHMADI,C8194463,8300.0,1,1
KESTOPUR MORE KOLKATA,C4510849,8300.0,1,1
STATION SECUNDERABAD,C8655336,8300.0,1,1
SECTOR-3 KHARGHAR RAIGARH,C4487977,8296.32,1,1
CENTRE ANDHERI W MUMBAI,C7397089,8294.0,1,1
SCHOOL PAWAI MUMBAI,C4955085,8294.0,1,1
GAUTAM BUDDHANAGAR,C6332080,8293.0,1,1
PITHORAGARH,C6014548,8290.0,1,1
KARSOG,C6815072,8280.0,1,1
MARATHALLI RING RD BANGALORE,C8341753,8262.0,1,1
VIDYAPITH SOUTH 24 PARGANAS,C6910511,8257.0,1,1
RAILWAY STATION NAVI MUMBAI,C7432343,8256.0,1,1
CHINCHWAD PUNE,C5642555,8255.76,1,1
HOBBLI BANGALORE,C1531127,8254.0,1,1
ASHOK NAGAR MUMBAI,C4481470,8252.0,1,1
SRI GANGANAGAR,C9025118,8249.0,1,1
DHOLAR MOTI DAMAN,C5433551,8233.0,1,1
PHOENIX,C4744681,8200.0,1,1
ROAD TIRUPUR,C4913887,8200.0,1,1
SPRING HILL,C5013449,8200.0,1,1
AHMEDGARH,C6932933,8199.0,1,1
SECTOR-9 MIRA ROAD E THANE,C5642353,8199.0,1,1
HAUZ KHAS,C1613287,8195.0,1,1
ROAD POWAI MUMBAI,C6637230,8191.0,1,1
JAUNPUR,C4056745,8166.0,1,1
BORIVALI (E) MUMBAI,C4332391,8161.74,1,1
BUS DEPOT MUMBAI,C5330064,8160.0,1,1
ANDHRA PRADESH,C2833651,8159.0,1,1
KARUR,C7514267,8133.0,1,1
CENTER MUMBAI,C2111417,8126.0,1,1
LEIDEN,C3613845,8125.96,1,1
GURU NANAK DEV JI AMRITSAR,C8739063,8125.0,1,1
MKT NAVI MUMBAI,C8526759,8125.0,1,1
DIST ANAND SANDESHAR,C4040834,8113.11,1,1
MARG LOWER PAREL  MUMBAI,C5434186,8109.0,1,1
ANTOP HILL MUMBAI,C2214380,8100.0,1,1
JALOR,C7941137,8100.0,1,1
KECHINNAYYAPALEM EAST GODAVARI,C8933638,8100.0,1,1
MIRAROAD THANE THANE,C1267012,8100.0,1,1
PULIYOOR,C2439750,8100.0,1,1
EAST THANE,C8836964,8087.0,1,1
(WEST) MUMBAI,C3712334,8085.0,1,1
SHYAMDHAM TEMPLE SURAT,C3824292,8085.0,1,1
BRIDGE BANGALORE,C5119589,8084.0,1,1
AMBERNATH E,C4714930,8083.0,1,1
MEDAK DIST,C6242419,8082.0,1,1
THEATER BANGALORE,C1810526,8079.0,1,1
THANE DIST,C1910835,8063.4,1,1
TIRUHIRAPPALLI,C4713947,8061.0,1,1
HIGH SCHOOL KOLKATA,C6329721,8060.0,1,1
HIGH SCHOOL MUMBAI,C2336420,8052.0,1,1
ANAND VIHAR MEDICAL SHOP MUMBAI,C1828692,8051.0,1,1
PUNJAB,C3020270,8051.0,1,1
MUNGRA BADSHAHPUR,C1954354,8050.0,1,1
HARDA,C1027072,8047.0,1,1
BARAKAR,C6726791,8046.0,1,1
PITAMPURA NEAR MAX HOSPITAL DELHI,C7949124,8045.0,1,1
MANDIR MUMBAI,C5837291,8039.0,1,1
UPPERPALLY HYDERABAD,C6318631,8017.0,1,1
AHMED AND BROTHER TIMBER MART,C2540678,8000.0,1,1
BAGAN SILCHAR,C7417980,8000.0,1,1
CHITTARANJAN,C5276254,8000.0,1,1
DISTRICT JAGATSINGHPUR,C6338825,8000.0,1,1
JANDIALA,C1322314,8000.0,1,1
MALAKPET,C8738840,8000.0,1,1
NAYAGAON MOHALI,C2916230,8000.0,1,1
REDDY SWEETS RANGAREDDY HYDERABAD,C5637727,8000.0,1,1
SAKET NEW DELHI,C6843420,8000.0,1,1
TARKAS CLINIC MUMBAI,C3410479,8000.0,1,1
THOUBAL,C5621235,8000.0,1,1
AL JUBAIL,C4985686,7999.0,1,1
DAHANU ROAD W,C1938357,7999.0,1,1
ANOOPSHAHR,C9023284,7995.0,1,1
UAE,C1124078,7995.0,1,1
FAIZABAD,C5130833,7990.0,1,1
FINANCE THIRUVANANTHAPURAM,C5938212,7990.0,1,1
ZOPADPATTI TEHSIL KURLA MUMBAI,C8414620,7990.0,1,1
PANAGARH,C7410515,7975.0,1,1
MASJID MIRA ROAD E DIST THANE,C8692323,7957.0,1,1
CLUB) SOUTH 24 PARGANAS,C7254935,7955.0,1,1
BISHNUPUR,C3326146,7950.0,1,1
SIGNAL SION (E) MUMBAI,C8633113,7950.0,1,1
HAMBURG,C2430571,7941.0,1,1
EXCHANGE KOLKATA,C8535638,7940.0,1,1
KARAIKAL,C7926867,7930.0,1,1
POKHRAN ROAD NO 2 THANE,C6952630,7928.0,1,1
HIGHWAY KANDIVALI EAST MUMBAI,C8324824,7924.0,1,1
CIRCLE V V PURAM BANGALORE,C8828376,7920.0,1,1
GITANJALI CHS LTD MUMBAI,C3738755,7916.7,1,1
VRINDAVAN LANE TRIVANDRUM,C7485883,7910.0,1,1
CANACOWA,C2438731,7900.0,1,1
ELURU,C2610014,7895.0,1,1
IRANIWADI KANDIVALI (W) MUMBAI,C8624737,7885.0,1,1
FAZILKA,C4411748,7881.0,1,1
RAILWAY STN MUMBAI,C6437832,7860.0,1,1
GIRGAON MUMBAI,C7384570,7846.0,1,1
PARAMAKUDI,C1717374,7835.0,1,1
BACKSIDE CHENNAI,C6727512,7830.0,1,1
DAVORLIM SALCETE,C5145736,7800.0,1,1
KASARGOD,C8336217,7799.0,1,1
NOKHA,C4133624,7797.0,1,1
CHURU,C8545233,7782.52,1,1
THANA,C8838987,7771.38,1,1
GAJANAN MAHARAJ MANDIR PUNE,C3321512,7767.66,1,1
MORINDA,C5884436,7767.5,1,1
PLACE CENTRE WHZIRPUR DELHI,C8814391,7750.0,1,1
SOUTH TWENTY FOUR PARGANAS,C1634054,7750.0,1,1
COLLEGE VILE PARLE E MUMBAI,C1228217,7739.0,1,1
RUPNARAYANPUR,C2134622,7736.0,1,1
OSAKA,C3227186,7730.0,1,1
CMS IT SERVICES PUNE,C7440472,7718.0,1,1
MAINPURI,C1932814,7718.0,1,1
THIRUVOTTIYUR,C4841211,7716.0,1,1
DARES SALAAM,C2424918,7714.0,1,1
BASTI,C4819442,7713.6,1,1
ELPHINSTONE W,C7814166,7713.0,1,1
MANDIR CLUB KOLKATA,C7916418,7706.0,1,1
NAL GONDA,C5459746,7699.0,1,1
TEMPLE BENGALURU,C2219966,7693.0,1,1
RAVER,C4024462,7665.0,1,1
W THANE,C3941017,7664.0,1,1
GAZIABAD,C1077274,7655.0,1,1
ROME,C4723636,7650.0,1,1
ELPHINSTONE ROAD MUMBAI,C3219941,7642.0,1,1
ABOVE CHIRAG MOTORS MUMBAI,C7512345,7615.0,1,1
CHORD ROAD BANGALORE,C3441212,7612.6,1,1
CANDOLIM BARDEZ,C1133491,7600.0,1,1
MERTA CITY,C4333249,7600.0,1,1
GOKULPUR,C1767933,7599.0,1,1
SARITA VIHAR FIRE STATION NEW DELHI,C5511689,7599.0,1,1
KOSLI,C4432540,7597.0,1,1
THANE KALYAN,C3574012,7596.66,1,1
GREATER MUMBAI,C2815145,7595.0,1,1
LANEMIYAPUR HYDERABAD,C1741245,7595.0,1,1
NODE III THANE NAVI MUMBAI,C8437920,7592.47,1,1
RING ROAD VARTHUR HOBLI BANGALORE,C5476482,7590.0,1,1
DEOGHAR,C6025338,7589.8,1,1
JAKKASANDRAKORAMANGALAIST BANGALORE,C5493942,7581.0,1,1
NR CHURCH NAJAFGARG NEW DELHI,C1627578,7570.0,1,1
SHEOGANJ,C9031612,7570.0,1,1
SANTIAGO,C6816491,7561.0,1,1
DUNGARPUR,C3017591,7550.0,1,1
VASAI E THANE,C4998084,7547.4,1,1
CHARLOTTE,C4136271,7543.0,1,1
INDIRAPURAM GHZB,C1310055,7543.0,1,1
MAHBUBNAGAR,C3234070,7528.17,1,1
RAIGAD URAN,C4916427,7517.0,1,1
BANGANA,C4836067,7514.0,1,1
BELLANDUR BANGALORE,C7112174,7513.0,1,1
BHAYANDER E THANE,C2890628,7500.0,1,1
COSMOPOLITAN CLUB BANGALORE,C6526425,7500.0,1,1
GANESH TEMPLE PORVORIM,C4123739,7500.0,1,1
HOFFMAN ESTATES,C5316046,7500.0,1,1
HOSPITAL BANGALORE,C3015472,7500.0,1,1
JOGESHWARI W JOGESHWARI W MUMBAI,C3614472,7500.0,1,1
NAMALGUNDU,C4132244,7500.0,1,1
RAINBOW PLAZA PUNE,C4527353,7500.0,1,1
ROHTAS,C4182342,7500.0,1,1
VALLABHVIDYANAGAR,C1715862,7498.01,1,1
KORIMNAGAR,C1832781,7493.0,1,1
SACHIN SURAT,C1335165,7492.0,1,1
COMPOUND TARDEO MUMBAI,C6920226,7490.0,1,1
STATION KOLKATA,C1229578,7486.0,1,1
EXCHANGE MUMBAI,C4332138,7477.03,1,1
JAGADHRI,C1785349,7475.0,1,1
PARK APTS HYDERABAD,C4833155,7475.0,1,1
GHATKOPAR (W) MUMBAI,C5132037,7469.25,1,1
COTTAGE ADHERI W,C3011566,7462.0,1,1
STORE ROHA RAIGAD,C6129447,7461.03,1,1
MUMBAI G P O MUMBAI,C2015142,7460.0,1,1
STOCKPORT,C7042555,7460.0,1,1
IRVINE,C2884845,7457.09,1,1
NALASOPARA W,C9020473,7448.0,1,1
SANQUELIM,C8935953,7446.0,1,1
DOMBIVALI EAST THANE,C1731051,7445.0,1,1
PAREL (W) MUMBAI,C5836960,7445.0,1,1
CHERUVATHUR,C2440370,7423.0,1,1
COOCH BEHAR,C4462091,7423.0,1,1
BICHOLIM,C4218344,7411.0,1,1
AMRELI,C4920253,7409.8,1,1
BHILAI DURG,C2518027,7400.0,1,1
DIST DHANBAD,C7211555,7400.0,1,1
HOSPITAL RAJKOT,C5921559,7400.0,1,1
MODI NAGAR GHAZIABAD,C5916270,7400.0,1,1
NR DIAMOND MUMBAI,C2013311,7388.61,1,1
SAJJANRAOCIRCLE V V PURAM BANGALORE,C3213964,7386.0,1,1
GANDHI NAGAR,C7926961,7385.0,1,1
UTTAM NAGAR,C2338040,7373.0,1,1
KADUBEESANAHALLI BELLANDUR POST,C9019527,7350.0,1,1
LOHARDAGA,C3255461,7350.0,1,1
WEST TRIPURA,C8813938,7340.0,1,1
MATA ROAD KALYAN WEST KALYAN,C8934236,7330.0,1,1
BOWENPALLY MARKET YARD HYDERABAD,C4040066,7329.0,1,1
DIST RAIGAD,C5885247,7313.29,1,1
NEEM KA THANA,C6565376,7308.72,1,1
BANK MARINE LINES MUMBAI,C5514889,7304.64,1,1
JOUNK)DISTT PAURI GARHWAL RISHIKESH,C8867739,7303.23,1,1
JABAL ALI,C5363289,7300.0,1,1
SADAR KANPUR NAGAR,C7223268,7300.0,1,1
THIRUVANAMALAI DT,C7221144,7300.0,1,1
VIDYAVIHAR (W) MUMBAI,C7817344,7300.0,1,1
WEST CHAMPARAN,C6124764,7300.0,1,1
CAVELOSSIM SALCETE,C5433273,7297.0,1,1
COLONY MULUND W MUMBAI,C5333165,7290.0,1,1
KALAYAN W,C5172769,7290.0,1,1
SHAH ALAM,C4738333,7290.0,1,1
MADHAVAARAM NR R C APP CHENNAI,C2741823,7282.0,1,1
JANAKPURI,C2425137,7270.0,1,1
KANDIVALI-W MUMBAI,C5937119,7256.55,1,1
JUNCTION GOREGAON E MUMBAI,C3316869,7234.0,1,1
NAGAUR,C5117865,7222.83,1,1
DEESA,C6035774,7222.11,1,1
KAJORA,C5211633,7217.0,1,1
SO MUNDWA PUNE,C3814363,7212.0,1,1
RD NASHIK,C3836562,7209.68,1,1
DELHI-96,C2528332,7204.0,1,1
MANI MAJRA,C6795417,7204.0,1,1
BULDHANA,C7539587,7200.0,1,1
NORTH BANGALORE,C8123454,7200.0,1,1
ITARSI,C4198535,7199.1,1,1
BUILDING BANGALORE,C5573714,7198.0,1,1
CITY BANGALORE,C2659466,7195.0,1,1
SALEM DT,C1115373,7191.0,1,1
LAKHIMPUR-KHERI,C5911175,7190.0,1,1
VISAKHAPATANAM,C7229959,7182.0,1,1
SULTANATE OF OMAN,C3441161,7179.01,1,1
ROAD ANDHERI WEST MUMBAI,C7735615,7176.7,1,1
SARJAPUR OTR RING RD BANGALORE,C4526491,7176.0,1,1
KHARGONE,C1828250,7175.0,1,1
NALLAGONDA,C5222621,7166.0,1,1
SHARJAH MAIN CITY,C2082047,7160.0,1,1
DISTT SOLAN BADDI,C7358254,7159.6,1,1
EXPRESS HIGHWAY SION E MUMBAI,C2115065,7153.0,1,1
PAPER HYDERABAD,C1635644,7150.0,1,1
GUJARAT,C6732221,7149.0,1,1
ROAD FARIDABAD,C4919483,7147.0,1,1
M CL AMNERNATH BADLAPUR,C5717732,7146.0,1,1
EAST SINGHBHUM,C8116889,7145.0,1,1
DEPOT BORIVALI(E) MUMBAI,C4535316,7142.0,1,1
CENTER CUMBALLA HILL MUMBAI,C5358092,7140.0,1,1
LOWR PAREL MUMBAI,C1366925,7131.0,1,1
CHANDITALA,C1994377,7130.3,1,1
BARDOLI,C5132122,7125.0,1,1
DIGUVAMASAPALLI,C2139441,7115.0,1,1
GHATKOPAR WEST,C2895278,7100.0,1,1
ROAD LUDHIANA,C5956848,7098.0,1,1
TRAINING MUMBAI,C1029484,7095.0,1,1
COMPOUND BYCULLA MUMBAI,C3920950,7082.73,1,1
SERAMPORE,C3714851,7082.0,1,1
ROAD ANDHERI (W) MUMBAI,C5199048,7081.0,1,1
BEHIND ACRES CLUB CHEMBUR MUMBAI,C2710350,7014.0,1,1
VIRUDHUNAGAR DIST,C6526159,7010.0,1,1
5TH PHASE BANGALORE,C1714527,7000.0,1,1
BANGALORE SOUTH,C8837462,7000.0,1,1
BELONIA,C4337875,7000.0,1,1
CHAPRA,C6723355,7000.0,1,1
CHICAGO,C3642286,7000.0,1,1
COLLAGE BANGALORE,C3630035,7000.0,1,1
DAIRY NUBERDAR CHOWK NEW DELHI,C8319955,7000.0,1,1
GUNTUR MANGALAGIRI,C3415333,7000.0,1,1
JAODHPUR,C3312027,7000.0,1,1
KAMRUP RAJKAMAL GUWAHATI,C3014832,7000.0,1,1
MAMAHAJI ALI WORLI MUMBAI,C8014881,7000.0,1,1
MAREPALLI,C1716914,7000.0,1,1
NEAR JEHANGIR HOSPITAL PUNE,C4536286,7000.0,1,1
NOWGAWAN SADAT,C6716728,7000.0,1,1
NR 6 SEC BUS ST BANGALORE,C4811931,7000.0,1,1
NR RAVJIBHAI TOWER AHMEDABAD,C3034090,7000.0,1,1
OLD GOA BYE PASS RD,C6714832,7000.0,1,1
PETROL PUMP KHARAGPUR,C8114932,7000.0,1,1
RAIGARH CG RAIGARH,C2622254,7000.0,1,1
SARJAPURA MAIN RD BANGALORE,C3245983,7000.0,1,1
STORE NEXT TO RAJASTHAN DAIRY FARM,C2718957,7000.0,1,1
TIRUNELVELI RURAL,C1639033,7000.0,1,1
JOGESHWARI E,C6228478,6999.0,1,1
KUKATPALLY HYDERABAD,C8923225,6999.0,1,1
NAYA NANGAL,C1175664,6999.0,1,1
NEENDOOR,C8428112,6999.0,1,1
SAHIBABAD,C6827164,6999.0,1,1
SHIVPURI,C4436582,6999.0,1,1
VENNIKULAM,C4940473,6999.0,1,1
KHURD TAL MULSHI PUNE,C6335489,6998.0,1,1
MALEGANV KHURD,C2369559,6998.0,1,1
CHAKRAVARTHY RD KANDIVALI E MUMBAI,C7142534,6995.0,1,1
CUTTACK CUTTACK,C6610050,6993.6,1,1
THANE -WEST,C4222291,6990.0,1,1
AREA RABALE NAVI MUMBAI,C7972719,6967.0,1,1
43 SEC 11 CBD BELAPUR NAVI MUMBAI,C2529221,6966.24,1,1
TALUKA ANJAR GANDHIDHAM,C2026384,6956.0,1,1
INDUSTRIES PUNE,C6522941,6940.0,1,1
JAGADDAL,C6932044,6940.0,1,1
DHARUHEDA,C6922675,6929.9,1,1
RESORT BANGALORE,C2918970,6922.0,1,1
NEAR ARKERA GATE BANGALORE,C1780841,6919.0,1,1
MAIDAN PATNA,C8440480,6916.0,1,1
BEGUSARAI,C5435541,6908.0,1,1
COLONY GOREGAONEAST MUMBAI,C3416652,6900.52,1,1
BACHUPALLY RANGAREDDI,C7046329,6898.0,1,1
JAMUI,C7415755,6886.0,1,1
NO 7 MUMBAI SUB URBAN,C1637384,6886.0,1,1
TIVIM,C3710836,6880.0,1,1
GURGAON GURGAON,C3818519,6875.0,1,1
BUS STOP NEAR BANGALORE,C1834747,6862.0,1,1
KALAMBOLI NR MTNL OFF NAVIMUMBAI,C3214490,6857.0,1,1
PUTTUR,C1119523,6855.0,1,1
RAMPUR,C4628057,6851.6,1,1
VASAI W THANE,C5317143,6845.11,1,1
PARK MAHAPE NAVI MUMBAI,C7723022,6841.0,1,1
GANDHINAGAR GANDHINAGAR,C7313637,6836.76,1,1
VIKHROLI E MUMBAI,C1117513,6832.0,1,1
ASSAM,C8222369,6831.15,1,1
VIRAR EAST,C8925423,6825.42,1,1
ETOBICOKE,C8338248,6820.35,1,1
ROTKAR LAYOUT NAGPUR,C8868740,6812.0,1,1
SIBSAGAR,C6741089,6810.0,1,1
CHIKKMAGALUR,C1196074,6800.0,1,1
JANKALYAN BANK ANDHERI (E) MUMBAI,C5641316,6800.0,1,1
PHASE 1 HINJEWADI PUNE,C8342582,6800.0,1,1
QUEPEM,C4645065,6791.43,1,1
CHUNABHATTI SIGNAL MUMBAI,C8838411,6790.0,1,1
PONDICHERRY TALUK,C5116991,6790.0,1,1
ST THOMAS TOWN BANGALORE,C6774482,6790.0,1,1
RD BADLAPUR EAST AMBERNATH THANE,C1484948,6788.0,1,1
ELPHINSTONE W MUMBAI,C5726691,6782.0,1,1
SIVAGANGA,C2815239,6778.0,1,1
BHD GOREGAON SPORTS CLUB MUMBAI,C2425948,6771.83,1,1
PORUR CHENNAI,C1922949,6762.0,1,1
PURVA FAIRMONT APARMENTS BANGALORE,C6216519,6760.0,1,1
BEAWAR,C3561190,6751.66,1,1
MAHABALESHWAR HOTEL BANER PUNE,C8841280,6740.0,1,1
MAPUSA BARDEZ,C6644555,6726.0,1,1
DIST RAJKOT,C4215681,6725.0,1,1
OMAN MUSCAT,C5222656,6721.85,1,1
RAOD PUNE,C4118073,6720.0,1,1
SAITHARUPETA,C3133911,6715.0,1,1
NR MACH FACTORY GOMATI,C5618826,6707.0,1,1
VIJAYAPURAM,C5120030,6697.02,1,1
BUNDER MALAD WEST MUMBAI,C2387785,6693.0,1,1
STATION TARAPUR SILCHAR,C6925271,6689.0,1,1
(URBAN) MAHARANIPETA VISAKHAPATNAM,C8410733,6680.13,1,1
SION EAST-MUMBAI,C4223079,6680.0,1,1
VILLAGE PAREL MUMBAI,C5412160,6673.0,1,1
SANGLI,C1729835,6669.0,1,1
KALYAN W THANA,C3913366,6660.17,1,1
UMRED,C1916513,6650.0,1,1
MANGAF,C8834976,6645.2,1,1
MEHMEDABAD,C9011258,6634.0,1,1
KHED,C8837736,6631.65,1,1
AKHINI,C6936764,6630.0,1,1
LAKHISARAY,C4538653,6630.0,1,1
WAYS PANCHKUVA AHMEDABAD,C8718013,6630.0,1,1
CLUB MUMBAI,C9032172,6628.5,1,1
HALL S V ROAD MUMBAI,C1828528,6628.0,1,1
BIOSAR,C4828038,6626.0,1,1
DLEHI,C6222977,6625.0,1,1
KUALA LAMPUR,C1119347,6625.0,1,1
TARAPUR APP BOISAR,C6815061,6620.0,1,1
CAMPS HYDERABAD,C2335115,6616.0,1,1
SOLAPUR,C4210936,6605.0,1,1
GODAVARI,C1944753,6604.02,1,1
MEDICAL MUMBAI,C2623328,6602.0,1,1
BANK PUNE,C4413426,6600.6,1,1
CHANDRAMULINAGAR,C8729837,6600.0,1,1
UTTAR DHINAJPUR,C3414083,6600.0,1,1
JUNCTION MUMBAI,C3328918,6597.0,1,1
FARMINGTON HILLS,C6120891,6596.0,1,1
MATUNGA E MUMBAI,C1827583,6595.0,1,1
SRILINGAMPALLE RANGAREDDY HYDERABAD,C3417228,6594.0,1,1
HILLS HYDERBAD,C4217159,6573.44,1,1
CHUNABHATTI SIGNAL SION E MUMBAI,C1323136,6572.0,1,1
MAHADEV MANDIR  SURAT,C4727164,6570.0,1,1
YARI ROAD ANDHERI (W) MUMBAI,C3370454,6557.0,1,1
GREATER FARIDABAD,C3434911,6555.55,1,1
NALASOPARA (E),C8732133,6553.85,1,1
HODEL,C3037462,6550.0,1,1
NUAPADA,C2342085,6550.0,1,1
PHALODI,C1327676,6541.5,1,1
FATORDA MARGAO,C1929481,6540.52,1,1
ANAND BHAVAN CHENNAI,C9075336,6532.0,1,1
LAXMINAGAR,C2611752,6526.09,1,1
G P O RANCHI,C5510674,6511.0,1,1
MEERUT CANTT,C3025169,6505.0,1,1
BEKARY BANGALORE,C8115988,6500.0,1,1
KONDHAPURI,C9019518,6500.0,1,1
MAROL METRO MAROL ANDHERI (E)MUMBAI,C8540511,6500.0,1,1
MORADABAD MORADABAD,C1327455,6500.0,1,1
NGR MASJEED HYDERABAD,C2836433,6500.0,1,1
SAHIB MUKTSAR,C1475749,6500.0,1,1
TEMPLE MANGALORE,C1318382,6500.0,1,1
SHAHDA W KALYAN,C8725936,6499.0,1,1
SHOW ROOM SURAT,C7735964,6497.87,1,1
AGNES WATER,C6895054,6495.0,1,1
ARLEM,C8832786,6495.0,1,1
CHHATTISGARH(RAIGARH),C2126224,6486.0,1,1
AUNDH SANEWADI,C7142980,6479.76,1,1
SHAMLI,C1320964,6467.16,1,1
FALNA,C8940091,6466.0,1,1
SCHOOL GOVANDI MUMBAI,C8116543,6460.14,1,1
BHAYANDAR EAST,C5918656,6459.0,1,1
RESTURENT SOUTH 24 PARGANAS,C8335361,6452.0,1,1
ICICI BANK MUMBAI,C1029590,6450.0,1,1
PITAMPURA DELHI,C1025036,6446.0,1,1
MOOSAPET  HYDERABAD,C6245630,6444.48,1,1
SHAMIRPET,C9038260,6440.0,1,1
ODISSA BHAVAN VASHI NAVI MUMBAI,C7841318,6430.0,1,1
PRANTIJ,C5940070,6430.0,1,1
MEDINIPUR,C7141853,6422.0,1,1
TUTOCORIN,C1913877,6419.0,1,1
VIHAR BUS STOP APNA BAZAR SO THANE,C7596187,6418.75,1,1
BANGLAORE,C7936215,6417.0,1,1
KUPWARA,C5322039,6413.0,1,1
HILL PARK COMP JOGESHWARI W MUMBAI,C7430129,6409.0,1,1
JODI METLA GHATKESAR,C6396173,6400.0,1,1
SEC 21 GURGAON,C2527791,6400.0,1,1
8TH PHASE JP NAGAR BANGALORE,C5131890,6397.0,1,1
GANAUR,C8067630,6385.0,1,1
ALIPURDUAR,C2819634,6376.5,1,1
NAIROBI,C2527482,6370.0,1,1
HOSPITAL NEW DELHI,C4638223,6360.0,1,1
EAST KHASI HILLLS,C4815864,6357.0,1,1
AMET,C8840067,6351.0,1,1
SO MUMBAI,C1210212,6349.41,1,1
PANTIM,C2620243,6323.0,1,1
MANDYA,C6735680,6314.0,1,1
HUTHUKUR ROAD NELLORE,C3723150,6306.0,1,1
GOREGAON EAST MUMBAI MUMBAI,C6713180,6305.01,1,1
PATIL MARG SANTACRUZ WEST MUMBAI,C2942489,6300.0,1,1
TQ KHED PUNE,C6625745,6300.0,1,1
HIGH ROAD NUNGAMBAKKAM CHENNAI,C2420536,6299.85,1,1
SHOWROOM THANE,C1624190,6295.0,1,1
BORIVALI W,C5141163,6290.0,1,1
ETAWAH,C8020938,6268.0,1,1
KURLA WEST MUMBAI,C6141939,6268.0,1,1
BHIWADI ALWAR,C5938048,6261.0,1,1
DOMBIVLI EAST DOMBIVLI,C5640940,6254.6,1,1
SOUTH ELECTRONICS CITY BANGALORE,C8887115,6250.0,1,1
ASSAGAON,C3040655,6245.0,1,1
OLD BOWENPALLY,C8238792,6244.0,1,1
CENTRE MUMBAI,C8028291,6240.0,1,1
CLUB BURDWAN,C2722682,6233.0,1,1
RD SAKET NEW DELHI,C3720951,6219.0,1,1
CENTRAL DELHI NEW DELHI,C7533380,6212.0,1,1
BHUJKUTCH,C4816574,6200.0,1,1
KATNI,C6637325,6200.0,1,1
MADHYAMGRAM,C6866943,6200.0,1,1
SAFIDON,C3913915,6200.0,1,1
SAKLESHPUR,C3913870,6200.0,1,1
KARTARPUR,C6093367,6199.04,1,1
KHURDA-ORISSA,C2528953,6186.0,1,1
THANE W JEKE GRAM,C7427833,6174.8,1,1
OUTER RING ROAD BANGALORE,C8226128,6170.5,1,1
DOMBIVLI,C4176327,6170.0,1,1
BESIDE ORIENTAL BANK SECUNDERABAD,C2139470,6168.0,1,1
SECENDRABAD,C8814024,6168.0,1,1
LODZ,C1029824,6164.0,1,1
MUMBAI ANDHERI WEST,C2142547,6161.08,1,1
DHUBRI,C8531430,6161.0,1,1
MUTHOLY,C9019966,6161.0,1,1
SOUTH MORANG,C5321464,6160.0,1,1
BHANDEWADI BAGADGANJ MAUDA NAGPUR,C4619457,6151.53,1,1
MANDIR ASANSOL,C5823049,6147.0,1,1
SION E MUMBAI,C5415753,6146.0,1,1
MANDIGOBINDGARH,C6325368,6142.83,1,1
S.B MARG W MUMBAI,C7017789,6138.0,1,1
MALKAJGIRI RANGAREDDY,C8879077,6137.87,1,1
NR VIDYAVIHAR RLY STN MUMBAI,C3944453,6133.93,1,1
TILAKNAGAR THANE,C2011662,6127.0,1,1
NAKA PUNE,C8330086,6126.0,1,1
MALL KUNDALAHALLI BANGALORE,C5834058,6125.0,1,1
OFF PUNE NAGAR ROAD PUNE,C7595016,6125.0,1,1
NARASARAOPET,C8856320,6124.0,1,1
VELLORE DISTRICT,C6721858,6115.0,1,1
OFFICE HYDERABAD,C4826451,6107.0,1,1
DELIVERY MUMBAI,C3425514,6106.0,1,1
ERNAKULAM DISTRICT,C5134274,6106.0,1,1
AMBASAMUDRAM,C2837955,6103.0,1,1
BRIDGE MUMBAI,C8636679,6102.12,1,1
STATUE PUNE,C5818939,6098.04,1,1
NELLORE DT,C8124063,6097.0,1,1
SONAMURA,C4711878,6090.0,1,1
KHAR  MUMBAI,C7361750,6085.0,1,1
GHANSOLI,C3432536,6081.3,1,1
117 GREATER MOHALI MOHALI,C6269990,6071.25,1,1
(SUB URBAN) MUMBAI,C6835656,6038.27,1,1
SANKARA COLONY CHEMBUR MUMBAI,C1232541,6038.27,1,1
KORMANGALA BANGALORE,C4110391,6035.0,1,1
LANE ITARSI,C5310334,6035.0,1,1
AUNDHA NAGNATH,C7539748,6032.0,1,1
JADAVPUR,C8164968,6030.0,1,1
SIROHI,C4035913,6029.0,1,1
BAKERY BANGALORE,C1916254,6028.4,1,1
INTERNATIONAL SCHOOL VIRAR,C9030285,6026.0,1,1
KALYAN D C THANE,C5131272,6025.09,1,1
NAHAN,C8837931,6020.0,1,1
P AND T COLONY MUMBAI,C3459725,6013.62,1,1
SOUTH BANGALORE,C7133530,6010.0,1,1
ALMORA,C7039566,6000.0,1,1
APNA BAZAR THANE,C3015885,6000.0,1,1
BARAN,C4650914,6000.0,1,1
BHUJ-KUTCH,C2839846,6000.0,1,1
BUILDING PUNE,C1329525,6000.0,1,1
DELHI (VIKASHPURI),C6724238,6000.0,1,1
DHAYRI ROAD PUNE,C6717514,6000.0,1,1
GREATER NOIDA(W),C5035013,6000.0,1,1
KANNADA MANGALORE,C4286314,6000.0,1,1
KATOLROAD KATOLROAD NAGPUR,C8242343,6000.0,1,1
KHANAMET M HYDERABAD,C6040849,6000.0,1,1
KRISHNA DISTRICT,C3912117,6000.0,1,1
MAHABUB NAGAR,C8024139,6000.0,1,1
MARG KURLA W MUMBAI,C1027026,6000.0,1,1
MEESEVA CENCER HYDERBAD,C2118879,6000.0,1,1
NA HYDARABAD,C4217466,6000.0,1,1
PATAN,C2712639,6000.0,1,1
PONNAMALLEE,C2327454,6000.0,1,1
SAROORNAGAR RANGAREDDI HYDERABAD,C7245488,6000.0,1,1
SION MUMBAI,C1399378,6000.0,1,1
THANE DISTRICT,C4826983,6000.0,1,1
THANE W KOLSHET ROAD,C8131019,6000.0,1,1
THIRUVARUR,C4626988,6000.0,1,1
VELLAVOOR,C8536834,6000.0,1,1
KOTKASIM,C5632145,5999.0,1,1
RAE BARELI,C6536253,5999.0,1,1
SAGANER JAIPUR,C1882582,5999.0,1,1
CITY PUNE,C1813738,5995.0,1,1
KORAPUT,C3716063,5990.0,1,1
ELPHINSTONE MUMBAI,C3533691,5982.0,1,1
INFINITY BENCHMARK KOLKATA,C5625187,5977.0,1,1
CENTRE LOWER PAREL MUMBAI,C6721523,5974.0,1,1
BORIVALI DISTT MUMBAI,C4141290,5972.0,1,1
FAHAHEL,C1921456,5960.0,1,1
21 A FARIDABAD,C1338413,5955.0,1,1
PEORIA,C4438153,5948.0,1,1
KATRA DISTT REASI,C4330516,5945.0,1,1
HEADQUARTERS NAVI MUMBAI,C1940885,5940.0,1,1
STOP BANGALORE,C5777570,5932.0,1,1
GAUTAMBUDH NAGAR,C6079384,5926.0,1,1
JASPUR KHURD JASPUR,C6117832,5922.0,1,1
BEGOWAL,C2931965,5921.0,1,1
80 FEET RD KORAMANGALA BANGALORE,C2386916,5919.0,1,1
RAJENDRANAGAR MANDAL HYDERABAD,C3342082,5915.0,1,1
BHABUA,C5936923,5910.0,1,1
NORTH SIKKIM,C3529817,5908.0,1,1
ST FRANCIS SCHOOL BANGALORE,C2533840,5906.86,1,1
JHIRPANI,C3169314,5906.0,1,1
WALAJAPET,C8525185,5905.0,1,1
NALLASOPARE E THANE MUMBAI,C4959184,5904.0,1,1
BAROTIWALA,C7613787,5900.01,1,1
BESIDE AXIS BANK MARINE LINESMUMBAI,C5521927,5900.0,1,1
HYDERABAD RANGAREDDI,C4030290,5900.0,1,1
JAMMU JAMMU,C6922616,5900.0,1,1
NANDASAN,C3518181,5900.0,1,1
ROAD THANE THANE,C6414448,5900.0,1,1
THANJAVVR (DT),C4931262,5900.0,1,1
ROAD BKC BANDRA (E) MUMBAI,C5025573,5899.0,1,1
BHIWANDI DISTT ALWAR BHIWADI,C2713143,5896.0,1,1
MUNICH,C6885267,5894.0,1,1
DISTT AMRITSAR AMRITSAR,C5224689,5891.0,1,1
NEW DELH,C3240744,5891.0,1,1
II STAGE  BANGALORE,C4933663,5871.0,1,1
THANE DOMBIVALI I A,C4961335,5857.36,1,1
W E H MUMBAI,C7712819,5849.0,1,1
EAST MIDNAPORE,C4815471,5845.0,1,1
BOISAR EAST,C1940611,5843.62,1,1
GHAZIZBAD,C2830227,5831.29,1,1
YERWADA ABOVE IDEA SHOWROOM PUNE,C5220521,5825.0,1,1
PUDUKOTTAI,C1836457,5822.0,1,1
THANE VIDYASHRAM THANE,C5241050,5811.0,1,1
KRISHNARAJAPURAM HOBLI BANGALORE,C2216932,5805.0,1,1
CHEMBUR,C5626470,5804.0,1,1
KHURJA,C6036914,5800.0,1,1
ANDHERI-W MUMBAI,C3832588,5798.0,1,1
SHYAM NAGAR JAIPUR,C7016676,5797.0,1,1
NEAR SHIV SENA OFFICE THANE,C5712211,5782.0,1,1
GANGANAGAR BANGALORE,C1215622,5775.0,1,1
LATUR,C1913922,5770.0,1,1
TRIPURA AGARTALA,C9035881,5770.0,1,1
VARTHUR HOBLI BANGALORE,C5226355,5770.0,1,1
SRINAAR COLONY HYDERABAD,C1916983,5764.0,1,1
D D U NGR RAIPUR,C8636378,5762.0,1,1
SOUTH GOA,C1542128,5758.58,1,1
PUNE SASWAD ROAD PUNE,C1218457,5752.0,1,1
ABOVE AASHWAD HOTEL MUMBAI,C4630721,5750.0,1,1
SEWATA,C3312984,5750.0,1,1
VISAKHAPATMAN,C6133237,5750.0,1,1
CMR RD BANGALORE,C3355870,5746.0,1,1
LAJPAT NAGAR DELHI,C3012160,5739.0,1,1
NGR 3RD PHASE BANGALORE,C7832670,5734.0,1,1
SALIGAO BARDEZ,C1129186,5724.2,1,1
BIETIGHEIM BISSINGEN,C8585851,5721.12,1,1
SIGNAL SION (E)MUMBAI,C4020569,5719.05,1,1
GREATER NOIDA WEST,C8260328,5700.0,1,1
LAKHIMPUR KHERI,C4320142,5700.0,1,1
LONI,C8925912,5700.0,1,1
MALAD (W) MUMBAI,C1323662,5700.0,1,1
SHAHIBAUG AHMEDABAD,C7917351,5700.0,1,1
DIST PUNE,C7230489,5698.0,1,1
DIST SAS NAGAR,C2738044,5696.0,1,1
PUMP NR YES BANK SURAT,C2927587,5696.0,1,1
VELVI,C2339148,5694.0,1,1
GULTEKDI PUNE,C5951386,5690.0,1,1
TIRUVARUR DT,C1912536,5683.0,1,1
MARG NEW DELHI,C6240784,5680.0,1,1
MANSA,C3426664,5678.08,1,1
JAYANAGAR BANGALURU,C2861459,5665.0,1,1
EAST MUMBAI(SUBURBAN),C5722467,5663.18,1,1
MANGALORE D K,C1522681,5655.0,1,1
HDFC BANK KOLKATA,C5835468,5651.0,1,1
VASAI PALGHAR,C4218873,5636.0,1,1
ORLIM SALCETE,C5430833,5634.0,1,1
TOYATO SHOWROOM MALAD WEST MUMBAI,C4738981,5624.95,1,1
BUNDI,C1639158,5605.0,1,1
PALGHAR BOISAR,C7861337,5602.2,1,1
LOWER DAREL WORLI MUMBAI,C5834115,5601.88,1,1
BREACH CANDY MUMBAI,C1627085,5600.0,1,1
KARTIKULAM,C3937671,5600.0,1,1
SAS NAGAR KHARAR,C4524718,5600.0,1,1
SHAKHA BHAWAN ANDHERI W MUMBAI,C6934353,5600.0,1,1
VARNASI,C5736569,5600.0,1,1
VIYYUR THRISSUR,C5715644,5599.0,1,1
POLICE STATION KOLKATA,C2435878,5598.0,1,1
SAMALKHA,C1329626,5596.0,1,1
HIGHWAY SION E MUMBAI,C1817264,5587.0,1,1
GURGAON RD DUNDHERA GURGAON,C4526962,5581.95,1,1
KHAMANON,C5828754,5572.0,1,1
BHUSAWAL JALGAON,C4233070,5571.49,1,1
VISHAKHAPATNAM,C2423841,5571.0,1,1
SHAHAJAHAYEPUR,C5455132,5569.03,1,1
AND POOR OFFICE PUNE,C5820555,5556.0,1,1
VALSAD VAPI,C5411413,5555.58,1,1
ROAD ANDHERI (E) MUMBAI,C4560966,5555.0,1,1
ETAH,C8141039,5554.0,1,1
PARVATIPURAM,C2216919,5551.0,1,1
DELHI KRISHAN VIHAR,C8724725,5546.0,1,1
DARBHANGA,C7941344,5543.65,1,1
DHANSOR,C2712287,5542.0,1,1
STATION NEW DELHI NEW DELHI,C5337667,5540.0,1,1
BHARTIVIDYAPEETH POLICE STN PUNE,C5483284,5532.0,1,1
KANGAYAM,C8324847,5525.0,1,1
MACHHAILA SAS NGR PANCHKULA MOHALI,C2511116,5520.31,1,1
TAHNE,C7525984,5520.0,1,1
KANNAUJ,C3634675,5511.8,1,1
PALAMPUR,C7530075,5508.46,1,1
BANK- HINJEWADI-PUNE,C7035238,5500.0,1,1
BORIVALI (WEST) MUMBAI,C1418821,5500.0,1,1
CHAMKAUR SAHIB,C4329472,5500.0,1,1
COMPOUND LOWER PAREL WEST MUMBAI,C1119760,5500.0,1,1
HOTEL RAJMAHAL MUMBAI,C5314059,5500.0,1,1
IIT MUMBAI,C4554635,5500.0,1,1
JANGIPUR,C7735421,5500.0,1,1
MAIN ROAD P N PALAYAM COIMBATORE,C2842659,5500.0,1,1
NEW ASHOK NAGAR,C5935753,5500.0,1,1
TIJARA,C1132432,5500.0,1,1
LASHKAR CITY,C3631844,5499.0,1,1
NAGERCOIL K K DIST,C8523814,5498.0,1,1
PHASE 01 HINJEWADI PUNE,C7931053,5495.94,1,1
DAKSHINA KANNADA,C5137864,5494.0,1,1
MUNICIPAL MARKET C G RD AHMEDABAD,C7448680,5486.0,1,1
HIGHWAY GOREGOAN (EAST) MUMBAI,C4981723,5485.0,1,1
GHAZAIBAD,C7616584,5483.0,1,1
KAUSHAMBI,C2015136,5481.2,1,1
STATION KAMRUP GUWAHATI,C7242444,5481.0,1,1
SOUTH ANDAMAN,C2112674,5474.0,1,1
BOLPUR NR RABICHAYA LODGE BOLPUR,C2960184,5465.0,1,1
NGR SECUNDERABAD,C8140320,5463.6,1,1
AMIDHARA WADI SURAT,C7526645,5456.7,1,1
SEC-127 NOIDA,C2589872,5455.0,1,1
AERODROME POST COIMBATORE,C1331461,5423.0,1,1
SIGNAL SION (E) MUMBAIL,C3214071,5422.92,1,1
SOUTH WEST DELHI DELHI,C6011136,5420.0,1,1
KOTEWSHWAR MOTTERA,C6889714,5418.4,1,1
BANJARA HILLS,C8324248,5410.0,1,1
MAHIPALPUR EXTENSION NEW DELHI,C8028649,5404.0,1,1
DUBLIN1,C2112634,5400.0,1,1
PARATWADA,C7242869,5400.0,1,1
PURBA MEDINIPUR,C1122843,5400.0,1,1
VAISHALI GHAZIABAD,C3027814,5400.0,1,1
KOLASIB,C1730245,5388.0,1,1
TIRUPATHI CHITTOOR,C1499492,5385.0,1,1
ADOOR,C8635077,5375.0,1,1
BARDEZ BETIM,C5718192,5370.6,1,1
HANUMANGARH,C7834716,5370.0,1,1
BUNDAHERA GURGAON,C6071066,5366.0,1,1
BEGUMPURA DENA BANK SURAT,C7840875,5365.0,1,1
UMBAR PADA,C3041785,5365.0,1,1
BHYANDER WEST,C8968764,5350.0,1,1
BROOKLYN,C3710432,5350.0,1,1
REPUBLIC MUMBAI,C6259240,5349.0,1,1
INFORE,C3712026,5343.0,1,1
KAKKANAD,C7728352,5339.0,1,1
KARVIR KOLHAPUR,C3249915,5338.51,1,1
TRIBENI,C2424690,5338.0,1,1
NODE NR NEW SUDHAGAD COLL RAIGARH,C3715440,5335.43,1,1
MASJID MUMBAI,C2311859,5335.0,1,1
SECTOR 21A FARIDABAD,C6319866,5334.0,1,1
GOVANDI EKBAL AZMI HOTEL MUMBAI,C7728271,5331.57,1,1
NEW GAJUWAKA VISAKHAPATNAM,C5227724,5330.65,1,1
MALLESHWARA BANGALORE,C2518864,5329.0,1,1
NATHDWARA,C7839059,5328.36,1,1
MOTI BEGAMWADI RING RD SURAT SURAT,C7522236,5327.0,1,1
SOCORRO,C4438958,5322.0,1,1
BANKURA,C3119448,5320.36,1,1
SONEBHADRA,C9041263,5319.0,1,1
DEPOT MUMBAI,C7019450,5318.43,1,1
RAJAPALAYAM,C2913292,5316.0,1,1
PRABHAT ROAD ERANDWANA PUNE,C6535434,5312.0,1,1
TRISSUR,C2716460,5306.62,1,1
KATEMANJUALI,C8337131,5306.5,1,1
DISTT-GURGAON,C8367891,5303.0,1,1
ANDHERI(W) MUMBAI,C5920950,5302.0,1,1
ALIPI,C6737473,5301.0,1,1
ROAD VALSAD,C2922342,5301.0,1,1
ROAD DEONAR MUMBAI,C5865065,5300.0,1,1
LAWNGTLAI,C2523690,5298.0,1,1
MARDOL,C8998045,5298.0,1,1
SANT RAVIDAS NAGAR,C3239414,5295.06,1,1
HIGH SCHOOL SURAT SURAT,C1221832,5290.0,1,1
SAWAI FACTORY RAIPUR,C6125751,5282.0,1,1
JOGESHWARI (W) MUMBAI,C9017852,5281.82,1,1
CITY MALL MUMBAI,C9017769,5276.82,1,1
MELUR,C2725922,5274.22,1,1
NEURA,C6023243,5272.0,1,1
SHIVAJI NAGAR PUNE,C7297523,5269.93,1,1
TITWALA,C5712560,5268.0,1,1
WEST UMELE BASSEIN ROAD THANE,C1141630,5265.0,1,1
MARG KURLA WEST MUMBAI,C2233891,5262.33,1,1
SEMENCHERY DEPOT CHENNAI,C4314643,5262.0,1,1
MAHENDERGARH,C6833751,5261.26,1,1
BARDDHAMAN DURGAPUR,C5438651,5260.0,1,1
STAND CHENNAI,C5342424,5260.0,1,1
RUPNAGAR NAYA NANGAL,C1018928,5257.99,1,1
RATIONING OFFICE MUMBAI,C3122033,5253.0,1,1
NAGAR BHIWANDI,C5039322,5251.77,1,1
HOTEL NAVI MUMBAI,C5229541,5250.0,1,1
MIRA ROAD E THANE,C5434958,5250.0,1,1
PALAKKADI,C8526411,5250.0,1,1
KIDS NURSERY MUMBAI,C3921334,5249.0,1,1
RI-BHOI,C8322172,5232.0,1,1
SAMAJ NI WADI SURAT,C2180420,5226.31,1,1
BAKROL,C8015961,5222.0,1,1
MUZZAFFAR NAGAR,C3115435,5208.0,1,1
MANIPAL,C6715442,5207.0,1,1
G B ROAD THANE,C6922021,5206.0,1,1
TIRUPATI (URBAN),C5317081,5201.0,1,1
CHAS BOKARO,C5710753,5200.0,1,1
GURAGAON,C5212681,5200.0,1,1
JALENDHAR,C8511932,5200.0,1,1
BADLAPUR EAST,C3234027,5198.0,1,1
PARK CHENNAI,C4230573,5197.0,1,1
ASSOLNA,C7018885,5194.0,1,1
KANDIVALI  WEST,C3825759,5192.25,1,1
BUR DUBAI,C2911347,5190.0,1,1
TOWERS AHMEDABAD,C6838165,5189.0,1,1
BAIGUINIM,C4725756,5183.0,1,1
DOYLESTOWN,C7326019,5180.0,1,1
TALUK KANCHEEPURAM DIST,C8715978,5180.0,1,1
PUNE BALEWADI,C6323322,5173.85,1,1
MUMBAI NAVI MUMBAI,C2035126,5160.1,1,1
RAMAPURAM,C4627341,5160.0,1,1
TARAN,C7919355,5159.0,1,1
PIPARIYA,C2228948,5158.0,1,1
KOVIL CHENNAI,C5525328,5152.0,1,1
INTERNATIONAL SCHOOL MUMBAI,C4840580,5150.0,1,1
MOHALI CHANDIGARH,C4027578,5150.0,1,1
WORLI MUMBAI,C2610426,5150.0,1,1
CHEMBUR (E),C5719558,5148.02,1,1
CBE,C3834630,5146.0,1,1
VYTILA ERNAKULAM,C4881514,5146.0,1,1
KHANDAGIRI,C3640922,5140.0,1,1
DENKANIKOTTA,C6269344,5139.0,1,1
BALTANA,C3315373,5131.0,1,1
LINK RD MUMBAI,C7727053,5130.05,1,1
NASIRABAD 63 GURGAON,C4838957,5120.0,1,1
SERVICE CENTER HYDERABAD,C5055248,5120.0,1,1
POST KOCHI,C4625838,5112.0,1,1
SAMAYPUR DELHI,C7916319,5111.0,1,1
ROAD WARD NO 41 NAGPUR,C7615066,5107.2,1,1
OKHLA INDUSTRIAL ESTATE NEW DELHI,C6525264,5103.4,1,1
CACHAR,C5315321,5103.0,1,1
UKHRUL DIST,C5385954,5103.0,1,1
WEST TRIPURA WEST TRIPURA TRIPURA,C1826186,5103.0,1,1
CUMMING,C1910070,5100.0,1,1
EAST VASAI,C8720723,5100.0,1,1
KAVARATTI,C6217114,5100.0,1,1
OPP ROOPA HOTEL MANGALORE,C1540776,5100.0,1,1
STUD FARM PUNE,C3515792,5100.0,1,1
SURYAPET NALGONDA DIST,C2430927,5100.0,1,1
BHAYANDER WEST THANE,C2610335,5099.0,1,1
MUMABAI,C6426965,5098.0,1,1
NAKA CHARKOP KANDIVALI W MUMBAI,C3647640,5089.8,1,1
APPT PATNA,C4718182,5088.0,1,1
GOVERNORATE MANAMA,C2841469,5085.0,1,1
NORTH 24 PARAGANAS,C8341173,5085.0,1,1
KHERLI,C7040916,5084.0,1,1
XAVIERS HIGH SCHOOL SURAT,C4933122,5080.0,1,1
SOUTH BANASHANKARI 3 STG BANGALORE,C8524533,5071.0,1,1
CHAKAN PUNE,C6118887,5070.0,1,1
SUPER MARKET CHENNAI,C2730839,5070.0,1,1
VARANSI,C1479039,5067.98,1,1
AMBERNATH AMBERNATH THANE,C1373616,5065.0,1,1
MALLESHWARAM BANGALORE,C6355217,5059.0,1,1
WARANGAL DISTRICT,C1018061,5058.0,1,1
BAGADGANJ NAGPUR,C5449991,5054.7,1,1
DELHI EAST,C7544540,5052.0,1,1
ANGUL,C6631617,5050.0,1,1
LASHKAR GWALIOR,C2827084,5050.0,1,1
NGR KUDLU BANGALORE,C5317480,5050.0,1,1
SOCIETY MUMBAI,C1328247,5050.0,1,1
THE ACRES CLUB CHEMBUR MUMBAI,C7482365,5049.0,1,1
NARASARAOPET GUNTUR D T,C6225716,5047.0,1,1
ANJAR,C2618821,5045.0,1,1
GHAZIABAD DIST,C8387411,5042.0,1,1
EXTN GURGAON,C1713162,5041.75,1,1
JODUPUR,C5911325,5039.0,1,1
CHANDRAPUR DIST,C5911825,5026.0,1,1
CINEMA HAORA,C8763450,5025.0,1,1
DHARBAR RESTAURANT SALEM,C1213128,5016.2,1,1
SAMPANGI RAM NAGAR BANGALORE,C4418866,5015.0,1,1
ANAND NAGAR DAHISAR E MUMBAI,C5041082,5010.0,1,1
NAVI MUMAI,C8832749,5002.68,1,1
18 CTS 65 CHEMBUR MUMBAI,C8520876,5000.0,1,1
39 OPP HSBC BUILDING GURGAON,C5678355,5000.0,1,1
ATHAL,C6012242,5000.0,1,1
AUCKLAND,C7242359,5000.0,1,1
BADLAPUR WEST,C7228354,5000.0,1,1
BEAWAR D AJMER,C3734648,5000.0,1,1
BHOSALE NAGAR PUNE,C4327858,5000.0,1,1
BICHOLIM NORTH GOA,C2379153,5000.0,1,1
BULANDSHAHR GULAOTHI,C4219660,5000.0,1,1
CANACONA,C2236041,5000.0,1,1
CHAMPAWAT,C1412183,5000.0,1,1
CHEMBUR EAST MUMBAI,C8314143,5000.0,1,1
CHIKKABALLAPURA,C2655687,5000.0,1,1
CHIRANJEEVI BLOOD BANK HYDERABAD,C1041049,5000.0,1,1
CITY MIRA BHAYANDAR MCL THANE,C3735457,5000.0,1,1
DAKSHIN DINAJPUR,C8926574,5000.0,1,1
DAMOH,C2238585,5000.0,1,1
DASSANIS STUDIO KOLKATA,C8824574,5000.0,1,1
DHARAMSHALA AMBALA,C1517727,5000.0,1,1
DHURI DISTT SANGRUR,C7522869,5000.0,1,1
DIST MOHALI ZIRAKPUR,C5440980,5000.0,1,1
DISTRICT MEDAK,C3538029,5000.0,1,1
ELECTRONICS CITY BANGALORE,C2811025,5000.0,1,1
ELPHINTONE ROAD WEST MUMBAI,C1430056,5000.0,1,1
EVERARD NAGAR MUMBAI,C2758242,5000.0,1,1
FASTNERS PUNE,C1441942,5000.0,1,1
FEROZEPUR CITY,C5816015,5000.0,1,1
GAUTAM BUDDH NAGAR,C6412857,5000.0,1,1
GOJHARIYA,C1118612,5000.0,1,1
GUNTUR DISTRICT,C5614713,5000.0,1,1
II STAGE BANGALORE SOUTH BANGALORE,C3130568,5000.0,1,1
JABALPUR ADHARTAL JABALPUR JABALPUR,C4424552,5000.0,1,1
JAGDAMBA SADIHALL GOVINDPURA BHOPAL,C2415321,5000.0,1,1
JAMSAEDPUR,C3338561,5000.0,1,1
JUNCTON VISAKHAPATNAM,C6957744,5000.0,1,1
KANAKAPURA RAMANAGAR,C3540947,5000.0,1,1
KANDIVALI (EAST) MUMBAI,C1252548,5000.0,1,1
KARPI,C4525046,5000.0,1,1
LUDHIANA LUDHIANA,C8431373,5000.0,1,1
MADHAPUR,C1321692,5000.0,1,1
"MAHIM EAST,MUMBAI",C6521145,5000.0,1,1
MANAULI,C7420461,5000.0,1,1
MANDAL UDAIPUR,C3437532,5000.0,1,1
MANGALURU,C2434229,5000.0,1,1
MARATHALLI RING ROAD BANGALORE,C5840563,5000.0,1,1
MARKET NEW DELHI,C3933741,5000.0,1,1
MIRA ROAD EAST-THANE,C6620326,5000.0,1,1
MOUNT HAWTHORN,C6325521,5000.0,1,1
MULUND W MUMBAI,C1254391,5000.0,1,1
MUMBAI CITY TEHSIL MUMBAI CITY,C8321262,5000.0,1,1
NAGAVARA BANGALORE,C1426146,5000.0,1,1
NANGAL CHOUDHARY,C8538137,5000.0,1,1
NATHADVARA,C8124546,5000.0,1,1
NR SAI HOSPITAL PUNE,C6636580,5000.0,1,1
PANBAZAR,C4933972,5000.0,1,1
PANVEL RAIGARH NAVI MUMBAI,C2122860,5000.0,1,1
PARK NR ASHOKNGR PARK KOLKATA,C3835321,5000.0,1,1
PATTAR KALAN,C8020516,5000.0,1,1
PHABAT RD ZIRAKPUR,C5338624,5000.0,1,1
PHASE 1 HINJEWADI  PUNE,C5540059,5000.0,1,1
PUMP ADALAJ,C3116722,5000.0,1,1
RAJGURUNAGAR,C7023663,5000.0,1,1
RBK SCHOOL GOVANDI MUMBAI,C8027114,5000.0,1,1
ROHILLA NEW DELHI,C4641987,5000.0,1,1
SALMIYA,C8828978,5000.0,1,1
SANTACRUZ,C5137590,5000.0,1,1
SARJAPURA RD BENGALURU,C6489576,5000.0,1,1
SHAHADRA,C4280192,5000.0,1,1
SHIVPURI BORING RD PATNA,C5625267,5000.0,1,1
SIVIDAO,C5625635,5000.0,1,1
SURENDRANAGAR SURENDRANAGAR,C5153440,5000.0,1,1
THIRUVANNAMALAI,C9042838,5000.0,1,1
UDALGURI,C8325891,5000.0,1,1
WEST DELHI VASANT KUNJ DELHI,C1425482,5000.0,1,1
WESTLANDS,C5281760,5000.0,1,1
BAKSA,C7483453,4999.0,1,1
BANGALORE RURAL DIST,C5313826,4999.0,1,1
HOSPITAL PUNE,C1113156,4999.0,1,1
NEAR MUMBAI PUNE HAIWAY PUNE,C4631565,4999.0,1,1
NGR POWAI MUMBAI SAKINAKA MUMBAI,C4028135,4999.0,1,1
SARKAGHAT,C7514569,4999.0,1,1
SEHORE SEHORE,C2238980,4999.0,1,1
PUZHITHIVALKAM CHENNAI,C2240959,4998.0,1,1
BUNGALOWS RAJKOT,C2313378,4995.0,1,1
KALAMB,C6017125,4992.0,1,1
VASAI EAST,C4231792,4985.62,1,1
JHARGRAM,C3433074,4985.0,1,1
SCHOOL SOUTH 24 PARGANAS,C5624953,4985.0,1,1
NEAR WESTAND MALL NEW DELHI,C5433957,4980.0,1,1
ROHINI DELHI,C2133378,4980.0,1,1
RAMPURHAT,C3239758,4975.0,1,1
KOTKAPURA,C2981766,4970.25,1,1
SOLA AHMEDABAD,C4014125,4970.0,1,1
SINGHBHUM,C1640869,4963.0,1,1
VAZHUTHACAUD THYCAUD TRIVANDRUM,C6136882,4954.0,1,1
GUGAON,C3131957,4953.53,1,1
VASTI MALEGAON,C8931061,4951.0,1,1
SONITPUR,C5034523,4950.52,1,1
SOUTH BOPAL AHMEDABAD,C1227249,4950.37,1,1
KODARMA,C7312842,4950.0,1,1
NAGAR EAST CHENNAI,C7620315,4950.0,1,1
"PURAM, BANGALORE",C3286147,4950.0,1,1
SHOWROOM BANGALORE,C3413475,4950.0,1,1
AMBARNATH,C4027088,4948.75,1,1
TEGHARIA KOLKATA,C7329775,4948.0,1,1
BARDHAMAN,C4037776,4947.0,1,1
KALYAN WEST-THANE,C7123732,4941.0,1,1
ANDHERI-W-MUMBAI,C4611088,4930.8,1,1
DHARAMPUR,C6911235,4929.48,1,1
MAKHMALI TALAO THANE WEST,C7527430,4928.61,1,1
NEW DLEHI,C7630173,4928.0,1,1
JOHANNESBERG,C3313353,4923.0,1,1
BHAYANDER MIRA RD E THANE,C3042190,4917.0,1,1
KUMBAKONAM TK,C3216342,4917.0,1,1
BURNPUR,C6421439,4916.5,1,1
RAJASTHAN COLLEGE JAIPUR,C8129374,4915.0,1,1
MADURAI ST,C3731212,4913.7,1,1
KANDIVALI W MUMBAI,C6410278,4910.85,1,1
PAURI,C3764373,4910.0,1,1
BESIDE HOTEL SITARA HYDERABAD,C5928386,4908.0,1,1
YEMLUR POST BANGALORE,C1211178,4907.0,1,1
SRINIVASPURI,C5220435,4901.0,1,1
PADA NO 4 THANE,C4774368,4900.0,1,1
POLICE STATION MUMBAI,C1130458,4900.0,1,1
TIRUVANNAMALI (D),C6334615,4900.0,1,1
MADHANANDHAPURAM CHENNAI,C5241883,4899.0,1,1
MANIPUR,C7676542,4898.0,1,1
L N PURAM BANGALORE,C8837792,4896.0,1,1
MOIRANG,C6036476,4896.0,1,1
ORR BANGALORE,C7053286,4896.0,1,1
NAGAR GHATKOPAR EAST MUMBAI,C8826050,4892.33,1,1
PETROL PUMP FARIDABAD,C5461571,4888.0,1,1
MAZGAON MUMBAI CITY,C6595466,4881.0,1,1
NORWICH,C5010931,4880.0,1,1
TRISHUR,C2857642,4879.0,1,1
FARRUKH NAGAR GURGAON,C3231525,4878.0,1,1
BESIDE RANBOW VISTAS RANGAREDDY,C5219758,4875.0,1,1
RING RD BANGALORE,C4811082,4867.0,1,1
KANJARI,C5118165,4864.0,1,1
VAPI PARDI VALSAD,C4034071,4858.0,1,1
ESTATE MUMBAI,C5486315,4855.0,1,1
BLOCK-I POCKET-D NEW DELHI,C4232519,4850.0,1,1
BRIDGE ANDHERI W MUMBAI,C4639851,4850.0,1,1
HOUSTON,C6342411,4847.0,1,1
KHARGHAR,C7725961,4845.36,1,1
HADPSAR I C PUNE,C8729979,4840.65,1,1
LINK ROAD ANDHERI WEST MUMBAI,C5129772,4840.0,1,1
SIVAGANGAI,C6235182,4837.0,1,1
COOCHBEHAR,C6230220,4836.0,1,1
MUMBAI SAKINAKA MUMBAI,C5225991,4833.0,1,1
OPP LAKE CITY MALL THANE WEST THANE,C2130067,4829.0,1,1
MIRA ROAD EAST MUMBAI,C4731132,4828.35,1,1
CHARKOP KANDIVALI WEST MUMBAI,C3930589,4825.0,1,1
BALASORE,C3228089,4822.0,1,1
SATELLITE AHMEDABAD,C2525079,4810.53,1,1
COMPLEX ANDHERI EAST MUMBAI,C3478940,4809.0,1,1
PILIBHIT,C5419572,4809.0,1,1
WANAWADI PUNE,C2171150,4807.01,1,1
COLLEGE HUBLI,C7493844,4805.83,1,1
PURNEA,C6415976,4805.0,1,1
BHUJ KACHCHH,C8874282,4800.0,1,1
CHANNAI,C7612435,4800.0,1,1
K V RANGA REDDY,C1328352,4800.0,1,1
MUMBAI CITY MUMBAI,C7129836,4800.0,1,1
NOKHA BIKANER,C2021246,4800.0,1,1
SCHOOL GANNAVARAM,C2727031,4800.0,1,1
VELLORE DIST,C2210859,4800.0,1,1
VYTILLA ERNAKULAM,C8252444,4800.0,1,1
NAIHATI,C6411530,4799.0,1,1
DHARMANAGAR HOSPITAL NORTH TRIPURA,C5411943,4798.01,1,1
SHRAWASTI,C2284969,4797.0,1,1
MEDAK DISTRICT,C3131931,4796.8,1,1
SANUORDEM,C7125465,4796.0,1,1
GOREGAON E MUMBAI,C6429742,4794.0,1,1
SRIGANGANAGAR,C6218723,4790.0,1,1
BYPASS HADAPSAR PUNE,C8642487,4788.0,1,1
SOUTH BIDAR,C7037335,4786.85,1,1
NANI DAMAN,C8050521,4785.0,1,1
KANNAD,C7239655,4783.5,1,1
PANCHAYATH,C7141444,4779.0,1,1
ORIKKAI,C5610780,4770.0,1,1
MULTAI,C4016227,4768.0,1,1
SANPADA S O THANE,C1781244,4762.0,1,1
VIJAYA BANK BANGALORE,C6433754,4759.0,1,1
BESIDE MESTRI PALYA CHURCH BANGALOR,C3634126,4758.0,1,1
BILHA BILASPUR,C4636312,4758.0,1,1
NKD NAKODAR,C2412264,4756.0,1,1
CHURHAT,C3110421,4750.0,1,1
NEVILLEHOUSE  MUMBAI,C6626131,4748.0,1,1
TRIPURA WEST,C5419422,4746.02,1,1
URAN RAIGAD,C6522520,4741.0,1,1
SIOLIM BARDEZ,C8632031,4740.0,1,1
WILLINGDON ISLAND,C2927132,4738.57,1,1
AMRAVATI ROAD NAGPUR,C5742432,4738.1,1,1
DOMBIVLI AST,C5012970,4728.0,1,1
EX SERVICEMAN COLONY PUNE,C2932529,4726.0,1,1
DEHRADUN DEHRADUN,C1896635,4724.35,1,1
KOISEWADI KALYAN EAST KALYAN  EAST,C2667239,4724.0,1,1
AMRITSAR-2 DIST-AMRITSAR AMRITSAR,C4935958,4719.0,1,1
EMP ID 7390019 BANGALORE,C6132947,4713.0,1,1
BARASAT KOLKATA,C6324742,4710.0,1,1
VIDYABHAVAN MUMBAI,C1416334,4710.0,1,1
RAJ OIL MILLS MUMBAI,C1715681,4708.0,1,1
ANANDPURI,C5521154,4700.0,1,1
GRAMPANCHAYAT PUNE,C7052742,4700.0,1,1
NIZAMPET RD HYDERABAD,C6236315,4700.0,1,1
VJB UDYAN MUMBAI,C7010244,4700.0,1,1
NORTH 24 PARGANAS COLKATA,C1417120,4698.0,1,1
OFFICE MRA 62 H N  TRIVANDRUM,C1330816,4697.0,1,1
DI SURAT,C1313135,4696.0,1,1
GORWAROAD VADODARA,C3928419,4694.0,1,1
SHAHRANPUR,C1338065,4690.0,1,1
RAJSAAMAND,C8921538,4687.2,1,1
VAISHALI NAGAR JAIPUR,C7330954,4681.58,1,1
BRUNDABAN TAKIES CUTTACK,C3436039,4677.0,1,1
(W) NEAR RAMDEV MANDIR MUMBAI,C6511072,4675.37,1,1
GURUKUL KUMAR SCHOOL KASA NGR SURAT,C7732142,4675.0,1,1
SAHIBJADA,C5636517,4670.0,1,1
TALAV PADRA VADODARA,C3236367,4670.0,1,1
CHAKALA ANDHERI(E) MUMBAI,C3038015,4664.0,1,1
GOLAGHAT,C3340389,4662.0,1,1
BALANGIR,C2912734,4652.0,1,1
SINGAPERUMAL KOIL,C2037619,4650.0,1,1
SPOT ST THOMAS TOWN POST BANGALORE,C3259560,4648.0,1,1
KODARA,C8368839,4646.0,1,1
LUDHIANA KHANNA,C1224726,4646.0,1,1
VAN BUDDHA VIHAR MUM,C7520356,4645.0,1,1
OPP SURAJ WATER PARK THANE,C8990819,4640.0,1,1
KARAD,C6340466,4639.1,1,1
NEAR EVEREST WORLD THANE,C4923146,4638.0,1,1
VASHI NAVIMUMBAI,C8929625,4636.3,1,1
SHAHALAM,C8731753,4635.0,1,1
SITAPUR,C7134719,4631.0,1,1
TANDULWADI,C8026318,4630.0,1,1
CHAMPARAN MOTIHARI,C7630658,4627.0,1,1
AMLOH,C6139265,4624.0,1,1
REIS MAGOS BARDEZ,C8438560,4620.0,1,1
CANNAUGHTPLACE DELHI,C1010413,4610.45,1,1
BARAKHAMBA RD C P NEW DELHI,C7831275,4610.0,1,1
HOSPITAL RR DISTRICT,C2110158,4600.0,1,1
JUNGPURA,C7230338,4600.0,1,1
THOMAS TOWN BANGALORE,C4036026,4600.0,1,1
TIRUCHIRAPALLI,C1990761,4600.0,1,1
NEW PANVEL,C5382790,4596.05,1,1
DOCKLANDS,C6829234,4596.0,1,1
PALLAVARAM CHENNAI,C8434251,4596.0,1,1
CHICKMAGALURE,C6638124,4591.0,1,1
KHANPUR SARAN,C1124156,4590.0,1,1
UNIVERSITY PUNE,C1832686,4590.0,1,1
KAILAS NEW DELHI,C5736191,4589.0,1,1
TIRUPATI RURAL,C2211379,4579.0,1,1
PERNEM,C8227545,4578.0,1,1
APPA JUNCTION HYDERABAD,C2027466,4571.0,1,1
JHABUA,C8224561,4571.0,1,1
DIMA HASAO,C5123250,4570.0,1,1
KONE PANVEL,C1959753,4570.0,1,1
UNION CITY,C2380629,4566.0,1,1
BENGALUR,C6841644,4557.0,1,1
LAWSPET PONDICHERRY,C4723048,4557.0,1,1
PURULIA,C2718665,4553.13,1,1
RAILWAY STATION CHENNAI,C8387083,4552.0,1,1
RAJASTHAN BARMER,C4237971,4551.75,1,1
TARAMANI CHENNAI,C7317245,4549.0,1,1
SHANKARA EYE HOSPITAL CHENNAI,C4027118,4548.0,1,1
SEC-41 GURGAON,C8817133,4547.0,1,1
NEAR WATER TANK GHAZIABAD,C6511856,4545.0,1,1
BILLIMORA,C4940737,4543.25,1,1
JAYAKONDAM,C7085690,4538.0,1,1
NR JEHANGIR HOSPITAL PUNE,C3682665,4537.0,1,1
KOVVURU,C1812685,4535.0,1,1
PLACE PITAMPURA NEW DELHI,C7041744,4530.0,1,1
BHADRWAH,C7831950,4523.98,1,1
TADEPALLIGUDEM WEST GODAVARI,C7430326,4520.0,1,1
CHINCHBUNDER MUMBAI,C4920073,4515.0,1,1
DIBRUGARH,C1489125,4515.0,1,1
WOKHA,C1062917,4514.0,1,1
BARASAT,C3537713,4512.0,1,1
HARITAGE MART HYDERABAD,C4438043,4508.0,1,1
P S S K PURI PATNA,C3120412,4507.07,1,1
PETROL PUMP MUMBAI,C5340957,4507.0,1,1
ORAI JALAUN,C6042653,4506.99,1,1
MARG LOWER PAREL WORLI MUMBAI,C3020386,4505.38,1,1
KANATA,C5130968,4505.0,1,1
VARACHHA SURAT,C8124573,4503.58,1,1
VAGATOR,C8837747,4503.08,1,1
BEHIND DLF IT PARK CHENNAI,C8739282,4500.0,1,1
CEAT TYRE MUMBAI,C4834284,4500.0,1,1
COLLEGE VIJAYAWADA,C1635267,4500.0,1,1
COURT GURGAON,C8123550,4500.0,1,1
EXTENSION LI STAGE BANGALORE,C5410828,4500.0,1,1
N DOLA,C3217686,4500.0,1,1
SHAKTI CHOWK PUNE MUM HIGHWAY PUNE,C5816087,4500.0,1,1
SUNAM,C3339425,4500.0,1,1
TAMPINES,C3134034,4500.0,1,1
PAURI GARHWAL,C5481757,4499.0,1,1
THRRUVARUR,C7621067,4499.0,1,1
YAVATMAL,C6760473,4499.0,1,1
CHAKALA MUMBAI,C8535915,4498.0,1,1
PALANPUR,C4029213,4498.0,1,1
THIRUVARUR DT,C7913042,4497.0,1,1
DINGDINGA,C4912622,4495.0,1,1
NAMDEV WADI JOGILA MARKET THANE,C3464844,4495.0,1,1
BANK GURGAON,C2716883,4493.0,1,1
DHEMAJI,C5116150,4492.0,1,1
NAGAR NEW DELHI,C1932826,4488.0,1,1
BY PASS ROAD PUNE,C4140911,4482.75,1,1
MAROL ANDHERI( E)MUMBAI,C1030153,4481.29,1,1
JAISINGHPUR,C6864178,4479.0,1,1
DOMBIVALI THANE,C1051643,4476.56,1,1
KARWAR,C5149476,4475.5,1,1
RAIA SALCETE,C1618338,4475.0,1,1
CHEMBUR POST OFFICE MUMBAI,C5746120,4474.56,1,1
ANDHERI RAILWAY STATION MUMBAI,C2323919,4474.0,1,1
TIRUCHIRAPPALI,C5130867,4471.0,1,1
PIMPRI CHINCHWAD,C6910482,4468.0,1,1
BATALA,C8125634,4462.0,1,1
NAGPUR NAGPUR,C7710359,4454.0,1,1
THANE-W,C5978818,4452.0,1,1
CHIRANG,C1282149,4450.0,1,1
MALLAPPURAM,C4522211,4450.0,1,1
NAGAR HIGHWAY AHMEDABAD,C7057227,4450.0,1,1
SURVEY PARK KALIMANDIR KOLKATA,C3429267,4450.0,1,1
DISTRICT BALAGHAT,C3925148,4444.0,1,1
NR AMITABH BUNGLOW MUMBAI,C3231635,4443.0,1,1
PINDWARA,C3942651,4442.43,1,1
KENDRAPARA,C6935731,4437.21,1,1
MAVAL DIST PUNE,C1518222,4436.55,1,1
NEW EDLHI,C2733042,4436.0,1,1
VANIYAMBADI,C3728541,4435.0,1,1
SHORE MAHIM MUMBAI,C4128621,4431.16,1,1
KALYAN EAST KALYAN THANE,C7937248,4425.0,1,1
DWARKA ND75,C8230244,4422.0,1,1
HOSHIARPUR PUNJAB HOSHIARPUR,C2233676,4420.0,1,1
SCARBOROUGH,C7814883,4419.07,1,1
ESSAR MUMBAI,C2126415,4419.0,1,1
NEDUMUDY,C2536559,4415.0,1,1
NR MONGINIS CAKE FACTORY,C6216460,4415.0,1,1
HOTEL THANE,C3311541,4411.05,1,1
NILAMBUR,C1825611,4410.0,1,1
NR ARCHANA SCHOOL SURAT,C7423319,4408.0,1,1
GOBI TK,C6622620,4404.0,1,1
DIST SURENDRANAGAR,C3130376,4400.0,1,1
HOUSING SOCIETY GUWAHATI,C3935144,4400.0,1,1
MAHARASHTRA MUMBAI,C3332073,4400.0,1,1
PALAMU,C3735291,4400.0,1,1
JORAPUKHURI,C6838628,4397.0,1,1
KURLA,C8224389,4397.0,1,1
DISTRICT PURI,C3984816,4394.0,1,1
LIMBASI,C9032539,4389.0,1,1
DIST RAIGAD PANVEL,C7415323,4387.0,1,1
STATION ROAD KALYAN WEST,C2433520,4381.0,1,1
MANKUVA BHUJ,C6146831,4379.0,1,1
"AIZAWL, MIZORAM",C1627683,4378.0,1,1
THIRUNELVELI,C5989359,4375.0,1,1
KARNAKULAM,C4834032,4371.0,1,1
DR E MOSES ROAD MAHALAXMI MUMBAI,C4729974,4370.0,1,1
LOWER PAREL-W MUMBAI,C7828847,4369.66,1,1
HILLS MADHAPUR HYDERABAD,C3641042,4368.0,1,1
HINJEWADI PUNE,C5114377,4364.0,1,1
WEST AZAD NAGAR MUMBAI,C3422071,4363.79,1,1
SANGHA CLUB KOLKATA,C2762368,4357.0,1,1
HOSPITAL INDORE,C4918688,4350.0,1,1
MANDIR KOLKATA,C4741285,4350.0,1,1
KANCHEEPURAM ALANDUR,C7715771,4349.0,1,1
RAMTIRTH NAGAR CENTRAL DELHI,C3119915,4346.99,1,1
BID,C5920646,4341.23,1,1
ASHOKA MARG NASHIK,C6413726,4340.0,1,1
PETALING JAYA,C5979490,4338.0,1,1
KADANADU,C6713454,4337.17,1,1
LAHUL AND SPITI,C4389237,4330.0,1,1
SCHOOL KUSHAIGUDA,C1730155,4322.08,1,1
BRIGADEMETROPOLIS BANGALORE,C2092832,4320.01,1,1
NARSING HOME KURANGAREDDY HYDERABAD,C2222865,4318.0,1,1
AMBANI HIGH SCHOOL SURAT,C6020452,4314.85,1,1
RAJASTHAN  BALOTRA,C8337452,4310.0,1,1
OPP SBI HYDERABAD,C4762843,4306.4,1,1
SHOPPING COMPLEX BHIWADI,C6450564,4300.0,1,1
TIRUVANNAMALAI DT,C3237145,4300.0,1,1
POOL BANGALORE,C1812740,4298.0,1,1
SYANA,C8416311,4298.0,1,1
GARDEN MUMBAI,C3722548,4293.2,1,1
WEST BARVE NAGAR MUMBAI,C4019585,4293.0,1,1
BUDDHANAGAR NOIDA,C7880647,4291.4,1,1
MAHE,C1133790,4290.0,1,1
DHEERA,C5215938,4289.0,1,1
WEST TRIPURA TRIPURA,C4320182,4284.0,1,1
RD ANDHERI W MUMBAI,C5328937,4282.6,1,1
KOTHANUR BANGALORE,C2926528,4281.0,1,1
SHOWROOM LANE HYDERABAD,C3321137,4266.54,1,1
SECUNDRABAD,C5822820,4262.16,1,1
MALVANI GATE 1 KHARODI MUMBAI,C5417330,4261.31,1,1
ASALPHA GHATKOPAR WEST MUMBAI,C4623479,4259.0,1,1
MIRA ROAD THANE,C2170925,4254.08,1,1
MULUND (W),C2319278,4250.0,1,1
HIRANAGAR,C6020351,4248.0,1,1
R M NAGAR BANGALORE,C2729935,4243.0,1,1
VISKHAPATAM,C8034645,4235.0,1,1
UMARIA,C1526374,4234.0,1,1
BARVE NAGAR MUMBAI,C5637855,4230.53,1,1
HEALTH CLUB OFFCE F C RD PUNE,C6939890,4229.59,1,1
TONK,C3013074,4228.0,1,1
OPP VKS MAHAL AMBATTUR CHENNAI,C3915729,4227.0,1,1
P NR RAGHUNATHPUR BUS STOP PURULIA,C6133483,4221.36,1,1
MIRA ROAD EAST,C1641318,4220.85,1,1
PAHARGONDA RANCHI,C7510582,4210.0,1,1
SAVEDI AHMEDNAGAR,C8519060,4205.0,1,1
POINTS HOTEL VADGAONSHERI PUNE,C4039628,4202.0,1,1
VILLAGE TUNGWA ANDHERI EAST,C5572945,4200.28,1,1
AHMED NAGAR,C1719588,4200.0,1,1
GODHRA (GUJARAT),C2438018,4200.0,1,1
KAPASHERA,C6521675,4200.0,1,1
PORE NAIHATI,C4998991,4200.0,1,1
TADEPALLIGUDEM,C1126281,4200.0,1,1
TRIPURA NR UNAKOTI NORTH TRIPURA,C8014966,4200.0,1,1
VENKATESHWARA TEMPLE BANGALORE,C3539638,4200.0,1,1
VISHNUNAGAR THANE,C1031262,4200.0,1,1
PARK VIEW BHOPAL,C8730627,4199.0,1,1
MEHAM,C2513591,4197.88,1,1
DEOLALI CAMP NASIK,C2032856,4197.0,1,1
SHAM SHABAD,C7533387,4197.0,1,1
TOWN HOSPITAL GUWAHATI,C1420783,4196.0,1,1
OPP ALLAHABAD BANK MUMBAI,C5335691,4190.0,1,1
GOMEWADI,C8116668,4187.0,1,1
CEMENT STORE ROOM HYDERABAD,C8698126,4186.0,1,1
KOLAR - DISTRICT,C2838820,4183.35,1,1
ROAD DARYAGANJ NEW DELHI,C3250185,4180.0,1,1
KUSHI NAGAR,C1833370,4176.42,1,1
RANGA REDDI,C1223991,4176.3,1,1
1ST BLK JAKKASANDRA BANGALORE,C1822935,4170.0,1,1
GBAD,C1939387,4170.0,1,1
3IGI AIRPORT DELHI,C6594082,4168.0,1,1
SINGRAULI,C9079648,4166.23,1,1
DAHISAR E MUMBAI,C7580946,4165.0,1,1
FLYWAY   NOIDA,C2819134,4164.0,1,1
BOISAR W,C8313712,4160.68,1,1
SHAIKPET HYDERABAD,C5835824,4160.0,1,1
BRAMPTON,C6812674,4158.0,1,1
BALESWAR,C6039554,4157.0,1,1
NEW PANVEL NAVI MUMBAI,C3857816,4155.0,1,1
PUBLIC SCHOOL KOLKATA,C8428645,4149.56,1,1
SANATH NAGAR,C6632835,4149.0,1,1
SAMANA,C7336859,4139.0,1,1
NIMBAHERA,C8535028,4138.0,1,1
ULHASNAGAR 4 EAST,C5156811,4138.0,1,1
HOUSE MUMBAI,C6662845,4137.8,1,1
GOBICHETTIPALAYAM,C3628338,4136.31,1,1
DOUBLE ROAD BANGALORE,C8072625,4134.89,1,1
MADINA HOTEL PUNE,C6810379,4133.0,1,1
BIMBISAR NAGAR GUREGAON (E) MUMBAI,C8872418,4130.0,1,1
ANAYARA,C3712787,4127.0,1,1
URAN NAVI MUMBAI,C7623251,4125.0,1,1
PANCHPAKHADI THANE,C2025756,4123.85,1,1
THE ACRE CLUB CHEMBUR MUMBAI,C5019464,4123.0,1,1
SWINDON,C6615865,4122.12,1,1
CENTER INDIRANAGAR BANGALORE,C8129424,4120.0,1,1
BANK RANGAREDDY,C8821966,4118.0,1,1
TAL IGATPURI DIST NASHIK,C2537155,4118.0,1,1
EAST IE THANE,C2216480,4114.4,1,1
COUNTY HYDERABAD,C1413349,4112.0,1,1
VERNAKULAM,C8520640,4110.0,1,1
FARIDABAD SECTOR-22 FARIDABAD,C4772513,4105.0,1,1
DISTT MUMBAI,C5925816,4101.0,1,1
AIR PORT ROAD BEGUMPET HYDERABAD,C1125014,4100.0,1,1
EYE CARE HOSPITAL COIMBATORE,C4231174,4100.0,1,1
SECTOR -21A FARIDABAD,C3741584,4100.0,1,1
KOPPARA,C3918079,4099.0,1,1
BUNGLOWS ANAND,C8326818,4098.02,1,1
TUTICORIN,C6277168,4096.5,1,1
BEHIND EXCOM HOUSE MUMBAI,C4612565,4091.0,1,1
WEST SINGHBHUM,C3967262,4089.0,1,1
KOTAK MAHINDRA BANK ATM MUMBAI,C7826323,4088.7,1,1
BHANDUP (EAST) MUMBAI,C3841439,4088.0,1,1
DARANG,C8241311,4086.0,1,1
NAVELIM,C3542070,4083.65,1,1
VERAVAL,C1527589,4078.0,1,1
NEAR KADAMWADI PRAGATI SCHL MUMBAI,C1673127,4077.0,1,1
UPPALA KASARAGOD,C4317375,4077.0,1,1
OFF S V RD MUMBAI,C3587975,4076.0,1,1
STN RD NALLASOPARA EAST PALGHAR,C2330942,4073.25,1,1
THAKUR HOUSE DAHISAR W MUMBAI,C5481333,4072.0,1,1
VILLAGE BEGUR HOBLI BANGALORE,C7313242,4068.0,1,1
THANE MIRA ROAD E,C6220075,4066.0,1,1
PADUKA CHOWK F C RD PUNE,C3141986,4061.51,1,1
SAMRIDDHI PROJECT BHAYANDER E THANE,C2536018,4061.15,1,1
NR BEDEKAR COLLEGE THANE (W),C4519792,4061.0,1,1
HIRANANDANI GARDEN POWAI MUMBAI,C3397886,4060.58,1,1
REENA COMPLEX MUMBAI,C8216516,4057.0,1,1
SIGNAL MUMBAI,C8515735,4051.56,1,1
AZAD NAGAR MUMBAI,C7321977,4051.0,1,1
CANARA BANK ATM NEW DELHI,C1986545,4050.0,1,1
MAIN ROAD MAHADEVAPURA BANGALORE,C3840790,4050.0,1,1
NGR 3RD PHS BANGALORE,C2241537,4048.97,1,1
SULTANATE OFOMAN,C3928546,4040.0,1,1
MADURAI RURAL,C4111421,4039.0,1,1
PROPERTY DEALER YAMUNANAGAR,C1021327,4038.35,1,1
INDIRANAGAR BANGALORE,C8228322,4035.0,1,1
CRS BANGALORE,C1031692,4034.0,1,1
HOTEL SIVASAGAR,C7037513,4033.0,1,1
CHITPUR,C2623676,4025.0,1,1
GAUTAMBUDDHNAGAR,C5513582,4025.0,1,1
BALLABGARH,C7227191,4022.0,1,1
MANDIR GURUKUL AHMEDABAD,C7017445,4022.0,1,1
GLEN HUNTLY,C3226533,4018.0,1,1
HILLS THANE,C6539844,4017.0,1,1
SEONI MALWA HOSHANGABAD,C2525963,4013.0,1,1
SINGH NAGAR SAS NAGAR,C3227632,4008.28,1,1
PHASE 1 HINJEWADI,C2434068,4007.0,1,1
KALA HANUMAN TEMPLE MUMBAI,C1051771,4006.02,1,1
VASAI THANE,C2910024,4005.5,1,1
MARREDPALY WEST SECBAD,C1263042,4005.0,1,1
JOSHI MARG LOWER PAREL W MUMBAI,C1312345,4001.0,1,1
BHAYANDER (EAST) THANE,C2414868,4000.06,1,1
AMBUR,C5040871,4000.0,1,1
BABUPUR,C6187115,4000.0,1,1
BHAT,C5841111,4000.0,1,1
BHILAI DISTT DURG,C8333265,4000.0,1,1
BHIND,C8538062,4000.0,1,1
BIDAR,C4225659,4000.0,1,1
CHANGANASERRY,C8139472,4000.0,1,1
CHICOLNA MORMUGAO,C8056557,4000.0,1,1
CINEMA HALL BANGALORE,C5835963,4000.0,1,1
COLONY VARANASI,C2217778,4000.0,1,1
HIMALAYA BOOKS HYDERABAD,C7552990,4000.0,1,1
HOSPITAL ANDHERI-EAST MUMBAI,C4199230,4000.0,1,1
HUBBALLI,C7233175,4000.0,1,1
JALAUN,C8358168,4000.0,1,1
KOHINOOR CITY MALL MUMBAI,C1316124,4000.0,1,1
LATEHAR,C2640738,4000.0,1,1
MARG WORLI MUMBAI,C1968722,4000.0,1,1
MARKET SECUNDRABAD,C5022886,4000.0,1,1
MURADNAGAR,C7336333,4000.0,1,1
NARWANA,C5311026,4000.0,1,1
NAYAGARH,C3341328,4000.0,1,1
NEELAM RESTURANT MUMBAI,C6332354,4000.0,1,1
PADA MALAD (W) MUMBAI,C6910952,4000.0,1,1
PUNE PIMPLE NILAKH,C2517933,4000.0,1,1
RADHAPURAM,C8412436,4000.0,1,1
ROAD GREATER MUMBAI,C7524231,4000.0,1,1
SANTACRUZ W MUMBAI,C5029566,4000.0,1,1
SHAMSHABAD RANGAREDDY,C5345127,4000.0,1,1
SHIVAPURI,C3830480,4000.0,1,1
SION E,C5438944,4000.0,1,1
ST THOMAS TOWN POST BANGALORE,C4313520,4000.0,1,1
THIRUCHIRAPPALLI,C4016376,4000.0,1,1
THIRUVANMIYUR,C3432918,4000.0,1,1
THIRUVANNAMALAI DT,C8439870,4000.0,1,1
TIRUVANNAMALAI (DT),C8638786,4000.0,1,1
WEST WAGLE I E THANE,C8611916,4000.0,1,1
KARAIKUDI,C8666160,3999.0,1,1
MAHBOULA,C3079029,3999.0,1,1
SUBURBAN DIST MUMBAI,C1839457,3999.0,1,1
ALLAPPUZHA,C1131474,3998.0,1,1
MUMBAI GHATKOPAR WEST,C8211224,3998.0,1,1
TADIPATRI,C3114151,3998.0,1,1
BALTANA ZIRAKPUR,C7525819,3997.0,1,1
ASSOSIATION KOLKATA,C2521619,3995.0,1,1
DISTRICT PUNE PUNE,C2910840,3995.0,1,1
SANVORDEM SOUTH,C8711350,3995.0,1,1
ACCRA,C3016889,3990.0,1,1
GUNJUR,C8430252,3990.0,1,1
MANPAL UDUPI,C6241542,3990.0,1,1
KARBI,C4629468,3985.0,1,1
TRI NAGER DELHI,C4284011,3982.0,1,1
DESAI ROAD ANDHERI WEST MUMBAI,C2128482,3980.0,1,1
CARTERPURI GURGAON,C3039934,3974.57,1,1
WATER FILLING BANGALORE,C4928357,3970.0,1,1
SOUTH 24 PARGANS,C5941865,3969.0,1,1
PANVEL RAIGAD,C2625071,3968.22,1,1
MYLAVARAM,C5111646,3963.0,1,1
CHEMBUR GHATKOPAR MAHUL RD MUMBAI,C8626161,3960.0,1,1
COLLEGE VISAKHAPATNAM,C5747428,3956.65,1,1
DOMVIBALI E MUMBAI,C8225653,3953.0,1,1
AXIS BANK ATM KOLKATA,C4937545,3952.0,1,1
DHAKAULI,C4041322,3951.0,1,1
SONIPAT GOHANA GOHANA,C1738521,3951.0,1,1
BHORE GOPALGANG,C5020445,3950.0,1,1
KOTHAMANGALAM ERNAKULAM,C8942734,3950.0,1,1
LANE GHATKOPAR E MUMBAI,C4025915,3950.0,1,1
SECT-24 AND 25A GURGAON,C4234279,3950.0,1,1
BHAYANDER MIRA ROAD THANE,C4738768,3945.31,1,1
KALYAN (W) THANE,C7128023,3943.0,1,1
SCHOOL PANJIM,C7122164,3943.0,1,1
PETROL PUMP AURANGABAD,C8421869,3942.05,1,1
BH THE ACRE CLUB CHEMBUR MUMBAI,C7736668,3940.0,1,1
ABOVE DR BATRA CLINIC BANGALORE,C1423147,3939.0,1,1
24 KARAT MUMBAI,C4411657,3934.4,1,1
DHONE,C8231225,3933.71,1,1
CA RD NAGPUR,C2141736,3930.0,1,1
SION(E),C6218956,3927.0,1,1
DIST NORTH GOA BARDEZ,C6510320,3922.63,1,1
ACRCE CLUB CHEMBUR MUMBAI,C6645712,3919.0,1,1
DAVANAGERE,C6411028,3918.1,1,1
HYDERSHAH KOTE RAJENDRA HYDERABAD,C5318019,3910.0,1,1
ERNAKULAM KL,C8132923,3909.0,1,1
21A FARIDBAD,C4939812,3907.0,1,1
TAMIL SANGHAM BANGALORE,C3622522,3905.0,1,1
CITY  GURGAON,C5021121,3902.78,1,1
DOMBIVALI I A THANE,C8238868,3902.0,1,1
PATIALA CANTT,C4029582,3901.0,1,1
BLUE DART COURIER KOLKATA,C8733085,3900.0,1,1
CLUB CHEMBUR MUMBAI,C5637487,3900.0,1,1
GUILDERLAND,C7319044,3900.0,1,1
GURAGON,C3139514,3900.0,1,1
RAIKULA,C2928489,3900.0,1,1
RAMBAUG 4 KALYAN W THANE,C3822133,3900.0,1,1
CHUNGI SYANA,C7042570,3899.0,1,1
(VIA) SALEM,C6134174,3898.0,1,1
KUTCH,C3576853,3898.0,1,1
DISTRICT RAIGARH,C7233443,3897.0,1,1
ECOLE MONDI MUMBAI,C6539857,3895.0,1,1
KINWAT NANDED,C7429879,3894.0,1,1
OFFICE PUNE,C7235970,3893.81,1,1
NILAMANGAI NAGAR,C1313459,3889.0,1,1
DISTT FARIDKOT,C6433319,3884.22,1,1
TEMPLE ITPL MAIN RD BANGALORE,C3942644,3884.0,1,1
KISHANGANJ,C5816582,3883.26,1,1
SHAMSHABAD MANDAL RR DIST,C3627230,3880.0,1,1
GURUJI SCHOOL MUMBAI,C2931335,3875.0,1,1
DEULGAON,C8339143,3869.91,1,1
JAYAPUR,C4197483,3867.48,1,1
THOUDAL,C7412130,3864.38,1,1
VADASSERIKKARA,C3242841,3863.0,1,1
WADALA EAST MUMBAI,C5440836,3860.93,1,1
NANDAN,C8230365,3860.0,1,1
NABHA,C7127531,3859.0,1,1
TANDA,C3130970,3857.0,1,1
MASJID GHAZIABAD,C3039369,3855.0,1,1
DISTT-WEST MIDNAPORE P O KHARAGPUR,C5423819,3850.0,1,1
KHAGARIA,C7853849,3850.0,1,1
FOUNDATION BANGALORE,C4821779,3848.5,1,1
DHAMNOD,C5156247,3848.0,1,1
GOTRI BARODA,C4143956,3847.8,1,1
BLOCK BANGALORE,C8726534,3845.2,1,1
IMT MANESAR,C8930139,3845.0,1,1
HOSPITAL GHAZIABAD,C1710260,3834.0,1,1
SABHAGRUH NAGPUR,C2398680,3832.75,1,1
SHIRAPUR,C7039021,3830.39,1,1
PARK-III GREATER NOIDA,C7825358,3830.0,1,1
SHAHDARA DELHI,C8815661,3830.0,1,1
MAHABOOBNAGAR,C2732937,3824.05,1,1
CHIRAG MOTORS SION MUMBAI,C2176413,3822.0,1,1
MOHANPUR,C2523836,3821.5,1,1
WARD 10 TALUKA-CHANDRAPUR,C1624592,3821.08,1,1
YARD PUNE CITY PUNE,C4741264,3819.0,1,1
GB NAGAR,C6138062,3818.0,1,1
NAGAR NOIDA,C2844462,3813.0,1,1
BERHAMPUR,C2632176,3810.0,1,1
BHANDUP WEST MUMBAI,C7246312,3805.77,1,1
SHOWROOM ELECTRON CITY PO BANGALORE,C1820836,3802.0,1,1
21A FARIDABAD,C4072725,3801.0,1,1
JOHAR,C7730435,3800.1,1,1
DIST-BOKARO,C5534915,3800.0,1,1
MOIRA,C4724154,3800.0,1,1
RING ROAD BANGALORE,C1325986,3800.0,1,1
UNIVERSAL PIPESS RIGH HAND MUMBAI,C3926928,3800.0,1,1
NAGUNERI TK,C6312828,3799.0,1,1
DAHISAR EAST MUMBAI,C7937612,3798.0,1,1
SANTOKHGARH,C4632262,3795.01,1,1
BANDRA KURLA COMPLEX KURLA W MUMBAI,C2316816,3795.0,1,1
BOLANGIR,C7024941,3795.0,1,1
VANGANI E,C1517313,3794.0,1,1
VILE PARLE EAST MUMBAI,C5734738,3793.19,1,1
EAGAN,C8257076,3792.3,1,1
RING RD VARTHUR HOBLI BANGALORE,C4728885,3790.0,1,1
NEXT TO APNA MEDICAL MUMBAI,C7849358,3789.0,1,1
MALLESWARAM BANGALORE,C9030052,3788.0,1,1
CHINMAYA VIDYALAYAM HYDERABAD,C8322947,3786.0,1,1
HOTEL SHUBHAM PALACE NEW DELHI,C7529635,3784.0,1,1
MAHESHWARI BHAWAN ITARSI,C8319948,3783.34,1,1
BOISAR TAL PALGHAR,C4931234,3782.57,1,1
TALEGAO,C2920828,3782.0,1,1
YADGIR,C1167681,3781.56,1,1
SANJIVANI BLD MUMBAI,C8690011,3780.43,1,1
EAST SIKKIM,C1015634,3780.0,1,1
KARIM NAGAR,C3029048,3775.65,1,1
GUMMIDIPOONDI,C2342651,3775.0,1,1
SHEORAPHULY HOOGHLY,C1819264,3773.0,1,1
DOMBIVALI (E) DIST-THANE,C3919090,3772.42,1,1
KOZHIKODE DT,C5688078,3770.0,1,1
SANGUEM,C8614512,3770.0,1,1
QUEPEM GA,C1558686,3769.2,1,1
RD JALLADIANPET CHENNAI,C6641666,3766.0,1,1
GROUND FLR ALLIPURAM VISAKHAPATNAM,C8624324,3765.0,1,1
BELLANDUR PO BANGALORE,C7733020,3763.0,1,1
ROAD BEHIND N E S SCHOOL MUMBAI,C8437659,3760.34,1,1
ZUNHEBOTO,C7842860,3756.0,1,1
PRAKASAM (DT),C7733073,3754.0,1,1
MANDLA,C1338453,3752.55,1,1
ANDHERI W,C6828221,3752.0,1,1
HOSPITAL PAREL MUMBAI,C1325767,3750.0,1,1
HOSPITAL SAMALKHA,C3194316,3750.0,1,1
MERCEDES SHOWROOM MUMBAI,C3011120,3750.0,1,1
MOSES ROAD MAHALAXMI MUMBAI,C1333974,3750.0,1,1
MUNGELI,C2725953,3750.0,1,1
VILE PARLE(E) MUMBAI,C6733554,3749.0,1,1
PANT NAGAR S O MUMBAI,C3842039,3748.98,1,1
KARNAVATZ MOBILE MALL AHMEDABAD,C1813748,3747.0,1,1
OFF VEERA DESAI RD ANDHERI W,C4515464,3742.0,1,1
NALASOPARA EAST,C1421832,3738.7,1,1
MARKET NAVABVADI BEGUMPURA SURAT,C2233046,3738.0,1,1
POWAI ANDHERI EAST MUMBAI,C1329866,3737.0,1,1
MANDAPESHWAR MUMBAI,C4914369,3735.0,1,1
STATE BANK OF MYSORE PUNE,C4929721,3733.8,1,1
GHARAUNDA KARNAL,C8512759,3733.3,1,1
WEST MIDNAPORE,C6213376,3733.0,1,1
SAKI NAKA MUMBAI,C3714281,3731.0,1,1
PAMMAL,C8440360,3730.92,1,1
KASGANJ,C8165321,3730.0,1,1
SREERAM PORE,C6529480,3730.0,1,1
PALGHAR VASAI,C7490767,3726.0,1,1
SARJAPUR MAIN RD BANGALORE,C2737753,3721.0,1,1
MAGARPATTA CITY HADAPSAR PUNE,C8692646,3720.0,1,1
CHICKBALLAPUR,C2291323,3717.0,1,1
MADHAPUR HYDERABAD,C6127150,3714.0,1,1
METRO ANDHERI (E) MUMBAI,C5515230,3712.0,1,1
AMRITSAR AMRITSAR,C1878048,3711.0,1,1
BICHHIWARA,C8342176,3710.0,1,1
KHETRI,C8310884,3703.0,1,1
EAST KHASI HILLS,C5712187,3702.0,1,1
FARM GREATER NOIDA,C7749269,3701.0,1,1
CROSS MANGALORE,C3631721,3700.0,1,1
GHATKOPAR (E)  MUMBAI,C4443519,3700.0,1,1
IMPERIAL LANE LUDHIANA,C1131236,3700.0,1,1
KATALAB UTTAR PRADESH LUCKNOW,C2833688,3700.0,1,1
CARANZALEM PANAJI,C8738842,3699.0,1,1
SASNAGAR,C7719523,3698.0,1,1
BOISAR THANE,C7391345,3697.0,1,1
GUJRAT VADODARA,C8534144,3695.34,1,1
BULADHANA,C2142226,3695.0,1,1
EAST MEDINIPUR,C6032048,3695.0,1,1
RAMANAGAR,C7832983,3695.0,1,1
SHIVAJI PARK MAHIM MUMBAI,C2132163,3694.0,1,1
BAIRNSDALE,C3912522,3692.5,1,1
ENCLAVE ROAD SAKET NEW DELHI,C5319565,3690.0,1,1
SUKHPAR,C2537762,3689.0,1,1
DIST THANE BOISAR,C4122391,3688.22,1,1
VIJAYANAGARAM,C7813276,3688.0,1,1
TITWALA EAST,C6933625,3686.41,1,1
VIJAYANAGAR INDORE,C2337156,3685.97,1,1
RING ROAD VADODARA,C4968613,3685.45,1,1
KELIPADA KANDIVALI E MUMBAI,C2824281,3685.26,1,1
BILEKAHALLI BANGALORE,C3829424,3680.0,1,1
DHARAPURAM TALUK,C3258636,3680.0,1,1
GROUND MUMBAI,C7336771,3675.0,1,1
PATHANJALI STORE BANGALORE,C7134038,3675.0,1,1
CHAMPARAN,C4772625,3671.21,1,1
AMROHA,C5211520,3671.1,1,1
SECUNDERABAD HYDERABAD,C9039780,3668.52,1,1
AREATURBHE MIDC NAVI MUMBAI,C7941739,3665.71,1,1
KHARSAWAN,C4731363,3662.0,1,1
HOFUF,C5920964,3660.0,1,1
MARKET YARD PUNE,C1911520,3660.0,1,1
VIKHROLI W MUMBAI,C7623413,3656.73,1,1
MAHBUBNAGAR DIST,C5519449,3656.36,1,1
GONDIA,C7011891,3654.0,1,1
PALE,C3042870,3653.2,1,1
DENTAL CLINIC BANGALORE,C5733344,3652.0,1,1
24 PARGANAS KOLKATA,C8730912,3651.0,1,1
CHIKKABALLAPUR DIST,C6341356,3651.0,1,1
RAMGARH CANTT,C1121130,3651.0,1,1
UNAMAN CHERY CHENNAI,C2511973,3650.0,1,1
ABOVE TOTAL SUPER STORE BANGALORE,C2151059,3645.0,1,1
SCHL SANTOSHI MATARDKALYAN (W)THANE,C4928992,3645.0,1,1
MUTT ROAD BENGALURU,C4329681,3642.0,1,1
SHIVAMANDIR BANGALORE,C4215837,3642.0,1,1
CHITTOOR DIST,C8127133,3640.65,1,1
24 PARGANAS N,C8519376,3640.0,1,1
APT  MUMBAI,C2052244,3635.0,1,1
DAHISHAR E MUMBAI,C6613159,3632.72,1,1
DABOLIM VASCO,C6287225,3632.0,1,1
ULHASNAGAR 1 ULHASNAGAR,C8329536,3631.68,1,1
VADGAON,C6620786,3630.0,1,1
TIVIM BARDEZ,C7033977,3629.0,1,1
DOMBIVLI W,C3262970,3624.0,1,1
MANDAPETA,C2937049,3624.0,1,1
BORIVALI E MUMBAI,C5739366,3623.0,1,1
FACTORY ANDHERI EAST MUMBAI,C2925628,3622.4,1,1
RLY STN NAVI MUMBAI,C2621492,3616.0,1,1
THANE BHAYANDER EAST THANE,C6618339,3605.0,1,1
ORAI,C3682030,3603.44,1,1
WAGHOLI PUNE,C6436726,3600.5,1,1
(MOHALI) KHARAR,C8710148,3600.0,1,1
AIROLI NAVI MUMBAI,C4342237,3600.0,1,1
ARUPPUKKOTAI,C2526813,3600.0,1,1
BARWANI,C6486339,3600.0,1,1
DHARWARD,C5942018,3600.0,1,1
NEAR TO UNIVERSAL GYM BANGALORE,C7628346,3600.0,1,1
POST BENGALURU BENGALURU,C5922576,3600.0,1,1
PS BORDUBI,C7016565,3600.0,1,1
SENAPATI DISTRICT,C2824891,3600.0,1,1
THIRUVALLA PATHANAMTHITTA,C5640839,3600.0,1,1
MORADA,C5735180,3599.02,1,1
NEYYATTINKARA THIRUVANANTHAPURAM,C7228168,3599.0,1,1
PUNCHKULA,C5064244,3599.0,1,1
OTTERFING,C8635170,3595.0,1,1
SOCIETY HYDERABAD,C7725786,3595.0,1,1
BANK OF INDIA ATM NEW DELHI,C8629072,3594.0,1,1
MARG LOWER PAREL MUMABI,C3826291,3593.35,1,1
JEKEGRAM THANE,C8595820,3590.0,1,1
ANDHERI(EAST) MUMBAI,C5029529,3588.43,1,1
ROAD SATELLITE AHMEDABAD,C4660463,3588.0,1,1
SCHOOL COIMBATORE,C4018478,3585.0,1,1
BRUSSEL,C3813166,3583.21,1,1
COLLEGE PUNE,C7920388,3580.0,1,1
1 GURGAON,C4618261,3578.38,1,1
AXIS BANK ATM HYDERABAD,C8515714,3578.38,1,1
PATAN (GUJARAT),C5464935,3577.67,1,1
2ND STAGE BANGALORE,C3631249,3572.0,1,1
VISHNUNAGAR KALYAN THANE THANE,C8337525,3572.0,1,1
PONDA NORTH,C6923519,3570.15,1,1
APURA WHITE FIELD MAIN RD BANGALORE,C1236136,3568.0,1,1
STANDARD CHARTED BANK HYDERABAD,C4532045,3568.0,1,1
KHARADI BYPASS HADASPAR PUNE,C2434580,3567.0,1,1
HOSPITAL KOLKATA,C8611266,3561.0,1,1
THOOTHUKUDI DT,C3012675,3560.0,1,1
TOWER-C SADARAMANGALA BANGALORE,C6019861,3560.0,1,1
ANDAMAN,C1041730,3554.0,1,1
SANPADA NAVI MUMBAI,C5337064,3551.48,1,1
BIJAPUR,C5232158,3548.0,1,1
S/W UNITS LAYOUT MDHAPUR HYDERABAD,C4825616,3548.0,1,1
RD P N PALAYAM COIMBATORE,C5812861,3547.0,1,1
PLAZA HOTEL SURAT,C3736751,3543.8,1,1
GHATKOPAR E MUMBAI,C7285116,3542.5,1,1
MUPPALLA GUNTUR,C8036858,3540.25,1,1
GR MOHALI MOHALI,C1233161,3537.0,1,1
NR VIVIANA MALL THANE,C6618822,3537.0,1,1
SARJAPURA,C5154023,3535.46,1,1
COMPLEX KALYAN W,C6528245,3534.78,1,1
BTM 1ST STAGE BANGALORE,C9011969,3530.0,1,1
MUMBAI ANDHERI EAST,C5214463,3526.3,1,1
ARA,C2537387,3526.0,1,1
KALPAKKAM,C4240338,3526.0,1,1
ELPHISTONE-W MUMBAI,C3840642,3525.21,1,1
DISTT HOSHIARPUR,C2430354,3525.0,1,1
HARAIRAMPUR,C7317643,3524.0,1,1
RANGPO,C3335829,3519.0,1,1
2 GOREGAON (E) MUMBAI,C1758978,3518.0,1,1
DIST EAST SINGHBHUM GOVINDPUR DIST,C5323840,3518.0,1,1
HITEX HYDERABAD,C2243388,3517.0,1,1
THANESAR,C8624944,3515.75,1,1
SULLIA,C1434884,3513.61,1,1
JAKKASANDRA BANGALORE,C2018028,3510.0,1,1
KALIMPONG,C2217082,3510.0,1,1
NR SANI MANDIR NAVI MUMBAI,C6719839,3508.2,1,1
SCHOOL NASHIK,C1731633,3508.0,1,1
BELTHANGADI,C3931228,3507.0,1,1
MARIS SCHOOL WADGAONSHERI PUNE,C7015169,3503.0,1,1
MADHYA PRADESH PIPARIYA,C3415130,3502.0,1,1
FORUM MALL HYDERABAD,C3220270,3501.0,1,1
AMBUR-VELLORE,C2731791,3500.0,1,1
BADLAPUR THANE,C3213551,3500.0,1,1
BENCHMARK KOLKATA,C4822072,3500.0,1,1
BORIVALI WEST MUMBAI,C6742419,3500.0,1,1
DEPT MUMBAI,C5115979,3500.0,1,1
HOSPITAL MIRA ROAD E,C1629621,3500.0,1,1
HUNG HOM,C5862683,3500.0,1,1
JAWALI,C9042673,3500.0,1,1
KOZHIKODA,C6511135,3500.0,1,1
MAHALAXMI(EAST) MUMBAI,C7629368,3500.0,1,1
MERIDEAN GUINDY ALANDHUR CHENNAI,C6615558,3500.0,1,1
NEXT TO JEHANGIR HOSPITAL PUNE,C5411984,3500.0,1,1
OPP-KALIBARI GANGTOK,C8022749,3500.0,1,1
RESTAURANT VIZAG,C5525449,3500.0,1,1
SIRKAKULAM,C1321030,3500.0,1,1
VADAKARA,C2818184,3500.0,1,1
BALANAGAR TOWNSHIP,C3335815,3499.0,1,1
JHUNJHUNUN,C2231914,3499.0,1,1
KOPARKHIRANE,C8342388,3499.0,1,1
LINK RD GOREGAON W MUMBAI,C7314748,3499.0,1,1
VALLABH VIDYANAGAR,C5264573,3499.0,1,1
KORBA,C7582726,3498.4,1,1
3RD BLOCK KORAMANGALA BANGALORE,C7641035,3498.11,1,1
ALATHUR,C1521941,3498.0,1,1
MALOUT,C6719371,3498.0,1,1
HSP(HOSHIARPUR),C7942786,3495.0,1,1
RAMANATHAPURAM,C6230113,3492.0,1,1
PATHAPATNAM,C7328713,3490.6,1,1
GHATKOPAR W MUMBAI,C8915077,3488.0,1,1
VADGAON BUDRUK PUNE,C4334114,3487.13,1,1
THANE KALYAN WEST,C5925281,3486.75,1,1
SAHIBABAD GHAZIABAD,C1938077,3481.14,1,1
BOYS HIGH SCHOOL THIRUVANANTHAPURAM,C7221780,3480.0,1,1
SURATGARH,C3825692,3480.0,1,1
DISTT SAS NAGAR,C5417526,3479.0,1,1
LUDHIANA NR RAJGURU MARKET LUDHIANA,C8839647,3475.98,1,1
LOHAGHAT,C2627721,3473.0,1,1
NR FLOWER MARKET HYDERABAD,C7662723,3471.14,1,1
NURSING MANGALORE,C7931648,3469.0,1,1
NAGAR KOTA KOTA,C4912441,3468.54,1,1
TIRUNELVELI DT,C3120772,3468.0,1,1
VILLAGE KANDIVALI EAST MUMBAI,C5517424,3467.0,1,1
OPP PALAM CORPORATE PARK GURGAON,C8830525,3465.0,1,1
KOLKATA NEAR COLLEGE MORE KOLKATA,C3524884,3462.0,1,1
MAIN RD NR ASTRON CHOWK RAJKOT,C6038172,3462.0,1,1
RAYAGADA,C7010613,3461.0,1,1
TEMPLE RAJKOT,C8011188,3460.0,1,1
DOABA,C2641232,3459.0,1,1
SALKIA,C7542073,3455.52,1,1
DIST VADODARA,C1819918,3454.0,1,1
BANDRA (E) MUMBAI,C4918337,3453.5,1,1
CORPORATION GUWAHATI,C4730735,3453.0,1,1
ROAD SURAT,C6313048,3453.0,1,1
BHANDUP WEST,C7890165,3451.0,1,1
BAGAHA,C7417814,3450.0,1,1
INTERNATIONAL SCHOOL GOVANDI MUMBAI,C3432245,3450.0,1,1
PABIACHERRA SCHOOL NORTH TRIPURA,C6615776,3450.0,1,1
PAREL BHOIWADA,C5171365,3450.0,1,1
VIDYANIKETAN HYDERABAD,C7113391,3449.93,1,1
CENTRE NEW DELHI,C4025674,3448.0,1,1
ROAD SAKET DELHI,C8316050,3445.0,1,1
MULUND WEST MUMBAI,C5928034,3440.0,1,1
CHOWK PUNE-MUMBAI HIGHWAY PUNE,C4217277,3437.0,1,1
AMBEGAON BK PUNE,C8577788,3435.21,1,1
KATTUR,C6979567,3432.0,1,1
SILVASA,C4316939,3432.0,1,1
7390041 BANGALORE,C2916614,3430.0,1,1
ESTATE ANDHERI(W) MUMBAI,C4511382,3430.0,1,1
KUMARGHAT,C6641435,3430.0,1,1
RAJAJINAGAR BANGALORE,C3833987,3430.0,1,1
SCHOOL MADHAPUR HYDERABAD,C4034968,3430.0,1,1
SINDHUDURG - DISTRICT,C5690743,3427.0,1,1
MONTEPADAV KEIRANGALA MANGALORE,C4331520,3422.27,1,1
KATAVI TALEGAON G H PUNE,C2220650,3421.85,1,1
ROAD AHMEDABAD,C5729657,3420.0,1,1
AL NAHDA,C5735674,3416.47,1,1
NALGONDA (DIST),C8082845,3410.62,1,1
RAMESWARAM,C7122117,3410.0,1,1
TRINELVELI DT,C3434938,3405.0,1,1
ANANDAPUR BRANCH KOLKATA,C1511790,3404.52,1,1
BAPAT MARG LOWER PARELWORLI MUMBAI,C1017120,3403.0,1,1
ATHAL VILLAGE,C4596570,3402.1,1,1
BOISAR  PALGHAR,C6034017,3400.0,1,1
DOMBIVILI EAST THANE,C8612974,3400.0,1,1
H O CHENNAI,C2811647,3400.0,1,1
INORBIT MALL MALAD (W) MUMBAI,C2316977,3400.0,1,1
KANDHAMAL,C8936785,3400.0,1,1
NEAR JAIPUR GOLDEN HOSPITAL DELHI,C6930157,3400.0,1,1
WEST THANE MAHARASHTRA,C7990691,3400.0,1,1
ASSAM NEAR SBI JORHAT,C8741512,3398.0,1,1
KANPUR NAGAR KANPUR,C6014987,3398.0,1,1
NAGRI VASAI E THANE,C5138456,3398.0,1,1
TRIPURA CANCER HOSPITAL AGARTALA,C5720867,3398.0,1,1
SATARA SATARA,C2823725,3397.0,1,1
NAGAR TALEGAON D PUNE,C2914956,3396.37,1,1
BISHALGARH,C7016878,3394.0,1,1
BHOJPUR ANNAH,C6130714,3393.14,1,1
MSRIT POST BANGALORE,C8069472,3393.0,1,1
JOYALUKAS LANE HYDERABAD,C2614256,3392.18,1,1
MARGAO GOA,C6941183,3391.75,1,1
AXA SIGNAL BANGALORE,C7973343,3391.0,1,1
NAGAR ROAD PUNE,C2119528,3390.75,1,1
KRISHNA VIJAYAWADA,C7632653,3390.0,1,1
SEC-49 GURGAON,C3413581,3389.0,1,1
SECUNDERABAD BOLARUM HYDERABAD,C4029043,3389.0,1,1
KHARODI MUMBAI,C8337068,3388.21,1,1
BANDRA (W),C5629048,3387.95,1,1
(154) BHASKOLA FARIDABAD,C2728824,3383.13,1,1
PARLOUR GOREGAON EAST MUMBAI,C1229059,3382.0,1,1
RD SOS POST BANGALORE,C1390674,3380.0,1,1
VALAYANKULAM,C2692517,3376.0,1,1
CLUB MIRA RD E THANE,C2538186,3375.0,1,1
MAHOBA,C1719877,3374.58,1,1
RAJNANDGAON,C3325183,3372.0,1,1
DHAM MIRA ROAD E MUMBAI,C6125235,3370.0,1,1
(PITAMPURA) NEW DELHI,C1129376,3368.0,1,1
JUINGR RAILWAY STATION NAVI MUMBAI,C6728882,3366.0,1,1
MOHAN NAGAR CHINCHWAD,C4712517,3359.0,1,1
NR CHIPALE BUS STOP NEW PANVEL,C5711628,3359.0,1,1
KADAMBUR,C3989323,3353.0,1,1
MARIPEDA WARANGAL,C1825827,3350.0,1,1
NAGAPUR SHAHAR NAGPUR,C7337719,3350.0,1,1
NEAR GOLOK DHAM DELHI,C7539276,3350.0,1,1
NO 2 GOREGAON (E) MUMBAI,C1955961,3348.5,1,1
MANNUR,C6831917,3345.02,1,1
MITUANI,C6481190,3341.0,1,1
THANE NEAR E W FLYOVER CBD BELAPUR,C4325513,3340.0,1,1
IE PALGHAR,C5335512,3338.13,1,1
POGURUPALLI,C1540788,3338.0,1,1
MANDIR MULUND WEST MUMBAI,C2132624,3337.0,1,1
GOKAK,C7528676,3335.0,1,1
VADDEM,C4610637,3334.76,1,1
KHANNA DIST-LUDHIANA,C7331613,3334.0,1,1
MALABAR HILL MUMBAI,C8210844,3332.7,1,1
VIRUDHUNAGAR DT,C7646765,3330.5,1,1
MANTRI PARK MUMBAI,C1068423,3325.0,1,1
JAMSHEDPUR EAST SINGHBHUM,C7294054,3323.0,1,1
NO 3 KALYANI NAGAR PUNE,C8833841,3320.72,1,1
OPP JAYVIR SOCIETY SURAT,C5611530,3320.0,1,1
CHIKKABALLA PURA TALUK AND DIST,C6213175,3314.0,1,1
RANGA REDDY SERILINGAMPALLY,C3517575,3313.25,1,1
MAJOR MANOJ TALWAR PARK KANPUR,C8421547,3313.0,1,1
THENILGIRIS,C8528515,3309.0,1,1
COMPLEX SELAIYUR,C1417584,3307.0,1,1
BUNGLOW THANE,C3518211,3305.0,1,1
MALL PUNE,C7825185,3305.0,1,1
SIGNAL SION(E) MUMBAI,C5013253,3305.0,1,1
JAHANABAD,C2873061,3304.0,1,1
OPP GULSHAN CLOTH STORE MUMBAI,C9038716,3304.0,1,1
ENCLAVE BHOPAL,C2129630,3303.35,1,1
VIDYAVIHAR W MUMBAI,C2913768,3303.0,1,1
ALLD,C4920386,3300.0,1,1
KUMATA DIST,C1037619,3300.0,1,1
MUMBAI MIRA ROAD E,C7536088,3300.0,1,1
NATIONAL HIGHWAY VIA SHIRSAD VIRAR,C3034620,3300.0,1,1
SHAHDOL,C8738285,3300.0,1,1
TALIPARAMBA,C3339772,3300.0,1,1
UTRAJ,C4812382,3300.0,1,1
UTTARKASHI,C8033489,3300.0,1,1
KOTRI RAJSAMAND,C8030429,3299.0,1,1
MUMBRA,C5514915,3299.0,1,1
ATA CHAKKI KHARAR,C2836828,3297.0,1,1
RAMNAGAR DISTRICT,C4726383,3297.0,1,1
BIJNI,C4732432,3295.35,1,1
BALIA,C5020570,3295.0,1,1
BANDRA-E MUMBAI,C2322237,3295.0,1,1
BHANDUP,C7268829,3292.0,1,1
CHAPARA,C6436169,3290.0,1,1
KANDIVALI EAST MUMBAI MUMBAI,C6931347,3290.0,1,1
HOSHANGABAD SEONI MALWA,C5641819,3289.0,1,1
KOPERKHAIRANE,C2318457,3287.0,1,1
EAST MUMBAI THANE,C7514125,3284.02,1,1
BUNGALOWS ANAND,C3516390,3282.45,1,1
DADAR-WEST BHAWANI SHANKAR MUMBAI,C8034129,3280.0,1,1
JALOUN,C5419875,3280.0,1,1
PIMPLE SAUDAGAR PUNE,C5617573,3280.0,1,1
RAMOL AHMEDABAD,C2518727,3280.0,1,1
CORPORATION VIRAR THANE,C2940675,3277.92,1,1
BARDEZ PORVORIM,C5526374,3275.0,1,1
PERAMBALUR DISTRICT,C3618744,3274.0,1,1
VIDYAVIHAR WEST MUMBAI,C7426370,3266.08,1,1
AUTOMOBILES JHARGRAM,C5866289,3265.0,1,1
CHOWK PUNE,C4014045,3260.62,1,1
CITY CHINCHWAD EAST PUNE,C8734485,3260.0,1,1
NR JAIN TEMPLE BANGALORE RURAL,C3818278,3259.0,1,1
WORLD TRADE CENTRE BANGALORE,C8664891,3257.92,1,1
JYOTIBA PHULE NAGAR,C6737391,3254.27,1,1
UKBRUL,C7637651,3252.08,1,1
VASAI VIRAR CITY (M CORP) PALGHAR,C8237365,3251.04,1,1
BALKONDA,C7616572,3250.0,1,1
D MART KANJURMARG W MUMBAI,C4395135,3250.0,1,1
KUSHINAGAR,C1413269,3250.0,1,1
VVNAGAR,C4530733,3249.82,1,1
JIMBARAN,C5833343,3249.0,1,1
DOORVANINAGAR BANGALORE NORTH,C5826683,3248.0,1,1
MALL INDORE,C5721248,3246.25,1,1
MANDIR BHIWANDI,C6638241,3244.91,1,1
JEWELLERS MUMBAI,C1636060,3244.0,1,1
SHITAL NAGAR SOCIETY SURAT,C4128089,3242.86,1,1
GANESH TALAV PARMAR PARK PUNE,C6010236,3240.0,1,1
LALANGUTE,C3225320,3240.0,1,1
ALANDI DEVACHI PUNE,C2742519,3233.06,1,1
SRIPERUMUBUDUR,C3329241,3233.0,1,1
BAUPUR,C1632669,3231.0,1,1
POLLACHI,C5288363,3226.1,1,1
SHOWROOM CAMP PUNE PUNE,C4238565,3222.57,1,1
TEMPLE MARGAO,C7321757,3222.09,1,1
VENKURINNJI,C6293443,3221.56,1,1
BAKROL (PART),C3228217,3220.0,1,1
KANDIWALI W MUMBAI,C3430861,3216.06,1,1
KRISHNANAGAR EAST DELHI DELHI,C7213024,3216.0,1,1
AL SALIMYA,C1130217,3215.0,1,1
HANSI,C1319578,3215.0,1,1
PARK PHASE -01 HINJEWADI PUNE,C3323792,3215.0,1,1
MALEGAV KHU,C6468353,3213.27,1,1
SERAIKELA KHARSAWAN,C2423935,3213.0,1,1
EZHUMATTOOR,C2228972,3210.0,1,1
INDIAN OIL NGR,C1532078,3210.0,1,1
PUMP BHANDUP W-MUMBA,C2834218,3207.0,1,1
GHATKOPAR MUMBAI,C5240222,3206.88,1,1
PEN RAIGARH,C2722468,3206.0,1,1
RAJANAGARAM,C5532919,3205.32,1,1
GAUTAM BUDHNAGAR,C3448960,3205.0,1,1
ACRES CLUB CHEMBUR,C7021229,3203.0,1,1
ROAD WHITEFIELD BANGALORE,C2416943,3201.51,1,1
1ST STAGE MYSORE,C7128941,3200.0,1,1
ARNI,C3335677,3200.0,1,1
BALGA,C8511627,3200.0,1,1
BUILDER OFFICE MUMBAI,C5138551,3200.0,1,1
CHANDIVALI POWAI MUMBAI,C3627177,3200.0,1,1
DOMBIVALI  THANE,C8320771,3200.0,1,1
KODAD,C3138250,3200.0,1,1
RAMAN NAGAR BANGALORE,C5325052,3200.0,1,1
ROAD THANE W,C5015740,3200.0,1,1
TINDIVANAM,C5542674,3200.0,1,1
U S NAGAR,C4416276,3200.0,1,1
DIST-SONIPAT GOHANA,C4025363,3199.0,1,1
OLD SANGVI,C7512652,3199.0,1,1
HYDERABD,C6229279,3198.0,1,1
KORMANGALA 1ST BLOCK BANGALORE,C6555951,3197.0,1,1
KUMARAMANGALAM,C6199186,3196.75,1,1
DUMDUM,C6320321,3194.0,1,1
BANDIPORA,C4621274,3191.0,1,1
SASARAM,C5919066,3190.0,1,1
DAHISAR (W) MUMBAI,C2226455,3187.0,1,1
NAWPARA,C1610743,3185.0,1,1
BHAYANDAR W,C6033236,3184.44,1,1
WEST MAMBALAM,C8114963,3183.0,1,1
PHALTAN,C6311130,3181.0,1,1
PUR NORTH WEST DELHI,C6239965,3181.0,1,1
SUPER MARKET BANGALORE,C7610231,3180.0,1,1
COLONY GOREGAON E MUMBAI,C2337751,3178.0,1,1
WEST TRIPURA AGARTALA,C6233043,3175.0,1,1
SALIGAO,C3839783,3174.0,1,1
JHARKHAND RANCHI,C2126319,3168.0,1,1
TIRUVALLUR DT,C8329365,3165.5,1,1
ADHARTAL JABALPUR,C5221428,3163.2,1,1
KUDLU PUBLIC SCHOOL BANGALORE,C6133315,3162.0,1,1
10TH TO 11TH CROSS BANGALORE,C7731765,3160.0,1,1
BEHIND CIDADEDE GOA PANJIM,C5398487,3160.0,1,1
NAGAR CHENNAI,C6821231,3159.0,1,1
NEW PANVEL RAIGARH,C7030563,3158.2,1,1
GERUGAMBAKKAM CHENNAI,C7723182,3157.97,1,1
IGST OPP MERCEDES BENZ SCHOOL PUNE,C2711280,3157.91,1,1
BAUG PANT NGR GHATKOPAR E MUMBAI,C8213463,3152.55,1,1
RANAGHAT,C8925013,3152.0,1,1
NIZAMPET QUTUBULLAPUR KV RANGAREDDY,C8510022,3150.0,1,1
MILL COMPOUND SURAT,C2716790,3149.0,1,1
BHAYANDAR ROAD THANE,C6571178,3148.5,1,1
GHODBUNDER RD THANE WEST THANE,C5226269,3147.72,1,1
BASAVESHWARANAGAR BANGALORE,C6718361,3147.0,1,1
PARK PUNE,C8637025,3146.0,1,1
IND EST THANE,C6923344,3145.0,1,1
JEBEL ALI,C5434116,3145.0,1,1
NORTH MSRIT BENGALURU,C3564268,3144.0,1,1
MIRAJ,C2523036,3140.72,1,1
HARIVILLU APPTS KV RANGAREDDY,C1133714,3136.0,1,1
UTTARAKHAND (PITHORAGARH),C1724316,3131.0,1,1
POST TIRUPUR,C2218612,3127.5,1,1
SRI MUKTSAR SAHIB,C4942711,3125.0,1,1
VANBHORI,C2038130,3125.0,1,1
RACHI,C6232935,3123.0,1,1
WALAJA,C2019614,3122.0,1,1
NEW NASHIK,C1522178,3119.0,1,1
JALANDHER,C8056228,3118.77,1,1
IMPHAEL WEST,C3327481,3115.0,1,1
CLUB KOLKATA,C4114233,3113.0,1,1
SHOWROOM MANGALORE,C1330169,3111.0,1,1
BAIRIYA,C6218580,3110.0,1,1
AREZZO,C3637271,3108.96,1,1
JAISALMER,C2116271,3103.0,1,1
BUS STOP VASANT VIHAR THANE,C5628041,3102.0,1,1
ALTOTORDA BARDEZ,C7435561,3101.0,1,1
SAHAKARA NAGAR BANGALORE,C4025060,3100.49,1,1
CROSS ROAD AHMEDABAD,C3312945,3100.0,1,1
GONDIYA,C6819836,3100.0,1,1
VAN MIRA RD THANE,C5831877,3099.41,1,1
GANGUWAL,C2733746,3098.0,1,1
RANI,C3937224,3096.2,1,1
PARADEEP,C2747144,3095.0,1,1
GANJAN,C8427887,3093.19,1,1
BASTAR,C3827733,3093.0,1,1
YSR DISTRICT,C8133877,3092.63,1,1
JHARSUGUDA,C5127111,3092.3,1,1
SION EAST MUMBAI,C1236361,3091.0,1,1
MUMBAI ANTOP HILL MUMBAI,C3127662,3090.0,1,1
P SANAMBATLA,C4022011,3085.0,1,1
TIRUPATI NGR THANE,C2624923,3082.0,1,1
COLONY S O WORLI MUMBAI,C1438672,3080.0,1,1
DHANKAWADI PUNE,C6235888,3078.0,1,1
NEAR BARODA PRISTAGE SURAT,C8941221,3072.0,1,1
KHOBAR,C5421485,3070.68,1,1
THANE BADLAPUR,C6619215,3069.0,1,1
BEAWER,C6318782,3068.0,1,1
LLAYOUT BANGALORE,C4522657,3064.0,1,1
CHINCHANI,C1837648,3060.0,1,1
GIRIDIH,C8833817,3059.15,1,1
MULUND(W) MUMBAI,C4742317,3055.0,1,1
APOLO PHARMACY THANE WEST THANE,C3835052,3054.65,1,1
KHERI,C3823475,3053.23,1,1
DAREWADI,C5539215,3051.75,1,1
CITY PARVATI PUNE,C7026385,3050.0,1,1
AHMAD NAGAR,C1438927,3049.0,1,1
ALENCODVILAI,C7465884,3045.0,1,1
JAKKUR,C4634444,3040.0,1,1
KAMOTE,C7533112,3040.0,1,1
NEHRU NAGAR MUMBAI,C8323257,3039.0,1,1
S 24 PGS,C1421238,3038.0,1,1
BAPATMARG LOWER PAREL WORLI MUMBAI,C5067486,3036.66,1,1
UTHUKOTTAI,C7551037,3035.0,1,1
ST JOSE DE AREAL,C3214581,3034.5,1,1
SAMARKHA,C7315069,3033.9,1,1
BANK BANGALORE,C1299484,3030.0,1,1
PUNE PUNE PMC AND RURAL PUNE,C9029330,3030.0,1,1
THEATRE AMEERPET HYDERABAD,C9015648,3027.84,1,1
KURLA WEST- MUMBAI,C8916816,3026.82,1,1
LANE HYDERABAD,C7539968,3020.0,1,1
BARAKHAMBA ROAD C P NEW DELHI,C3518148,3018.0,1,1
RAIGARH PANVEL PANVEL,C3533831,3016.0,1,1
DREAMS THE MALL MUMBAI,C7913992,3014.0,1,1
KALYAN TILAKNAGAR KALYAN THANE,C5410552,3013.39,1,1
RAOD BASAVESH WARANAGAR BANGALORE,C4040231,3012.0,1,1
P O POLURU,C7932459,3010.39,1,1
ORISSA,C8024662,3010.0,1,1
NAMAKKAL DT,C7518386,3008.0,1,1
ROAD KHARAGPUR,C3030866,3007.0,1,1
THIRUMALA P O TRIVANDRUM,C6332829,3006.22,1,1
ROAD VASAI THANE,C2420172,3006.05,1,1
ATM MUMBAI,C2355331,3001.0,1,1
TIRUMALAGIRI BOWENPALLY HYDERABAD,C4929117,3001.0,1,1
13 GORAKHPUR,C9074155,3000.0,1,1
ABOVE ICICI BANK BANGALORE,C7622748,3000.0,1,1
AMBIKAPUR,C6512139,3000.0,1,1
BAITOONHALL SCHOOL NEW KOLKATA,C7221784,3000.0,1,1
BANGALORE EAST,C2719519,3000.0,1,1
BARAMULLA,C8234566,3000.0,1,1
BENAULIM,C3328487,3000.0,1,1
CARRY SHOPPING MALL KOLKATA,C4440347,3000.0,1,1
CHAMPHAI,C4277536,3000.0,1,1
CHANDEL,C8014826,3000.0,1,1
CHARKOP KANDIVALI W MUMBAI,C7317613,3000.0,1,1
CHIKALI CHIKALI  BULDHANA CHIKALI,C4156673,3000.0,1,1
COLO MUMBAI,C3017871,3000.0,1,1
DAULATPUR,C4569213,3000.0,1,1
DHARMPUR,C5040772,3000.0,1,1
DINDIGUL DT,C6411143,3000.0,1,1
DIST NASIK,C4234962,3000.0,1,1
DRANNIE BESANT RD PRABHADEVI MUMBAI,C2793039,3000.0,1,1
EAST SAHAR P AND T COLONY MUMBAI,C5521344,3000.0,1,1
ESTATE ANDHERI W MUMBAI,C3940466,3000.0,1,1
GODAWARI RAJAHMUNDRY,C4448726,3000.0,1,1
GURGAON DISTT GURGAON GURGAON,C3258439,3000.0,1,1
HAMIDIYA ROAD BHOPAL,C6624077,3000.0,1,1
JANDIALA GURU,C5529048,3000.0,1,1
JEEDI METLA  HYDERABAD,C4451255,3000.0,1,1
KALANAUR,C5535637,3000.0,1,1
KALYAN WEST KALYAN,C1333687,3000.0,1,1
KANCHIPURAM DISTT,C7832911,3000.0,1,1
KAROLEE,C8029725,3000.0,1,1
KEGAON,C1716031,3000.0,1,1
LAKDIKAPOOL HYDERABAD,C4639075,3000.0,1,1
LAKE MAHAL WARD NO 53 NAGPUR NAGPUR,C7916646,3000.0,1,1
MARG ELPHINSTONE WEST MUMBAI,C2358489,3000.0,1,1
MILLENNIUM BANGALORE,C1273827,3000.0,1,1
MYSORE PUNE,C8426185,3000.0,1,1
NAGAR POST BANGALORE,C1237154,3000.0,1,1
NAUPADA THANE THANE,C2131679,3000.0,1,1
NR GAONDEVI TEMPLE NAVI MUMBAI,C6436030,3000.0,1,1
PANDALAM,C5813747,3000.0,1,1
PANT NAGAR,C3139948,3000.0,1,1
RAILWAY TRACK CROSSING COIMBATORE,C3429476,3000.0,1,1
RATTAN RAIPUR,C3169318,3000.0,1,1
SERILINGAMPALLY NR GOOGLE HYDERABAD,C6716377,3000.0,1,1
SHIRALA,C4639427,3000.0,1,1
SHOWROOM MUMBAI,C7517029,3000.0,1,1
SIMADA SURAT,C6917039,3000.0,1,1
SIRMOUR,C7599512,3000.0,1,1
TEMPLE KOLLAM,C4529725,3000.0,1,1
THOOTHUKUDI DIST,C4510046,3000.0,1,1
UMROLI,C5340564,3000.0,1,1
VADAGAV SHINDE HAVELI PUNE,C8717814,3000.0,1,1
VILLAGE UTTARAHALLI BANGALORE,C6224963,3000.0,1,1
VILLUPURAM DT,C8823358,3000.0,1,1
WADALA EA MUMBAI,C1321027,3000.0,1,1
WALUJ,C7514663,3000.0,1,1
"WHITEFIELD,BANGALORE",C8230823,3000.0,1,1
KARIMGANJ,C4839889,2999.01,1,1
ALAIN,C4622764,2999.0,1,1
CHANNAPATNA,C8540956,2999.0,1,1
DAMTAL,C2629523,2999.0,1,1
NIZAMABAD BANSWADA,C2827546,2998.0,1,1
KAMOTHE,C4539440,2996.5,1,1
THIRUVALLORE,C5470577,2996.0,1,1
VILLAGE GHATKOPAR WEST MUMBAI,C1022961,2996.0,1,1
NO 3 NR LALLAN HOTEL THANE,C2124620,2995.0,1,1
NEAR VIJAY STORES MUMBAI,C5234492,2994.0,1,1
VASAI E,C7789628,2993.46,1,1
PHOENIX MALL MUMBAI,C3831623,2991.71,1,1
DHIRUBHAI LIFE SCIENCE NAVI MUMBAI,C1825140,2991.28,1,1
THANE WEST THANE,C1211839,2986.0,1,1
RAJNAGAR II PALAM,C3917926,2981.0,1,1
TAWANG,C3510148,2980.0,1,1
EAST SIANG,C3540683,2974.0,1,1
ELPHISTONE (W) MUMBAI,C7538765,2970.0,1,1
KRISHNANAGAR,C8114548,2970.0,1,1
MATUNGA EAST MUMBAI,C2035889,2970.0,1,1
WOKHA DIST,C8311066,2970.0,1,1
THANE VASAI THANE,C3020583,2968.34,1,1
PLUS2/PLUS3 WADGAON SHERE PUNE,C6216963,2968.0,1,1
DISTRICT KHURDA,C5940086,2966.0,1,1
DOMBIVALI E,C7929040,2965.0,1,1
STATION PUNE,C7919682,2965.0,1,1
MANDABAM OPP CHENNAI,C3725929,2960.0,1,1
MORVI,C3714562,2960.0,1,1
FRAMINGHAM,C5142169,2958.0,1,1
II FLOOR CHENNAI,C8723231,2957.0,1,1
SANTACRUZ (E) MUMBAI,C2834988,2957.0,1,1
KATTUNGA,C5229481,2952.0,1,1
DELISLE ROAD MUMBAI,C6469160,2950.0,1,1
NR MAHALAKSHMI TEMPLE BANGALORE,C7857929,2950.0,1,1
PRATHIBHA MDTS) BANGALORE,C2486632,2950.0,1,1
NR POORNIMA THEATRE KALYAN WEST,C5337856,2948.66,1,1
DUMUDUMA,C2927612,2948.39,1,1
PO NR AGM DENTAL CLINIC TRIVANDRUM,C3427624,2948.0,1,1
HUBLI DHARWAD,C8511470,2947.0,1,1
NALLASOPARA EAST,C4328253,2944.5,1,1
PORVORIM BARDEZ,C8511763,2943.3,1,1
OFFICE B P LANE MUMBAI,C6517449,2943.0,1,1
MUMA,C8731563,2940.91,1,1
AND 25A GURGAON,C6420774,2938.2,1,1
ZULFA DAIRY MUMBAI,C3341879,2937.0,1,1
CHIKUWADI SURAT,C2153681,2936.0,1,1
SWIMMING POOL BANGALORE,C8130839,2936.0,1,1
BALESHWAR,C5727925,2932.31,1,1
VARAPETTY,C7521429,2927.0,1,1
VYTTILA KOCHI,C4532442,2926.0,1,1
JHARKHAND,C4541851,2924.05,1,1
BHAVAN GRND NEW SIDDHARTH NGR,C4417386,2924.0,1,1
EMAKULAM,C6132126,2923.0,1,1
DOMBIVLI E,C6328759,2921.0,1,1
PARLE (E) MUMBAI CITY MUMBAI,C1514479,2921.0,1,1
MC DONALDS BENGALURU,C8921384,2910.0,1,1
TARAKESWAR,C7345373,2910.0,1,1
TIRUPATTUR,C2328366,2908.0,1,1
DOMBIVALI W,C1631131,2907.1,1,1
YANAMALAKUDURU VIJAYAWADA,C5511565,2907.0,1,1
RAJ-RAJESHWARI KARYALAY NASHIK,C5435841,2906.0,1,1
DHANAPUR,C8211544,2903.0,1,1
MODASA,C3135641,2903.0,1,1
NR BHATAR TRADE CENTRE SURAT,C8532777,2902.0,1,1
FAIRLANDS BEHIND ISHA YOGA SALEM,C1943833,2900.0,1,1
GODDA,C8329170,2900.0,1,1
MAHARAJGANJ,C6233777,2900.0,1,1
RALEIGH,C5013651,2900.0,1,1
SALCETE,C3133961,2900.0,1,1
THANJAVVR,C2212391,2900.0,1,1
ALIBAG,C1836615,2899.0,1,1
AT ROAD AURANGABAD,C3742055,2899.0,1,1
BADLAPUR W,C7131587,2899.0,1,1
GUDGAON,C6140959,2899.0,1,1
LUNGLEI DISTRICT,C6335252,2899.0,1,1
SARDARSHAHAR,C6428536,2899.0,1,1
VILE PARLE W MUMBAI,C4414788,2899.0,1,1
WEST GARO HILLS,C5515692,2899.0,1,1
NAGUR,C7513176,2896.0,1,1
KOPARKHAIRANE NAVI MUMBAI,C7838967,2894.08,1,1
POWAI SAKINAKA,C3722161,2893.4,1,1
CHATTERPUR,C8973916,2891.4,1,1
VARLA,C2581345,2890.0,1,1
DISTT MUMBAI SUBURBAN MUMBAI,C3524989,2888.25,1,1
PARASIA,C8441632,2884.42,1,1
SO NERUL NODE-III THANE,C8239715,2883.0,1,1
NR COSH HOSPITAL CHENNAI,C1413911,2881.0,1,1
GAUHATI,C5135791,2880.0,1,1
NAGAR MUMBAI MUMBAI,C3235130,2880.0,1,1
THANE VASAI,C1465545,2875.0,1,1
RAIPUR DIST,C7764384,2870.0,1,1
VILLAGE ANDHERI E MUMBAI,C6310326,2867.0,1,1
AGRA TUNDLA,C4816831,2864.5,1,1
TO STANDARD CHARTED BANK HYDERABAD,C7236592,2862.0,1,1
WADAPAV KHAR W MUMBAI,C7736986,2860.0,1,1
BUILDING OUTER RING ROAD BANGALORE,C5524534,2859.0,1,1
PAREL W MUMBAI,C7435389,2857.25,1,1
UMARIYA,C7878079,2856.0,1,1
CHARKOP KANDIVALI(W) MUMBAI,C3940284,2854.7,1,1
NEAR TALAO NAVI MUMBAI,C1636237,2852.0,1,1
AIMS HOSPITAL THANE,C7395943,2850.0,1,1
ANDHER W MUMBAI,C5529661,2850.0,1,1
MANGAORE,C6915278,2850.0,1,1
COMPANY NAVI MUMBAI,C7915546,2849.0,1,1
MAUN,C7070647,2849.0,1,1
SANGAMNER,C8635750,2849.0,1,1
SUBARNAPUR,C8224422,2849.0,1,1
RESIDENCY HYDERABAD,C7842771,2847.5,1,1
BHABHUA,C6714027,2845.0,1,1
JAJAPUR,C1022324,2843.8,1,1
KHOPOLI,C2934517,2842.0,1,1
ANGAMALY,C4040187,2840.0,1,1
RELIANCE SUPER MARKET HYDERABAD,C5123326,2840.0,1,1
BHAYANDAR WEST THANE,C1631885,2839.0,1,1
BAPAT ROAD PUNE,C8620627,2836.0,1,1
ASHTA,C2138147,2834.0,1,1
AMBATTUR CHENNAI,C2131846,2833.0,1,1
GADMALA,C7313180,2833.0,1,1
TIKAMGARH,C7219474,2832.5,1,1
VASAI W,C6614528,2830.78,1,1
CUDDALORE (DT),C7651781,2830.2,1,1
GARHWAL,C4217435,2830.1,1,1
MANIMANGALAM,C4617648,2829.0,1,1
PURULIA-1 NAMOPARA PURULIA-1,C1030224,2824.0,1,1
RD MALAD EAST MUMBAI,C8826014,2823.5,1,1
ICICI BANK KOLKATA,C6214963,2822.0,1,1
BHODBUNDER ROAD THANE,C7234163,2820.4,1,1
KUTTAMPZHA,C7325764,2818.0,1,1
CITY MIRA BHAYANDER THANE,C8920836,2813.86,1,1
ULHAS NAGAR,C8126738,2813.11,1,1
SANDHAUSEN,C2311166,2810.0,1,1
SARJAPURA MAIN ROAD BANGALORE,C8417182,2810.0,1,1
NEW PANVEL WEST,C1425417,2807.55,1,1
CHITALSAR MANPADA THANE,C3786438,2807.0,1,1
VIMANNAGAR  NAGAR ROAD PUNE,C5331531,2804.24,1,1
AMB,C4122172,2804.0,1,1
OFFICE GUNTUR,C8227081,2804.0,1,1
KATARGAM SURAT,C4232934,2801.82,1,1
NAVI MUMBAI PANVEL RAIGARH,C5423972,2801.0,1,1
TOLLYGUNGE PO TOLLYGUNGE KOLKATA,C8517518,2801.0,1,1
1ST BLOCK BANGALORE,C7212141,2800.0,1,1
AMBELIM,C5687465,2800.0,1,1
BANNERGHATTA RD BANGALORE,C3923360,2800.0,1,1
BANQUETS MUMBAI,C7820639,2800.0,1,1
KURMANNAPAL VISKHAPATNAM,C5339786,2800.0,1,1
NAGAR OPP ICICI BANK BANGALORE,C5259723,2800.0,1,1
NEW MILFORD,C5435647,2800.0,1,1
RD TALEGAON STN TALEGAON  PUNE,C6012333,2800.0,1,1
AMBATTUR,C7324530,2799.0,1,1
BELTHANGADY,C6270862,2799.0,1,1
CITY MANEKBAG AHMEDABAD,C4616325,2799.0,1,1
PALASHBARI,C3428160,2799.0,1,1
BHARANG,C1625131,2798.0,1,1
GURU VILLA BUNGLOWS ANAND,C7628883,2798.0,1,1
CO-OPERATIVE NEW DELHI,C5813358,2796.0,1,1
GROUNDS PUNE,C6530541,2796.0,1,1
NAWADA,C3221362,2796.0,1,1
SAGWARA,C4522434,2793.71,1,1
SHOPPING CENTER SURAT SURAT,C1832564,2792.0,1,1
SANATORIUM,C8465942,2790.0,1,1
VISHRANTWADI PUNE,C6423654,2788.73,1,1
RD SAKINAKA MUMBAI,C2977573,2786.06,1,1
NR ARJYA PATTY ITKHOLA SILCHAR,C4515481,2784.0,1,1
3 BANGALORE,C4240114,2783.0,1,1
TAL MULSHI PUNE,C1641237,2779.7,1,1
GURUKRUPA HOTEL MUMBAI,C2426490,2778.0,1,1
CHEVAYOOR,C5336314,2774.5,1,1
GANGAWATI,C2187574,2774.0,1,1
BANGALOORU,C4224157,2773.0,1,1
TRIPURA,C4742728,2766.95,1,1
NR CORPORATION BANK KOLKATA,C2317371,2765.98,1,1
PADRA,C8430229,2765.86,1,1
DHANORI PUNE,C7739486,2764.2,1,1
ANAPARTHI MANDAL,C8030130,2760.0,1,1
EYE HOSPITAL SECUNDERABAD,C7842385,2760.0,1,1
JANJGIR-CHAMPA,C8837132,2760.0,1,1
SAHIBZADA AJIT SINGH NAGAR,C6037386,2760.0,1,1
PADGHA,C9024553,2758.0,1,1
PUSHPAK NIBM PUNE,C7116681,2758.0,1,1
BADAUT,C4022314,2755.0,1,1
JUBAILI IND CITY,C2930747,2755.0,1,1
RICHMOND TOWN,C1241378,2751.74,1,1
STORES JANIGANJ SILCHAR,C1242230,2751.0,1,1
AIROLI,C6826354,2750.0,1,1
NADIAN,C4111186,2750.0,1,1
TIRUVALLUR CHENNAI,C1714366,2750.0,1,1
AHEMDABAD,C5827792,2749.0,1,1
TIRUVANNAMALAI (D),C6624361,2749.0,1,1
TRINITY BENGALURU,C6621090,2747.0,1,1
ESTATE FARIDABAD,C6989741,2746.0,1,1
SANGANI RAJKOT,C3624248,2745.5,1,1
PENAMALURU VIJAYAWADA,C3623878,2743.3,1,1
BAZAR KOLKATA,C1033137,2742.0,1,1
KHAIRNE THANE NAVI MUMBAI,C4339592,2740.63,1,1
ANJAR GANDHIDHAM KUTCH,C2359427,2740.0,1,1
BOMBEDEM,C1313627,2740.0,1,1
NEW  DELHI,C5442756,2740.0,1,1
PANCHASAYAR,C1624219,2740.0,1,1
ROAD GURGAON,C6617474,2740.0,1,1
(KH) TAL MULSHI PUNE,C1318835,2735.0,1,1
SOUTH 24 PGS,C3262618,2734.12,1,1
MANDSAUR,C5487372,2728.84,1,1
NANITAL,C3637744,2727.0,1,1
PATADHANA ROAD CHHINDWARA,C5341586,2726.0,1,1
DHADKA,C3440988,2725.92,1,1
DHANKAWDI PUNE,C8222473,2720.0,1,1
DISA,C8934565,2717.71,1,1
KERALA,C6886730,2713.2,1,1
NARKATIAGANJ,C3036474,2711.4,1,1
MAHALAKSHMI PURAM BANGALORE,C2137562,2710.86,1,1
KHARADI BYPASS HADAPSAR PUNE,C2011587,2708.0,1,1
TO LILHOWKI HYDERABAD,C5623827,2703.0,1,1
24 PGS NORTH,C8125272,2702.0,1,1
B/H VIDYANJALI SCHOOL BANGALORE,C6316454,2700.0,1,1
BANGALORE SESHADRIPURAM,C3970948,2700.0,1,1
BARDEZ GOA,C7224654,2700.0,1,1
BUDGAM,C8641432,2700.0,1,1
GARDEN HYDERABAD,C1629063,2700.0,1,1
KATARIYA MOTORS AHMEDABAD,C3431221,2700.0,1,1
KEDAL GUNJ ALWAR ALWAR,C4510364,2700.0,1,1
LOWER PAREL WEST,C7470920,2700.0,1,1
NAR,C4699846,2700.0,1,1
OPP UNN JAKAT NAKA SURAT,C8724891,2700.0,1,1
RESIDENCY VISAKHAPATNAM,C4318111,2700.0,1,1
SERVEN BHAWAN DELHI,C4238053,2700.0,1,1
ZIRKPUR,C1119985,2700.0,1,1
ST INEZ PANJIM,C6736490,2699.0,1,1
INTERNATIONAL HOTEL MUMBAI,C5542651,2695.01,1,1
JAGRAON,C5727244,2695.01,1,1
CINEMA KOLKATA,C7413425,2695.0,1,1
CHEERALA,C4842385,2692.36,1,1
METRO STATION BANGALORE,C6021530,2690.0,1,1
RAI BARELI,C5538015,2688.68,1,1
PUNE CITY PUNE,C3721584,2688.5,1,1
INDIRA NAGAR THANE,C6419726,2686.55,1,1
LOWERPAREL MUMBAI,C7510679,2680.0,1,1
CHINDWARA,C8367577,2678.55,1,1
JEHANGIR HOSPITAL PUNE,C6330428,2677.0,1,1
NAGPUR RURAL,C2120531,2677.0,1,1
CHANDIGARH (UT),C4138932,2676.0,1,1
INDL ESTATE ANDHERI WEST MUMBAI,C8436817,2674.0,1,1
THANJAVUR DIST,C8334814,2674.0,1,1
MEHENDRAGARH,C3921952,2671.37,1,1
KANDIVALI  WEST MUMBAI,C2311678,2670.0,1,1
SURYAPET NALGONDA (DIST),C8921640,2665.0,1,1
KHED DISTRICT PUNE PUNE,C8436059,2664.81,1,1
GANAPARTHI,C7230449,2660.0,1,1
PAKUR,C5122423,2660.0,1,1
WASHIM DIST,C7891349,2660.0,1,1
EXCHANGE ALLAHABAD,C7422815,2658.0,1,1
RAURKELA,C7412412,2657.0,1,1
RD AHMEDABAD,C5926319,2656.55,1,1
SHAHKOT,C4340155,2655.0,1,1
7390015 BANGALORE,C5923657,2653.83,1,1
EPIP AREA WHITEFIELD BANGALORE,C1028651,2653.0,1,1
SIRSOD,C5511146,2652.0,1,1
MAIN ROAD ABOVE SUZUKI BANGALORE,C8443465,2651.0,1,1
EXCHANGE POST OFFICE MUMBAI FORT,C1185029,2650.0,1,1
GOBINDAPUR,C5260491,2650.0,1,1
HIND SCHOOL BANGALORE,C1452671,2650.0,1,1
NADALA,C3433551,2650.0,1,1
NEAR BARDHAMAN,C8838848,2650.0,1,1
PH-IV GURGAON,C8432527,2650.0,1,1
NOAPARA 24 PGS N,C3020440,2649.0,1,1
SIVAGANGAI DIST,C5729212,2647.0,1,1
BAVDHAN KHURD PUNE,C3726420,2645.5,1,1
NERUL,C4032326,2643.0,1,1
RD GOREGAON EAST,C7912728,2641.0,1,1
NR AMRITSARIAN DI FACTORY GORAYA,C6221046,2640.92,1,1
THANE W MUMBAI,C4022985,2634.0,1,1
80 FEET RD BANGALORE,C2732519,2633.0,1,1
BAGALKOT DIST,C2632379,2632.0,1,1
SEELAMPUR NR SUNHARI MASJID DELHI,C6334720,2627.0,1,1
INSTITUTE MUMBAI,C1714817,2626.03,1,1
GR. NOIDA,C6434845,2625.5,1,1
NAGAR AGRA,C2441273,2624.0,1,1
VASAI EAST THANE,C8137156,2624.0,1,1
TOWARDS ASHOK NAGAR HYDERABAD,C7512355,2622.0,1,1
JEHANGIR HSPTL PUNE,C6923645,2620.6,1,1
DAKSHINAKANNADA,C7436186,2619.0,1,1
SCHOOL PUNE,C3519214,2615.0,1,1
DEVKHEDA,C1711671,2606.4,1,1
PLASSANAL,C7743217,2606.0,1,1
SCHOOL GOMATI,C2863066,2605.0,1,1
SPEYER,C7533068,2602.0,1,1
BHAYANDER E MUMBAI,C1966067,2601.0,1,1
(SAHIBABAD) GHAZIABAD,C1126578,2600.0,1,1
CIRCLE BANGALORE,C2481622,2600.0,1,1
DUBAI UAE,C6536173,2600.0,1,1
KAPAHERA SOUTH WEST DELHI NEW DELHI,C6420083,2599.0,1,1
PALOTI CHURCH MUMBAI,C4318941,2598.0,1,1
RATLAM,C6284778,2598.0,1,1
CHHATARPUR,C6714025,2595.0,1,1
PALGHAR WEST THANE,C7239177,2591.95,1,1
SONAPURA,C1038751,2588.0,1,1
RANNY,C3441786,2586.45,1,1
AMARAVATI,C9024083,2586.36,1,1
BESANI ROAD VILE PARLE W MUMBAI,C8565279,2582.0,1,1
MARG KURLA-W MUMBAI,C3019189,2582.0,1,1
VELLORE DT,C6514512,2581.17,1,1
KURLA ROAD ANDHERI E MUMBAI,C7620476,2580.81,1,1
MUVATTUPUZHA ERNAKULAM,C4936677,2580.0,1,1
UTTARA KANNADA,C3540331,2580.0,1,1
AMBIVLI WEST,C7318791,2576.2,1,1
ATTAPPALLAM,C3041849,2576.0,1,1
DISTT MUMBAI SUBURBAN DIST MUMBAI,C5539379,2573.15,1,1
CHUNAR,C8314216,2573.1,1,1
KACHCHH,C7631528,2572.8,1,1
NEAR RADISSON HOTEL PUNE,C7441213,2570.0,1,1
MARG LOWER PAREL (W) MUMBAI,C8911387,2568.0,1,1
MAHIM W,C6741461,2565.0,1,1
SHOP HYDERABAD,C3637485,2564.84,1,1
GOREGAON W MUMBAI,C2010576,2562.29,1,1
BASSEIN ROAD,C1931222,2560.0,1,1
PAVIL THEKKCTHIL CHENGANNUR,C6731314,2560.0,1,1
KARUR DT,C1325521,2559.0,1,1
THIRD FLOOR GURGAON,C4484987,2558.7,1,1
ABOHAR,C7320169,2556.0,1,1
NAMAKKAL TD,C3028211,2555.0,1,1
TOPH SHERKHANIAN,C5538231,2551.81,1,1
VILLA BUNGALOWS ANAND,C8039387,2551.0,1,1
LALIT PUR,C3239842,2550.0,1,1
MUMBAI-THANE,C7532760,2550.0,1,1
NALLASOPARA (WEST) THANE,C2825043,2550.0,1,1
TROMBAY,C6112586,2550.0,1,1
NO 2 THANE WEST,C5615743,2549.15,1,1
DISTT BUXAR,C1912532,2540.0,1,1
EXCOM HOUSE MUMBAI,C4636946,2540.0,1,1
JAYANAGAR BANGALORE,C5665740,2540.0,1,1
BIDAR DIST KARNATAKA,C2129846,2538.0,1,1
VRINDAVAN,C7626344,2536.0,1,1
CHAKALA ANDHERI E MUMBAI,C8937361,2535.54,1,1
GARHWA,C3811152,2532.0,1,1
KRISHNA DIST,C6338716,2532.0,1,1
BELGHORIA,C8427238,2530.0,1,1
KALYANA MANDAPAM PALLIKARNA CHENNAI,C6640849,2529.0,1,1
MUMBAI SUBURBAN DIST,C1031192,2529.0,1,1
GHATKOPAR,C7527266,2528.75,1,1
BROACH,C1411242,2524.7,1,1
DOMBIVLI THANE,C6429040,2524.0,1,1
DOSA RD MUMBAI,C2816045,2524.0,1,1
JHILO,C4128520,2524.0,1,1
ANDHERI GHATKOPAR LINK ROAD MUMBAI,C3455735,2523.74,1,1
GOLF VILLAGE CHENNAI,C6529485,2522.0,1,1
INDORA,C1417373,2522.0,1,1
NAGANUR,C6327727,2522.0,1,1
"KAKINADA ,AP",C3923629,2521.0,1,1
SHASTRI NGR ANDHERI W MUMBAI,C4226270,2520.36,1,1
CINEMA GHATKOPAR W MUMBAI,C2638829,2520.0,1,1
IT/ITES SEZ NANAKRAMGUDA HYDERABAD,C4354031,2519.0,1,1
EAST RIFFA,C6831767,2518.81,1,1
CHUVACHANPUR,C5210984,2518.05,1,1
CHATUA,C6833387,2517.75,1,1
KOPARKHAIRNE NAVI MUMBAI THANE,C7439842,2516.9,1,1
BUNGLOWS AHMEDABAD,C2229979,2515.07,1,1
RUDRAPUR USN,C7215343,2515.0,1,1
HSG SOC LTD MUMBAI,C2515243,2514.0,1,1
FZCO DUBAI,C4533112,2511.35,1,1
MANKHURD E MUMBAI,C9036874,2510.0,1,1
SECTOR 27 NOIDA,C8540136,2506.0,1,1
KANIYAKUMARI DT,C3322751,2505.0,1,1
DADRI,C2727684,2501.0,1,1
MODINAGAR,C2110731,2501.0,1,1
24 PARGANAS NORTH,C2710933,2500.0,1,1
BAGH KALINDI KUNJ NEW DELHI,C7312788,2500.0,1,1
BANER PUNE,C1530715,2500.0,1,1
BESIDE AKSHAR CMPL SURAT,C2522177,2500.0,1,1
BHAJAN PURA DELHI,C5651948,2500.0,1,1
BUILDING GUWAHATI,C4119811,2500.0,1,1
DIST SHIMLA TEHSIL SHIMLA SIMLA,C5328838,2500.0,1,1
DIST ZUNHEBOTO,C4837777,2500.0,1,1
DWARKA MORE METRO STATION NEW DELHI,C6313719,2500.0,1,1
E E HIGHWAY GHATKOPAR E MUMBAI,C5915616,2500.0,1,1
ESTATE LALBAUG MUMBAI,C4737390,2500.0,1,1
GARSHANKAR,C7925161,2500.0,1,1
GREATR MUMBAI (M CORP) MUMBAI,C4138830,2500.0,1,1
HARIOM SOCIETY VIRAR W THANE,C7434535,2500.0,1,1
HAVELI PUNE PUNE,C4663573,2500.0,1,1
JANDIALA AMRITSAR,C3119471,2500.0,1,1
KANIYAKUMARI DIST,C2927052,2500.0,1,1
KANYAKUMARI VALUACHAGOSTAM,C6420625,2500.0,1,1
KANYAKUMARIDIST,C3533718,2500.0,1,1
KHAJUWALA,C4421913,2500.0,1,1
KOLLAM PERUMPUZHA,C4923064,2500.0,1,1
KUVA WALI GALI GREATER NOIDA,C2737853,2500.0,1,1
LINK ROAD ANDHERI (WEST) MUMBAI,C6199633,2500.0,1,1
MALAD WEST DELY MUMBAI,C6027838,2500.0,1,1
MOHALI ZIRAKPUR,C6815566,2500.0,1,1
MURBAD RD KALYAN WEST,C5229971,2500.0,1,1
NAGAR MORAR,C3721544,2500.0,1,1
NAGAR MUMBAI ANDHERI WEST,C7887687,2500.0,1,1
NARELA,C5536887,2500.0,1,1
NEAR RAGHU NATH MANDIR SAMALKHA,C4763376,2500.0,1,1
RD ANDHERI WEST MUMBAI,C6121669,2500.0,1,1
RINGANWADA NANI DAMAN DAMAN,C2223118,2500.0,1,1
ROAD ERNAKULAM,C8240961,2500.0,1,1
S O MUMBAI MULUND WEST,C7031823,2500.0,1,1
SINGBHUM,C1529670,2500.0,1,1
STATION NA HYDERABAD,C6233621,2500.0,1,1
BISHUNPUR,C1135037,2499.5,1,1
CHICKMAGALUR,C4978287,2499.0,1,1
HIGH SCHOOL HESAG,C6242021,2499.0,1,1
KOTDWARA,C8217832,2499.0,1,1
PANCHAYATH PATHANAMTHITTA,C1924513,2499.0,1,1
IDAR,C4517978,2498.95,1,1
MARATHAHALLI BANGALORE,C4913341,2498.67,1,1
BHAYANDAR EAST THANE,C7237550,2498.04,1,1
SECTOR 93 B NOIDA,C2254433,2498.0,1,1
VIJAPUR,C2355040,2497.0,1,1
LUDHUINANA,C7224024,2495.01,1,1
COMBATORE,C5242817,2495.0,1,1
HARYANA,C5716282,2495.0,1,1
MAZGAON MUMBAI,C2630060,2495.0,1,1
BULANDSAHAR,C3829938,2494.0,1,1
COMMUNITY HALL HYDERABAD,C4042711,2493.9,1,1
NILGONDA,C5664956,2493.25,1,1
EXTENSION BANGALORE,C2734615,2492.36,1,1
NEW SHIMLA,C5127673,2490.0,1,1
PATPAR GUNJ DELHI SHAKARPUR E DELHI,C2038375,2490.0,1,1
RAJAHMUNDRY E G DIST,C1737279,2490.0,1,1
TEHSIL ANDHERI MUMBAI,C7527380,2490.0,1,1
W SOPARA NALLASOPARA W THANE,C1526215,2490.0,1,1
HOSPITAL SAFIDON,C1096564,2487.0,1,1
FATORDA,C2823325,2484.0,1,1
TABALPUR,C2212884,2484.0,1,1
COLONY PATNA,C6637067,2482.8,1,1
NR NILESH SUPER MARKET NASHIK,C7619530,2482.0,1,1
RAGHURAJANAGAR,C4132311,2480.0,1,1
SANT KABIRNAGAR,C4618336,2480.0,1,1
E VASAI PALGHAR THANE,C9041057,2479.0,1,1
(W) MUMBAI MUMBAI,C1631037,2478.0,1,1
BRIDAGE MUMBAI,C2315969,2478.0,1,1
JAM KHAMBHALIYA,C3711047,2475.8,1,1
PADA DAHISAR WEST MUMBAI,C5132666,2475.0,1,1
KHERI BURA,C5110761,2473.01,1,1
ROAD ANDHERI E MUMBAI,C2331550,2473.0,1,1
NARASINGHOME TANUKU,C7235041,2472.1,1,1
DAHOD,C1614219,2470.0,1,1
OFFICE SALEM,C8710678,2468.38,1,1
NAGAON,C3311432,2465.0,1,1
JWALAPUR TEH HARIDWAR HARIDWAR,C5143747,2464.88,1,1
ROAD NEW DELHI,C1836846,2460.0,1,1
VODAFONE STORE MUMBAI,C7580181,2460.0,1,1
SIR J J RD THANE,C7019785,2456.53,1,1
GOTTIGERE RD GOTTIGERE BANGALORE,C3623252,2455.0,1,1
JAIPUR JAIPUR,C6524247,2450.0,1,1
MORENA,C5634040,2450.0,1,1
SOUTH HEDLAND,C7176279,2448.0,1,1
GOREGAON(W) MUMBAI,C3124571,2447.0,1,1
MORLEM,C6464178,2445.5,1,1
PEDDAVADUGUR,C1924166,2444.0,1,1
VIKASNAGAR DEHRADUN,C1518679,2443.0,1,1
SWAMY TEMPLE GUNTUR,C1534742,2441.0,1,1
NEAR SPINE CITY MALL PUNE,C6035753,2440.0,1,1
OLD FARIDABAD,C7024342,2440.0,1,1
AVANTICHOWK PANDRI RAIPUR CG RAIPUR,C2430060,2438.0,1,1
GOREGAON WEST MUMBAI,C8226959,2438.0,1,1
DISTT KATIHAR,C8411415,2436.0,1,1
CLINIC BHIWANDI,C1631731,2434.0,1,1
MAIN RD P N PALAYAM COIMBATORE,C1982712,2433.0,1,1
BHEL,C7420583,2429.1,1,1
RAJAWADI GHATKOPAR EAST MUMBAI,C3820986,2428.0,1,1
THIRUNELLAI,C2433443,2428.0,1,1
KOKANRATNA HOTEL KALYAN WEST,C6423849,2427.0,1,1
AZAWL,C5397120,2426.22,1,1
LINE SCHOOL HYDERABAD,C3111421,2425.0,1,1
LONAVALA,C5836856,2424.1,1,1
LT DEPT THANE,C5270283,2423.3,1,1
BANK NASHIK,C1888511,2419.5,1,1
BORIAVI,C7544635,2418.0,1,1
KAMALA NURSING HOME VISAKHAPATNAM,C3013157,2416.0,1,1
STATION SION MUMBAI,C2729140,2415.0,1,1
KRISHNAPURAM,C3525866,2414.9,1,1
PARGANAS TWENTY FOUR PARGANAS,C2682943,2414.44,1,1
KHARGHAR NAVIMUMBAI,C1817824,2414.0,1,1
3RD BLOCK BANGALORE,C8726530,2410.0,1,1
SARKARIRATION KI DUKAN MEERUT,C4942437,2410.0,1,1
CROYDON,C6274936,2409.0,1,1
"KODAMBAKKAM, CHENNAI",C9098991,2409.0,1,1
AMLA,C2914589,2406.08,1,1
KATEWADI,C3926517,2404.0,1,1
SIHUNTA,C6425089,2404.0,1,1
VISHAKAPATANAM,C4620620,2402.0,1,1
SHREYAS CINEMA MUMBAI,C5935967,2401.0,1,1
CITY TREAT HOTEL MUMBAI,C2913715,2400.7,1,1
GANJAM-DISTRICT,C5138382,2400.56,1,1
(N) 24 PGS,C8966067,2400.0,1,1
BAKERY NAVI MUMBAI,C5615672,2400.0,1,1
BEHIND JW MARIOTT PUNE,C8628887,2400.0,1,1
CHINCHWAD,C8324524,2400.0,1,1
DAV PUBLIC SCHOOL HYDERABAD,C1741564,2400.0,1,1
MALKAJGIRI RANGAREDDY HYDERABAD,C2018779,2400.0,1,1
MULUND STATION MULUND MUMBAI,C7433539,2400.0,1,1
NORTH EAST DELHI NEW DELHI,C4611433,2400.0,1,1
SHIVALAYAM HYDERABAD,C4495560,2400.0,1,1
ABHUDAYA BANK NEW PANVEL,C2210873,2399.0,1,1
NEAR SHRIRAM HIGHSCHOOL MUMBAI,C8210868,2399.0,1,1
TROMBAY ROAD DEONAR MUMBAI,C8514170,2399.0,1,1
MARGO,C4910868,2398.27,1,1
CENTRAL MUMBAI,C6638641,2398.0,1,1
NAVSAHYADRI PUNE,C6410153,2398.0,1,1
REASI,C4623946,2398.0,1,1
RESTAURANT NEW DELHI,C3791564,2398.0,1,1
MYSURU CITY,C6718611,2397.72,1,1
ARVALLI,C2419621,2396.0,1,1
DHARMAPURI DT,C6139820,2395.0,1,1
SEC 49 GURGAON,C4433243,2395.0,1,1
BULDANA,C4635623,2394.5,1,1
ULHASNAGAR-1 THANE,C4418929,2393.0,1,1
MARATHAHALLI OUTER RING ROAD,C4191162,2392.0,1,1
PURBA CHAMPARAN,C2726364,2390.0,1,1
TALAO THANE,C1010427,2390.0,1,1
MANDAL VISAKHAPATNAM,C3725820,2389.0,1,1
HIJNEWADI PUNE,C5529252,2387.0,1,1
DHANBAN,C8641256,2385.0,1,1
SHEETHAL BHIWADI,C5686944,2385.0,1,1
THANE NAVI MUMBAI,C5726079,2383.55,1,1
INSTITUTE RMD PUNE,C1750979,2381.25,1,1
PETA VIJAYAWADA,C8935242,2380.0,1,1
RUIA HOUSE MUMBAI,C2883454,2380.0,1,1
SANDOZBAUGH THANE,C4266836,2378.0,1,1
KORABUT,C7825214,2376.0,1,1
NEXT TO HUB MALL GORGAON EAST,C5516656,2375.32,1,1
RUDRAPRAYAG,C6210523,2375.19,1,1
HDFC BANK BANGALORE,C3475291,2375.0,1,1
COLONY RANCHI,C6026940,2374.0,1,1
PERUMBAVOOR ERNAKULAM,C7739944,2373.0,1,1
BBSR,C1535726,2372.0,1,1
CIRCLE HYDERABAD,C2842774,2372.0,1,1
KAMALGHAT,C7018838,2371.75,1,1
THANE BADLAPUR E,C2241469,2371.0,1,1
ZUMARI TILAIYA,C1525154,2371.0,1,1
AGASHI THANE,C8611673,2370.0,1,1
ESTATE THANE MAHARASHTRA MUMBAI,C5451074,2370.0,1,1
SURAT DUMAS ROAD,C8126186,2369.91,1,1
VADTHAL,C3141660,2368.92,1,1
BHUBANESHWAR RASULGARH,C4128751,2366.96,1,1
BETIM,C7437142,2360.0,1,1
SALWA,C4839269,2360.0,1,1
APPARTMENTS NEW DELHI,C6219719,2358.0,1,1
DIST. AHMEDABAD,C6117285,2358.0,1,1
DEHRI ON SONE,C8914221,2352.0,1,1
RAJAMANDRY,C8194753,2351.48,1,1
AHMEDABAD AHMEDABAD,C1314842,2350.0,1,1
CHAPRA SARAN,C5057359,2350.0,1,1
PERNEM NORTH GOA,C4540875,2350.0,1,1
TRIPURANTHAKAM,C1864445,2350.0,1,1
MIRA RD E,C5298042,2349.0,1,1
CAMP HILL,C4824123,2347.8,1,1
SIVAKASI,C8359562,2344.0,1,1
MUMBAI G P O,C2918465,2342.0,1,1
DIWAR,C5735265,2340.38,1,1
ELPHINSTONE ROAD WEST MUMBAI,C5625271,2340.0,1,1
JIRANIA,C4015816,2340.0,1,1
ROAD VISHRANTWADI PUNE,C2518869,2336.89,1,1
RSC 9 SERVE NO 41 MUMBAI,C6234545,2333.67,1,1
MIRA-BHAYANDER THANE,C5369023,2331.86,1,1
PANTALOOMS MUMBAI,C6728222,2330.0,1,1
PUNGANUR,C5929511,2328.0,1,1
KALYAN-W,C4619625,2327.9,1,1
TO MOTHERHOOD HOSPITAL BANGALORE,C2320365,2327.85,1,1
MOHALI MOHALI,C2614676,2326.46,1,1
SHERI TALUKA HAVELI VIMAN NGR PUNE,C4819743,2326.45,1,1
WALI GALI NEW DELHI,C2624174,2326.0,1,1
ELPHINSTONE WEST MUMBAI,C8429935,2325.0,1,1
SWEETS KASHIPUR,C7433416,2325.0,1,1
JAMBUDA,C2116974,2324.45,1,1
RUPEE BANK PUNE,C1438048,2324.0,1,1
KONDA VIJAYAWADA,C4836629,2317.0,1,1
KORAPUT O,C1236658,2317.0,1,1
GURAON,C7828411,2316.0,1,1
KOTESHWARA,C2810218,2316.0,1,1
TALUKA PUNE PUNE,C3329252,2315.0,1,1
TIRUPATI CHITTOOR DT,C1633231,2315.0,1,1
PUMP WANWADI HAVELI PUNE,C2622590,2312.0,1,1
TAURU,C4413532,2312.0,1,1
KUNIYIL,C5026965,2311.25,1,1
MANI STORE MUMBAI,C3516069,2310.0,1,1
2ND A CROSS BENGALURU,C3017883,2309.55,1,1
NIZAM PALACE KOLKATA,C7712469,2309.0,1,1
SALANPUR,C7126387,2309.0,1,1
BADALAPUR-W,C3312958,2307.0,1,1
KANNIYAKUM,C8676553,2304.0,1,1
TUPRAN(MANDAL) MEDAK,C5020140,2302.31,1,1
NEAR HITEXEXBITION CENTER HYDERABAD,C5228570,2302.0,1,1
BABUSAPALYA BANGALORE,C5580458,2300.0,1,1
BANGALORE NORTH,C6840345,2300.0,1,1
BOUDH,C6520224,2300.0,1,1
CHAURACHANDPUR,C5036916,2300.0,1,1
CHIKHLI,C3020250,2300.0,1,1
DHURI DT SANGRUR,C8542654,2300.0,1,1
GRTR MUMBAI MUMBAI,C1528671,2300.0,1,1
HALL TIRUPATI,C3515726,2300.0,1,1
KADUTHURUTHY,C6519280,2300.0,1,1
MALAD W MUMBAI,C4325578,2300.0,1,1
MANIGACHHI,C7632928,2300.0,1,1
PARK SOC SURAT,C6517613,2300.0,1,1
PUNE CITY WANOWARIE PUNE,C1016471,2300.0,1,1
RAI,C1718915,2300.0,1,1
VILLAGE MALAD E  MUMBAI,C5539129,2300.0,1,1
VIMAN NAGAR PUNE,C6412739,2300.0,1,1
BARGAON,C3856268,2299.0,1,1
MUMAI,C5346115,2299.0,1,1
NAVI DAMAN,C3629660,2299.0,1,1
SAHARANPUR SAHARANPUR,C1663125,2299.0,1,1
TISWADI,C8015592,2299.0,1,1
RANAPRATAP NAGAR NAGPUR,C3341479,2298.85,1,1
MH 06 KHARAGPUR,C3413373,2296.0,1,1
SAHUPURI,C1223177,2296.0,1,1
DIST BELGAUM,C1965391,2295.0,1,1
DOMBIVALI WEST,C5612846,2295.0,1,1
MAROL ANDHERI(E) MUMBAI,C3628140,2295.0,1,1
NEXT TO MANASHAKTI KENDRA PUNE,C6024043,2295.0,1,1
ST JOSEDH BANGALORE,C8514417,2295.0,1,1
BLDG ANDHERI EAST MUMBAI,C2132790,2293.0,1,1
SCHOOL SOUTH TRIPURA,C1612585,2293.0,1,1
GAURAV PLAZA MUMBAI,C8825125,2292.51,1,1
MATHERAN ROAD NERE PANVEL,C3720922,2292.5,1,1
PARLOUR PUNE,C4837535,2292.0,1,1
BOOKSTORE MUMBAI,C1816157,2290.0,1,1
MERIDIAN SCHOOL MADHAPUR HYDERABAD,C4530818,2290.0,1,1
RAMANAGARAM,C8134785,2290.0,1,1
JAUNPUR DISTRICT,C2923992,2288.0,1,1
KOPARKHAIRANE,C5037617,2287.15,1,1
PARK TIRUPATI,C1436054,2286.0,1,1
SIMLA,C1282820,2283.0,1,1
CANSAULIM,C6537466,2282.0,1,1
GOVT SCHOOL BANGALORE,C2129027,2282.0,1,1
CHEMBUR NR GHATLA VILLAGE MUMBAI,C2627754,2280.32,1,1
VIDYANAGARA,C3426849,2279.0,1,1
DIST BHARUCH ANKLESHWAR,C3714023,2278.0,1,1
JUNNAR PUNE,C2032622,2278.0,1,1
BAPAT MARG LOWER PAREL,C1937866,2275.0,1,1
DOMBIVALI WEST THANE,C8631526,2275.0,1,1
BELAUKH,C7046346,2274.89,1,1
CIRCLE KATARGAM SURAT,C1641012,2273.84,1,1
NAMCHI,C2228312,2272.0,1,1
AHMEDABAD CITY,C6466738,2270.0,1,1
SHEKHPURA,C4036285,2270.0,1,1
QUEPEM GOA,C8229043,2269.95,1,1
PASCHIM MEDNIPUR,C5972872,2269.4,1,1
BALRAMPUR,C1113781,2269.0,1,1
CENTRE VIJAYAWADA,C2036746,2268.0,1,1
TIRUCHIRAPPALLI DT,C6539769,2265.0,1,1
BULANDSHAHAR,C6529036,2262.0,1,1
DOMBIVALI-W,C2389259,2261.0,1,1
VEERA DESAI ROAD ANDHERI (W) MUMBAI,C4925681,2261.0,1,1
MYSORE CITY,C8049915,2260.0,1,1
THANE (WEST) THANE,C5690616,2260.0,2,1
DISTT-GHAZIABAD GHAZIABAD,C2629675,2256.29,1,1
UDALI KHURD,C2921487,2256.0,1,1
RAMDEV TEMPLE RANGAREDDY,C3616486,2254.64,1,1
THIRUNINRAVAR,C6259160,2254.0,1,1
NR INDAN OVESEAS BANK MANGALORE,C6010553,2251.0,1,1
GANESHKHIND PUNE,C4624192,2250.0,1,1
INDORE NEAR ICICI BANK INDORE,C1716415,2250.0,1,1
PALIKA BAZAR NASHIK,C4941837,2250.0,1,1
ROAD THANE,C5670518,2250.0,1,1
STUDIO ANDHERI W MUMBAI,C3017380,2250.0,1,1
FATEHGARH,C2537460,2249.1,1,1
MOHUDA,C3121448,2247.0,1,1
CHENKODI,C8626826,2245.0,1,1
HINGOLI,C7241257,2245.0,1,1
BHAVAN KOLKATA,C3742844,2242.0,1,1
AKSHAYA NAGAR,C8413316,2240.0,1,1
AUTOMOTIVE WORKSHOP SECUNDERABAD,C4957745,2239.8,1,1
ANUPPUR,C7225723,2239.0,1,1
MODEL SCHOOL HYDERABAD,C3629426,2238.37,1,1
SCHOOL JAIPUR,C5840581,2234.0,1,1
JINDWARI,C1913859,2233.0,1,1
MIDINIPUR,C2797548,2232.0,1,1
CHIKHALI PUNE,C8670447,2231.0,1,1
WASWANI ROAD PUNE,C1839971,2231.0,1,1
OLD ALWAL SECUNDERABAD,C8729666,2229.72,1,1
LIVERPOOL,C4097164,2229.0,1,1
MUMBAI E,C6511856,2227.0,1,1
MIRAROAD E THANE,C8827263,2223.6,1,1
DAYTON,C1031659,2223.0,1,1
RAYAMANGALAM,C2622326,2222.4,1,1
OPP FUN CINEMA NEW DELHI,C3934127,2222.0,1,1
KARIMANNOOR,C6221926,2220.0,1,1
PRADESH VISAKHAPATNAM,C7824434,2220.0,1,1
ROAD ANDHERI EAST MUMBAI,C8114236,2220.0,1,1
USGAO,C5210942,2219.95,1,1
EDAPUZA,C6233977,2218.4,1,1
KANDIVALI MUMBAI,C1316278,2218.0,1,1
CHANDRA SEKHARAPURAM PRAKASAM,C4042716,2216.96,1,1
DATIYA,C5829719,2209.0,1,1
PURBI SINGHBHUM,C2037311,2205.95,1,1
NALASOPARA WEST,C3320619,2205.51,1,1
GHATARO,C3549146,2205.0,1,1
ANANDPUR SAHIB,C8817234,2204.0,1,1
ROHAN,C1739720,2204.0,1,1
BAHADURGAR,C1816360,2203.0,1,1
MUMBAI AIROLI THANE,C5015981,2203.0,1,1
OF MYSORE PUNE,C5867556,2203.0,1,1
VIRAR WEST,C2495321,2202.2,1,1
SIOLIM,C7390013,2202.0,1,1
MANDAL LIBRARY MUMBAI,C4221728,2201.86,1,1
AL NAKHEEL,C8810762,2201.79,1,1
HOTEL BHIWANDI,C3740852,2200.49,1,1
AHMEDABAD G P O AHMEDABAD,C8568611,2200.0,1,1
AND CORPORATION BANK ATM BANGALORE,C8916972,2200.0,1,1
BADLAPUR WEST THANE,C6212581,2200.0,1,1
BHANDEWADI NAGPUR,C5242762,2200.0,1,1
CORPUS CHRISTI,C5921864,2200.0,1,1
EDUCATIONAL SOCIETY HYDERABAD,C6217820,2200.0,1,1
GROUND NIT FARIDABAD,C1830012,2200.0,1,1
JUHU BEACH SANTACRUZ W MUMBAI,C5924155,2200.0,1,1
KALAWAD ROAD RAJKOT,C1639020,2200.0,1,1
MALL ANDHERI WEST MUMBAI,C8720714,2200.0,1,1
MANIKAM ROAD AMINSIKARAI CHENNAI,C8723148,2200.0,1,1
ORPINGTON,C7911550,2200.0,1,1
PARLE E NR KOLDONGRI BUS STP MUMBAI,C4536146,2200.0,1,1
PAWAR NAGAR THANE JEKEGRAM,C4041124,2200.0,1,1
RD NR DURGA CHOWK NEW DELHI,C1625328,2200.0,1,1
RESI WARJE PUNE,C3433768,2200.0,1,1
ROPNAGAR,C2134428,2200.0,1,1
SHOBHA HOSPITAL BANGALORE,C4954287,2200.0,1,1
SRIKAKULAM DIST,C4741314,2200.0,1,1
THASRA KHEDA,C8236719,2200.0,1,1
VIMANNAGAR NGR RD PUNE,C4927251,2200.0,1,1
GREATER MOHALI,C1519920,2199.0,1,1
THIRUPUR,C2019163,2199.0,1,1
SANKARAGUPTAM EAST GODAVARI,C8232337,2198.03,1,1
GOZARIYA,C1826573,2195.0,1,1
RD POKASARVADAVALI THANE W THANE,C8916584,2195.0,1,1
WALANDI,C6413519,2193.87,1,1
KHONGJOM,C1915828,2193.0,1,1
KADAMPANAD NORTH,C8435878,2192.39,1,1
THEATRE LBS MARG GHATKOPAR W MUMBAI,C3824291,2191.4,1,1
LALBAUG MUMBAI,C6039044,2190.0,1,1
NAGPUR GPO NAGPUR,C7326658,2190.0,1,1
PRESTAGE VARACHHA ROAD SURAT,C2724368,2190.0,1,1
PICKET CIRCLE HYDERABAD,C6919247,2189.89,1,1
CENTRAL DELHI,C2128840,2188.0,1,1
MUMBAI SUBURBAN DIST MUMBAI,C8710633,2188.0,1,1
BANAGLORE,C2340653,2185.34,1,1
HALDIA,C2624416,2185.0,1,1
BAIJNATH,C1433471,2175.0,1,1
PRABHADEVI MUMBAI,C3024983,2175.0,1,1
WOODSIDE,C6413585,2175.0,1,1
KOLIWADA MUMBAI,C2174421,2172.36,1,1
MALWANI DEPOT MUMBAI,C6340125,2170.0,1,1
VASAI (EAST),C5630170,2169.0,1,1
BELLANDUR POST BANGALORE,C4010969,2167.95,1,1
CHAMBER SECUNDERBAD,C5317435,2167.0,1,1
NDAHALLI BANGALORE SOUTH BANGALORE,C1919551,2167.0,1,1
MIRA BHAYANDER THANE,C5219366,2166.0,1,1
NANDURBAR,C1117761,2165.49,1,1
SHAHABAD MARKANDA,C5024715,2165.0,1,1
ARIYAPPAPURAM,C5423823,2164.0,1,1
VENKATESWARAPURAM KRISHNA,C6129733,2163.57,1,1
KARUVAMBARAM,C3125940,2163.0,1,1
CLERMONT FERRAND,C6921977,2162.0,1,1
LOKHANDWALA RESIDENCY WORLI MUMBAI,C8615444,2160.0,1,1
PHASE I DELHI,C7134230,2159.0,1,1
CHAKALA MIDC MUMBAI,C8212527,2157.47,1,1
BAHULA NASHIK,C8542453,2155.99,1,1
NAGDA UJJAIN DIST,C3061559,2155.28,1,1
COIMBATORE RURAL,C3415117,2153.0,1,1
MEDEK,C7510764,2150.0,1,1
PIMPLE SAVDAGAR PUNE,C7138687,2150.0,1,1
PLAZA TRASPROT NAGAR DEHRADUN,C6143053,2150.0,1,1
SWAMI TEMPLE VIJAYAWADA,C6142778,2150.0,1,1
UDUMALPET,C6814827,2146.95,1,1
MOGAPAIR EAST CHENNAI,C4723268,2146.0,1,1
PARVATI PUNE,C3630854,2142.65,1,1
THANE (W) THANE,C6124575,2141.04,1,1
MARG PRABHADEVI MUMBAI,C3015389,2140.0,1,1
VIZIANAGARAM DIST,C2128868,2140.0,1,1
GOREGAO,C8930823,2139.0,1,1
MOROLNAKA METROSTATION MUMBAI,C6111454,2138.0,1,1
ELECTRONIC CITY BANGALORE,C8416260,2137.0,1,1
NERUL NAVIMUMBAI,C3835784,2136.0,1,1
STORE  BHUBANESWAR,C2015065,2136.0,1,1
SIGNAL SION-E MUMBAI,C1140356,2135.0,1,1
KALYAN VISHNUNAGAR THANE,C4038858,2131.0,1,1
MIRAROAD,C3819851,2131.0,1,1
BONASOLA,C8230113,2130.0,1,1
SALCETTE,C5734565,2130.0,1,1
YASHRAJ FILMS STUDIO MUMBAI,C4018715,2130.0,1,1
ANGUL - ORISSA,C6224428,2127.0,1,1
BELAPUR,C5522820,2126.0,1,1
HOSUR TALUK KRISHNAGIRI DIST HOSUR,C4814388,2126.0,1,1
DISTT NASHIK NASHIK,C7625449,2125.65,1,1
MARATHALLI OUTER RING RD VARTHUR,C8326470,2125.0,1,1
MONDETOWER MUMBAI,C5427187,2124.0,1,1
NELLORE 1,C5128574,2120.0,1,1
SCHOOL  MUMBAI,C6228535,2119.0,1,1
STATION SRIRAMPURAM BANGALORE,C7916427,2119.0,1,1
TARDEO MUMBAI,C1266331,2118.0,1,1
OLD JAIL ROAD WARD 14 VISAKHAPATNAM,C3920125,2116.0,1,1
VASHI NR VASHI RLY STN NAVI MUMBAI,C5240125,2115.0,1,1
PANCHMAHALS,C1215987,2111.0,1,1
BEHIND DR PANDIT CLINIC MUMBAI,C4880219,2109.0,1,1
DASPUR II,C4325545,2109.0,1,1
MASJID HYDERABAD,C6021646,2106.99,1,1
R R DIST,C3110450,2106.0,1,1
KALYAN TILAKNAGAR THANE,C8230539,2105.64,1,1
DIST KOTA,C1919739,2104.0,1,1
HIGH STREET PHOENIX MUMBAI,C5733868,2104.0,1,1
KOILAKUNTLA,C8242211,2104.0,1,1
BIKANER BIKANER,C3734984,2103.5,1,1
THURUTHY,C3918874,2102.48,2,1
GURGAON BUNDAHERA GURGAON,C1532135,2102.0,1,1
VAZHOOR,C1625731,2101.38,1,1
OMAXE GURGAON,C3788467,2101.0,1,1
BANK HYDERABAD,C2813129,2100.0,1,1
CASTLE HILL,C8440717,2100.0,1,1
ELECTRONIC CITY PO BANGALORE,C7635337,2100.0,1,1
GAUTAM BUDDHA NGR,C1869162,2100.0,1,1
GHUMARWIN,C1029784,2100.0,1,1
GOSSAIPUR,C4677885,2100.0,1,1
JALNA,C6788120,2100.0,1,1
KALYANA MANTAPA ROAD BANGALORE,C2239163,2100.0,1,1
LAB NIT FARIDABAD,C8039467,2100.0,1,1
SANGAM CHENNAI,C2834238,2100.0,1,1
SCHOOL NEW DELHI,C6460417,2100.0,1,1
SURYAPETA NALGONDA DIST,C7431261,2100.0,1,1
CHELGAL,C1824260,2099.0,1,1
EAST GANGTOK,C1427542,2099.0,1,1
GANGAPUR,C2236241,2099.0,1,1
SAMBALPUR,C8516280,2099.0,1,1
D P ROAD AUNDH PUNE,C8512760,2098.8,1,1
SALAKHUA,C7442137,2098.69,1,1
BSE FORT MUMBAI,C3114720,2098.0,1,1
PHENSONG,C7016357,2098.0,1,1
RANGAREDDI HYDERABAD,C5642143,2098.0,1,1
SAHARSA,C2728350,2097.97,1,1
UDHAMSINGH NAGAR,C8719346,2097.58,1,1
HEALTH CLUB HOSHANGABAD,C2337685,2097.14,1,1
KANDANGALI,C4724572,2097.0,1,1
BHANDUP W BOMBAY,C6117060,2096.0,1,1
PERUVANTHANAM,C5329679,2096.0,1,1
GARDEN NAVI MUMBAI,C6011175,2095.0,1,1
BALACHAUR,C6712733,2094.0,1,1
JAROD,C1825768,2094.0,1,1
JACOB CIRCLE SO MUMBAI,C6692152,2090.0,1,1
NEDUMPURAM,C1313263,2088.0,1,1
BTM LAYOUT BANGALORE,C8819035,2085.0,1,1
NASHIK NASHIK,C5322369,2085.0,1,1
THALAVOOR,C3412544,2085.0,1,1
GOLD 1 AND 2 MUMBAI,C8129275,2083.13,1,1
AMBALACANTT,C2819252,2082.0,1,1
THERKU VENGANALLUR,C2128463,2081.59,1,1
MARIGAON,C8440346,2080.0,1,1
EDINBURGH,C3429732,2078.0,1,1
PIMPALI,C2924230,2078.0,1,1
ROAD BSK 3RD STAGE BANGALORE,C8770642,2075.0,1,1
ORHICD HOTEL BANGALORE,C6416035,2074.0,1,1
BAZAAR KANDIVALI WEST MUMBAI,C2212066,2071.0,1,1
FARM GR NOIDA,C5014273,2071.0,1,1
NR MAHABALESHWAR HOTEL PUNE,C3510018,2071.0,1,1
DARBAR GORAYA,C4738052,2070.0,1,1
HALL WHITEFIELD BANGALORE,C1311359,2070.0,1,1
"SURYAPET,NALGONDA(DIST)",C3015255,2070.0,1,1
TEMPLE NAVI MUMBAI,C5340372,2068.85,1,1
LINK ROAD ANDHERI MUMBAI,C1933648,2067.9,1,1
ARAKONAM,C7125727,2067.0,1,1
ELPHISTONE ROAD MUMBAI,C8615271,2067.0,1,1
RATNAGIRI CHIPLUN,C3031528,2067.0,1,1
SCHOOL KANDIVALI W,C7610325,2067.0,1,1
GARDEN BORIVALI E MUMBAI,C8534217,2066.0,1,1
GANDEVI,C5215972,2065.0,1,1
OUTRAM,C2640058,2065.0,1,1
VASHI  NAVI MUMBAI,C3311823,2065.0,1,1
HIGHWAY UNAVA UNJHA UNJHA,C6533487,2064.0,1,1
HANUMAN MANDIR BHIWANDI,C8541219,2062.97,1,1
MADHUPARK ROAD MUMBAI,C5417432,2061.87,1,1
STOP SECUNDERABAD,C7517175,2060.45,1,1
MAYUR HOTEL NAVI MUMBAI,C7622271,2060.0,1,1
MUMBAI ANDHERI,C2386138,2060.0,1,1
CINEMAS GHATKOPAR W,C7532366,2057.57,1,1
HANAMKONDA,C8975515,2057.0,1,1
CHIDAMBARAM,C1134425,2055.0,1,1
CUDDALORE(DT),C7037374,2055.0,1,1
WEST KALYAN,C6925853,2055.0,1,1
SIRSI,C1737891,2054.0,1,1
ABUROAD,C5240936,2050.5,1,1
MITHAKHALI ELLISBRIDGE  AHMEDABAD,C5220529,2050.18,1,1
NAGAR ANDHERI (WEST) MUMBAI,C3832469,2050.0,1,1
NAGAR DADRI,C6437278,2050.0,1,1
PUMP BANGALORE,C6135321,2050.0,1,1
KOTTAYAM (DISTIC),C8218722,2049.91,1,1
NEYVELI TOWNSHIP,C2914913,2049.0,1,1
PURAM BANGALORE,C8816820,2049.0,1,1
IGATAPURI DIST NASHIK NASHIK,C8040550,2047.3,1,1
SUBURBAN TEHSIL BORIVALI MUMBAI,C8430368,2047.2,1,1
MUMBAI SUB URBAN,C8441691,2047.05,1,1
PILERNE,C2087174,2047.0,1,1
KUMTA,C2427585,2046.4,1,1
KARTHIKAPPALLY,C4219653,2045.76,1,1
NAVI MUMBAI NAVI MUMBAI,C7026673,2045.24,1,1
HIGH SCHOOL BANGALORE,C7584235,2045.0,1,1
KEONJHAR,C8851382,2045.0,1,1
PUNALUR,C5336747,2042.5,1,1
T3 NEW DELHI,C1359424,2040.61,1,1
ALDONA,C3810042,2040.0,1,1
TAL PALGHAR DIST PALGHAR,C5417930,2040.0,1,1
MARG LOWER PAREL,C5327867,2038.81,1,1
KORAMANGLA 1ST BLOCK BANGALORE,C3940920,2034.32,1,1
ST CRUZ,C9021126,2034.0,1,1
PANSKURA,C1935386,2032.6,1,1
AHMADPUR,C1246730,2030.0,1,1
DHABADE PUNE,C2529433,2029.22,1,1
SANT KABIR NAGAR,C5522548,2026.34,1,1
AMBALAL DOSHI MARG FORT MUMBAI,C7516525,2025.27,1,1
HIGH SCHOOL NAVI MUMBAI,C2083354,2024.0,1,1
KARMANGHAT K V RANGAREDDY HYDERABAD,C4632048,2023.0,1,1
PONNAGAR TRICHY,C4626522,2022.0,1,1
NAMAKKAL (D T),C9034414,2020.85,1,1
NR FORUM MALL SIGNAL BANGALORE,C5815721,2020.0,1,1
SECTOR -11 NEW DELHI,C4139369,2019.0,1,1
NEAR JEHANGIR HOSPITAL  PUNE,C4713245,2018.0,1,1
BHADOHI,C3739356,2017.84,1,1
ETTAYAPURAM,C6918083,2017.2,1,1
MANIPUR IMPHAL WEST,C5531067,2017.2,1,1
AND LANCO HILLS HYDERABAD,C5613682,2015.0,1,1
OPP TO YES BANK BANGALORE,C1325012,2013.0,1,1
CHOWK PUNE MUMBAI HIGHWAY PUNE,C7278076,2012.87,1,1
CIRCLE MUMBAI,C8510381,2012.0,1,1
BHILAI I,C5619739,2010.63,1,1
PATANCHERU,C7819713,2010.0,1,1
KANDIVALI WEST,C4926643,2009.7,1,1
DISTT-MUMBAI SUBURBAN MUMBAI,C8523422,2009.0,1,1
MAHABNAGAR,C8118882,2006.87,1,1
PHASE  BANGALORE,C3621717,2005.0,1,1
NALLASOPARA E PALGHAR,C6028285,2004.6,1,1
ROAD AUNDH PUNE,C8631312,2003.91,1,1
ROAD CHANNASANDRA BANGALORE SOUTH,C2634055,2003.44,1,1
DELHI CANTT,C3939127,2002.0,1,1
MIDC NAGPUR,C8830243,2002.0,1,1
SIVAGANGAI TK,C4621980,2001.01,1,1
PHASE 3 GURGAON,C7426060,2001.0,1,1
PANCHMAHAL,C2553643,2000.79,1,1
BUNGLOW NASHIK,C8620035,2000.16,1,1
19D VASHI NAVI MUMBAI,C8019720,2000.0,1,1
A GHATKOPAR WEST MUMBAI,C6733747,2000.0,1,1
APRA,C4225333,2000.0,1,1
BADULI SAHARANPUR,C4325019,2000.0,1,1
BAI HOSPITAL HOSUR,C1139784,2000.0,1,1
BALEWADI PUNE,C2628814,2000.0,1,1
BANASWADI BANGALORE,C1120126,2000.0,1,1
BANGALORE NORTH MARATHAHALLI,C3820820,2000.0,1,1
BEHIND PROFESSIONAL COURIER HOSUR,C7312844,2000.0,1,1
BHADRAK,C5812071,2000.0,1,1
BHAYANDAR,C6130056,2000.0,1,1
BIG BAZAR BANGALORE,C6225092,2000.0,1,1
BILARA,C7821528,2000.0,1,1
BLK JAKKASANDRA BANGALORE,C1224770,2000.0,1,1
BORAS,C5331558,2000.0,1,1
CALANGUTE BARDEZ,C2518636,2000.0,1,1
DAKSHIN BURDWAN,C1226077,2000.0,1,1
DEPOT GOREGAON (W) MUMBAI,C7742789,2000.0,1,1
DHANETI,C6414737,2000.0,1,1
DISTT-GURGAON GURGAON,C3221639,2000.0,1,1
DOBIVALI,C4862714,2000.0,1,1
FACTORY ANDHERI (EAST) MUMBAI,C5913445,2000.0,1,1
FIROZEPUR,C8530764,2000.0,1,1
GANGAWALA PETROL PUMP MUMBAI,C6327755,2000.0,1,1
GAUTAMBUDDHANAGAR,C8311073,2000.0,1,1
GHATKOPAR WEST MUMBAI,C2842615,2000.0,1,1
GOBINDGARH,C1413449,2000.0,1,1
GOPALAN LEGACY MALL BANGALORE,C6540615,2000.0,1,1
GUMLA,C1365947,2000.0,1,1
GURGAON WEST,C4510420,2000.0,1,1
GZBD,C2216316,2000.0,1,1
HINDUPUR,C5991065,2000.0,1,1
JAITPUR SOUT DELHI,C1258834,2000.0,1,1
JERSEY CITY,C6734342,2000.0,1,1
JEWELLARS THANE,C8217138,2000.0,1,1
KALUPUR AHMEDABAD,C3842758,2000.0,1,1
KANND,C4828375,2000.0,1,1
KASAULI,C1113677,2000.0,1,1
KOLLAKADAVU,C5339474,2000.0,1,1
KURLA ANDHERI ROAD MUMBAI,C2917222,2000.0,1,1
LAXMI NAGAR HYDERABAD,C5763253,2000.0,1,1
LINGAPURAM NELLORE,C2431791,2000.0,1,1
MALAPPURAM DIST,C5836079,2000.0,1,1
MANAMADURAI,C4015456,2000.0,1,1
MANDIDEEP,C8513236,2000.0,1,1
MANGALAGIRI,C2793165,2000.0,1,1
MANGALDAI,C1615329,2000.0,1,1
MEDICAL CENTRE CHENNAI,C3378256,2000.0,1,1
MIYAPUR,C6822149,2000.0,1,1
MUMBAI MAHIM WEST,C9020982,2000.0,1,1
MUMMALLAPALLE,C8023990,2000.0,1,1
NALASOPARA E,C1028639,2000.0,1,1
NEAR DLF CHENNAI,C1433723,2000.0,1,1
NEAR POCHAMMA TEMPLE HYDERABAD,C7820274,2000.0,1,1
NEAR YESBANK OPP ROAD BANGALORE,C7134723,2000.0,1,1
NELLORE-II(U) NELLORE,C6431922,2000.0,1,1
NGR CHAURAHA KHURRAM NGR LUCKNOW,C2098428,2000.0,1,1
OPP APOLO PHARMACY THANE WEST THANE,C6820328,2000.0,1,1
PALI HILL BANDRA W MUMBAI,C4140445,2000.0,1,1
PANCHMAHAL KHUDRA,C2625574,2000.0,1,1
PANIPAT PANIPAT,C1140685,2000.0,1,1
PARK BORIVALI WEST MUMBAI,C7030874,2000.0,1,1
PARRA,C1913348,2000.0,1,1
PASHAN,C5814534,2000.0,1,1
PASHUPATI MKT SURAT,C6739611,2000.0,1,1
PIMPRI CHINCHWAD M CORP HAVELI PUNE,C6617289,2000.0,1,1
POST OFF NTR GARDENS HYDERABAD,C4241274,2000.0,1,1
PUDUCHERY,C2132732,2000.0,1,1
S A S NAGAR MOHALI,C6229751,2000.0,1,1
SAKET,C8334156,2000.0,1,1
SARUD,C7712990,2000.0,1,1
SHAKARPUR,C6324440,2000.0,1,1
SHINE PUBLIC SCHOOL FARIDABAD,C4310312,2000.0,1,1
SHYAMPUKUR,C8423432,2000.0,1,1
SITARAM JADHAV  MARG MUMBAI,C2518246,2000.0,1,1
SOCIETY GATE MUMBAI,C6513228,2000.0,1,1
SQUARE WO NO 22 NAGPUR,C2835876,2000.0,1,1
STATION ELPHINSTONE ROAD MUMBAI,C5441164,2000.0,1,1
TEL EX NEXT TO GAYATRISADAN PUNE,C5840615,2000.0,1,1
THENI [TAMIL NADU],C3920057,2000.0,1,1
THIRUVALLUR TK AND DT,C4718485,2000.0,1,1
TORNA GARDEN PUNE,C4416825,2000.0,1,1
VARCA SALCETE,C7040123,2000.0,1,1
VIDHYALAY DAMAN,C2533165,2000.0,1,1
VIHAR MORADABAD,C3825537,2000.0,1,1
VISHWAVIHAR HOTEL MUM,C2012389,2000.0,1,1
VRINDABAN,C8912035,2000.0,1,1
WALCHANDNAGAR,C4520478,2000.0,1,1
GHODBUNDER ROAD THANE W THANE,C2144349,1999.0,1,1
GURUVAYOOR,C8890730,1999.0,1,1
HSR LAYOUT BANGALORE,C8730051,1999.0,1,1
KALAHANDI,C3140126,1999.0,1,1
PARBHANI,C5222342,1999.0,1,1
PEN RAIGARH RAIGARH,C3217374,1999.0,1,1
POINT SILCHAR,C7444192,1999.0,1,1
PURNIA,C8734039,1999.0,1,1
SADARAMANGALA BANGALORE,C2724252,1999.0,1,1
STOP HYDERABAD,C6021460,1999.0,1,1
ANDHERI E SAKINAKA MUMBAI,C8234625,1997.0,1,1
DASARAHALLI BANGALORE,C6421457,1996.0,1,1
NAGAR JUHI COLONY KANPUR NAGAR,C5930044,1996.0,1,1
ANDHERI (WEST) MUMBAI,C8437055,1995.0,1,1
BARIATU ROAD RANCHI,C5134591,1995.0,1,1
DISTT-HOSHIARPUR,C1240433,1995.0,1,1
GATE AGRA,C1332931,1995.0,1,1
SANGHA CLUB HOOGHLY,C6776712,1995.0,1,1
TIRUPPUR DISTRICT,C6421869,1995.0,1,1
SCHOOL SIBSAGAR,C1542248,1994.02,1,1
MULUND,C4913817,1993.2,1,1
24  P G S (S),C8314521,1993.0,1,1
PANCHAYATH PERINGANADU,C3216913,1993.0,1,1
DUTTA LANE BIRENDRA APPT SILCHAR,C3717672,1990.0,1,1
MAVELIKKARA,C4960163,1990.0,1,1
SAROOP NAGAR AZAD PALACE DELHI,C6869552,1990.0,1,1
DENHAAG,C2521444,1988.4,1,1
HOTEL HYDERABAD,C4111428,1988.0,1,1
DHALAI,C8327254,1987.0,1,1
JOURA,C1936274,1986.95,1,1
NERUL NODE-3 THANE NAVI MUMBAI,C2711387,1985.0,1,1
VIHAR METRO STATION NEW DELHI,C2726092,1985.0,1,1
BEDFORD,C6015750,1983.81,1,1
AMBERNATH AMBERNATH AMBARNATH THANE,C3013349,1983.8,1,1
NAGARI THANE,C4818445,1983.0,1,1
MITHAKHALI ELLISBRIDGE AHMEDABAD,C3824614,1980.0,1,1
NAVI MUMBAI THANE,C2325060,1980.0,1,1
PERTH,C4034332,1980.0,1,1
TANJAVUR,C2223953,1980.0,1,1
NR COLLEGE MORE KOLKATA,C1528641,1977.0,1,1
MILITARY SCHOOL,C4841855,1976.0,1,1
KHAIRTHAL,C7123337,1975.0,1,1
BRAJARAJNAGAR,C4015136,1973.57,1,1
ELPHINSTON MUMBAI,C9033241,1973.0,1,1
ANDHERI (WEST)  MUMBAI,C5525770,1970.0,1,1
RAHON,C8017021,1970.0,1,1
SHAHADARA,C7829461,1968.72,1,1
NALAGONDA DISTRICT,C2283220,1968.0,1,1
RATAN MANDIR MUMBAI,C3914128,1968.0,1,1
SINGH NAGAR MOHALI,C3517434,1968.0,1,1
EAST AAREMILK COLONY MUMBAI,C1613550,1965.0,1,1
MARG KURLA- W MUMBAI,C8818529,1962.0,1,1
MAYYIL,C2227658,1962.0,1,1
TRIVANDRAUM,C6732579,1961.0,1,1
NEW COLONY DHANBAD,C6715026,1960.53,1,1
CINEMA DELHI,C6722835,1958.14,1,1
LIFESTYLE HYDERABAD,C6717071,1956.91,1,1
DIST MAHESANA,C1821717,1955.83,1,1
GOTAM NAGAR,C3938567,1955.0,1,1
LOKHANDWALA COMPLEX MUMBAI,C3330876,1955.0,1,1
RAMNAGAR NAINITAL,C7941759,1954.0,1,1
BIETIGHEIM,C5527715,1951.0,1,1
INDICOM BUILDING KOLKATA,C8436035,1950.0,1,1
JALANDHAR JALANDHAR,C8949132,1950.0,1,1
MOREWASTI CHIKHALI PUNE,C2593354,1950.0,1,1
NAGAR SOC PUNE,C6224683,1950.0,1,1
PANDAVARMANGALAM THOOTHUKKUDI,C6712979,1950.0,1,1
PANVEL RAIGARH,C2936971,1950.0,1,1
SRIDHARNAGAR,C7120913,1950.0,1,1
SAPROON SOLAN,C7431039,1948.0,1,1
BH SRUNGERI SERVICE STATION,C3917749,1947.0,1,1
DIST KAMRUP (METRO),C1812632,1944.0,1,1
KANAKAPUR TQ RAMANAGAR,C3017314,1943.96,1,1
ENCLAVE HOWRAH,C5729148,1943.4,1,1
CHANDPUR,C3635962,1943.0,1,1
KOVILANDY,C8367340,1941.0,1,1
PANCHVATI SOC SURAT,C6924142,1940.0,1,1
NAGAR SION (E) MUMBAI,C1631923,1939.08,1,1
GANDHIDHAM KUTCH,C1429376,1938.0,1,1
MAHATMA TEMPLE BANGALORE,C1635926,1938.0,1,1
AMBERNATH-E,C2432052,1936.0,1,1
TIRUTHANI,C2535136,1936.0,1,1
AMBATHUR CHENNAI,C8021651,1934.0,1,1
SUSARI,C4532535,1930.06,1,1
BANK ATM HYDERABAD,C2142082,1930.0,1,1
INT.SCH GOVANDI MUM,C6734232,1930.0,1,1
NALASOPARA EAST VASAI,C6740187,1929.0,1,1
C GURGAON,C3547850,1928.24,1,1
VIRAR (EAST),C5230721,1926.0,1,1
ENGG COLLEGE BARTON HILL TIRVANDRUM,C6014641,1925.0,1,1
KAIKINI,C2414320,1922.04,1,1
SHIMOGA- DISTRICT,C4110670,1922.0,1,1
MAHARASHTRA PUNE,C2464156,1920.0,1,1
NAERCOIL,C8739639,1920.0,1,1
SERILINGAMPALLY MANDAL HYDERABAD,C5341654,1920.0,1,1
OPP EB OFFICE COIMBATORE,C3021885,1918.67,1,1
KOCHI CORPORATION,C4864364,1918.1,1,1
BHIWANDI THANE,C2815912,1917.77,1,1
MUDHICHUR CHENNAI,C7711386,1917.0,1,1
BANSGAON,C5059980,1915.0,1,1
WEST KAMENG,C8227776,1914.0,1,1
AREA MOHALI,C4027121,1913.6,1,1
127 ANDHERI KURLA RD ANDHERI MUMBAI,C2126074,1913.0,1,1
HIGHWAY NARHE PUNE,C3939919,1911.15,1,1
KOVILAMBAKKAM CHENNAI,C4878078,1910.0,1,1
MARCELA,C3510447,1910.0,1,1
CHILLA,C5539339,1909.0,1,1
COMPLEX GURGAON,C6939725,1908.0,1,1
KARMANGHAT RANGAREDDI,C1311481,1908.0,1,1
DEVANAHALLI,C1429651,1907.87,1,1
I E BHILAI DURG,C2213175,1907.0,1,1
ANANTHAPUR,C6625717,1906.0,1,1
SATHYAMANGALAM,C2969548,1905.0,1,1
SINGAPORE CHENNAI,C8543343,1905.0,1,1
COLONY RANGAREDDI HYDERABAD,C1136249,1903.84,1,1
HAROHALLI,C3278676,1902.0,1,1
KALYAN DC THANE,C5051437,1902.0,1,1
MATHABHANGA,C8236670,1902.0,1,1
KAITHATHARA,C5029472,1901.21,1,1
TIRUMALAGIRI HMT TOWNSHIP HYDERABAD,C1673191,1900.92,1,1
ALTO ST CRUZ ILHAS,C7921836,1900.0,1,1
ASSOSIATOIN CULTURAL PARK MUMBAI,C2122278,1900.0,1,1
BARSHI,C1246657,1900.0,1,1
CIVIL LINES NORTH DELHI DELHI DELHI,C7717483,1900.0,1,1
CORPORATION THANE,C5136439,1900.0,1,1
DHARBANDORA SOUTH,C5419166,1900.0,1,1
ELAMKULAM,C5127872,1900.0,1,1
GANDHI NAGAR EAST DELHI DELHI,C7332365,1900.0,1,1
IAF AVADI CHENNAI,C5136022,1900.0,1,1
JAYANKONDAM,C5732041,1900.0,1,1
KOPARKAIRNE,C8439948,1900.0,1,1
MERCES TISWADI,C4239312,1900.0,1,1
POLE I HYDERABAD,C3241254,1900.0,1,1
PRAKASH SCHOOL BANGALORE,C7420155,1900.0,1,1
RD EMP ID P 12003 BANGALORE,C5229891,1900.0,1,1
SCHOOL RAJKOT,C2332037,1900.0,1,1
SHOP BANGALORE,C7514731,1900.0,1,1
TAL PALGHAR DIST THANE BOISAR,C8931115,1900.0,1,1
UNIVERSITY NEW DELHI,C3638316,1900.0,1,1
VENKATA PURAM,C8514568,1900.0,1,1
(EAST) THANE,C1330111,1899.0,1,1
SADAR,C4234264,1899.0,1,1
SHRIRAMPUR,C7032178,1898.7,1,1
ALPPEY,C8823243,1898.0,1,1
SIDDHARTH NGR GOREGAON WEST MUMBAI,C6192692,1898.0,1,1
KALYAN NILJE THANE,C5831613,1897.21,1,1
GAUTAMBUDHNAGAR,C7898928,1897.0,1,1
CHEMBUR (EAST) MUMBAI,C6216444,1891.06,1,1
SARAIKELA KHARSAWAN,C7830186,1891.0,1,1
24 PGS N,C8915866,1890.0,1,1
MALL MUMBAI CENTRAL MUMBAI,C3138232,1890.0,1,1
NIT FARIDABAD,C6028291,1889.44,1,1
ODDANCHATRAM,C2542171,1889.0,1,1
ATHIRAMPUZHA,C6020072,1888.86,1,1
MUMBAI MULUND WEST MUMBAI,C3642031,1887.0,1,1
MUMBAI SUB URBAN MUMBAI,C7011279,1886.6,1,1
VARANAASI,C6515213,1886.4,1,1
EGMORE CHENNAI,C4735832,1886.0,1,1
TO B KAVERI TAILORS BANGALORE,C4540971,1886.0,1,1
NR KONDAIDEVI MANDIR MUMBAI,C6314624,1885.0,1,1
KASAGANJ,C5139367,1884.0,1,1
NEHRU NAGAR HYDERABAD,C2934959,1883.0,1,1
PLATFORM MUMBAI,C2428872,1883.0,1,1
SAWANTWADI,C6198719,1882.56,1,1
BHIVPURI ROAD KARJAT,C7832840,1881.03,1,1
HOSPITAL TRICHY,C4838282,1880.0,1,1
K V RANGAREDDY VAISHALINAGAR,C2516260,1880.0,1,1
NIDADAVOLE,C3622048,1880.0,1,1
ABOVE TOTAL SUPERSTORE BANGALORE,C7341236,1876.0,1,1
UTTARAKHAND,C2439339,1875.16,1,1
DELY MUMBAI,C3238869,1872.0,1,1
SRIPERUMBUDUR TAL KANCHIPURAM DIST,C8456074,1872.0,1,1
VIRAR (EAST) THANE,C7939131,1872.0,1,1
RANCHI RANCHI,C6940214,1870.77,1,1
NEXT TO NEUILLE HOUSE MUMBAI,C6212081,1869.98,1,1
PONDA NORTH GOA,C4916231,1868.0,1,1
GOTRI ROAD BARODA,C8277962,1867.0,1,1
STATION MUMBAI,C3348035,1867.0,1,1
USGAON,C2172239,1862.05,1,1
CIRCLE LALBAG RD BANGALORE,C4322563,1861.6,1,1
DISTT HAMIRPUR,C6710726,1861.2,1,1
NAGAR LAKE HYDERABAD,C6338012,1860.17,1,1
BANASHANKARI II STAGE BANGALORE,C6413321,1860.07,1,1
OFFICE SRIKAKULAM,C6035484,1860.0,1,1
TRICHY DT,C2121812,1860.0,1,1
VIRAR E,C7535286,1860.0,1,1
COIMBATORE SOUTH,C6316070,1855.0,1,1
MADHAPAR (GUJARAT),C7525060,1851.26,1,1
NORT 24 PARGANAS,C4191737,1851.13,1,1
MAKRANA,C2564639,1851.0,1,1
SHENCOTTAI T K,C6856916,1851.0,1,1
BAZAR MANDVI MUMBAI,C7740868,1850.19,1,1
METRO STATION FARIDABAD,C6915948,1850.17,1,1
EKSAR ROAD MUMBAI,C3142240,1850.0,1,1
LUDHIANAN,C2533030,1850.0,1,1
NR JAGAT FARM GREATER NOIDA,C6616952,1850.0,1,1
OFF HAL AIRPORT BANGALORE,C4931591,1850.0,1,1
COLONY COIMBATORE,C7541020,1848.0,1,1
EAST MIRA ROAD THANE,C8930760,1848.0,1,1
MEHSANA I E,C3641180,1846.74,1,1
BHATKAL,C2339767,1846.0,1,1
KUSHAL NAGAR KODAGU,C2137427,1845.0,1,1
MANKUVA KUTCH,C2836428,1843.75,1,1
NORTH 24 PARGANA,C2741389,1843.0,1,1
HOBLI NELAMANGALA BANGALORE,C4420850,1841.0,1,1
KHADAKPADA KALYAN WEST THANE,C3418640,1840.0,1,1
THOOTHUKUPI,C1416458,1840.0,1,1
KANUBARI,C1812643,1839.0,1,1
MAHALAXMI (W) MUMBAI,C4042850,1839.0,1,1
CAMP,C1166723,1838.92,1,1
NALLOSAPARA,C2373248,1838.86,1,1
SUJANPUR,C8981317,1838.86,1,1
TALOJA,C8326641,1837.64,1,1
COLLEGE NASHIK,C3019271,1836.0,1,1
DOGRA SKIN CARE CLINIC LUDHIANA,C1934947,1836.0,1,1
ANIMOOR,C3926853,1835.0,1,1
KHAMIS MUSHYAT,C6135440,1833.07,1,1
VANCHIYUR THIRUVANANTHAPURAM,C1817248,1832.0,1,1
G B  NAGAR,C6033944,1830.81,1,1
SHOWROOM VIKHROLI (W) MUMBAI,C8724754,1830.0,1,1
CHARTERED BANK SOMAJIGUDA HYDERABAD,C8794411,1827.0,1,1
VALAVANNOOR,C7716470,1826.95,1,1
SAWAI MADHOPUR,C2240740,1825.0,1,1
SANTHOSH SUPER MARKET CHENNAI,C4542016,1824.9,1,1
SECTOR 7 NARELA NORTH WEST DELHI,C4516941,1824.37,1,1
HUJURNAGAR,C6511178,1823.0,1,1
SECUNDERABAD HYDERABAD SECUNDERABAD,C6026581,1820.35,1,1
KURLA EAST,C7035686,1820.0,1,1
CHITTAURGARH,C4241766,1819.65,1,1
LATHUR,C6534069,1819.3,1,1
MITHAPUR,C2155511,1816.0,1,1
VIRUDHUNAGAR VIRUDHUNAGAR,C8669343,1816.0,1,1
JUINAGAR,C5237675,1815.93,1,1
AAKASH WINE SHOP MUMBAI,C7618122,1815.0,1,1
CHENNAI VEGITABLES CHENNAI,C5431271,1814.5,1,1
SHETTY ROAD NEAR RMO MUMBAI,C2036474,1809.64,1,1
AMALNER,C8828976,1809.0,1,1
CHAMOLI,C1130375,1809.0,1,1
LOHIT,C7910051,1806.0,1,1
BESIDE CHUTNEYS HYDERABAD,C1836831,1804.0,1,1
JN ABOVE REDWOOD BANGALORE,C4111122,1804.0,1,1
BASIRHAT,C7116929,1803.0,1,1
ONGOLE,C1639127,1802.98,1,1
MOHINDARGARH,C1238933,1800.56,1,1
BERGEN,C8217432,1800.0,1,1
COLLEGE DURGAPUR,C8637614,1800.0,1,1
COMPLEX NIDADAVOLE,C4035520,1800.0,1,1
EDOGAWA-KU,C1434149,1800.0,1,1
KANCHIPURAM DISTRICT,C4529427,1800.0,1,1
LINGAMGUNTLA GUNTUR,C3225089,1800.0,1,1
MAHIPAL PUR,C4610511,1800.0,1,1
MIRA ROAD EAST  MUMBAI,C2026446,1800.0,1,1
MUMBAI BHANDUP COMPLEX MUMBAI,C3536536,1800.0,1,1
NR AUDI SHOWROOM ELECTRONIC CITY PO,C2741478,1800.0,1,1
PACHASIL NAGAR,C6311789,1800.0,1,1
PARAVADA,C6626149,1800.0,1,1
PRATTIPADU WEST GODAVARI,C4142173,1800.0,1,1
ROAD NEAR JAGAT FARM GREATER NOIDA,C6036554,1800.0,1,1
THRIKKAKARA KAKKANAD ERN,C2923741,1800.0,1,1
UNJHA,C3742730,1800.0,1,1
UTTAMNAGAR DWARKA WESTDELHI DELHI,C2623776,1800.0,1,1
BETIM BARDEZ,C2521756,1799.0,1,1
BANURH,C7693153,1798.0,1,1
SEONI,C1613919,1798.0,1,1
BANGALORE NORTH BANGALORE,C7030985,1797.0,1,1
CHANDRASEKHARPUR BHUBANESWAR,C4330432,1797.0,1,1
DATIA,C4112755,1797.0,1,1
HIGHWAY THANE,C1012685,1797.0,1,1
NAGALAND,C8510011,1797.0,1,1
GUHLA,C4027920,1795.76,1,1
JORABAGAN KOLKATA,C4018787,1795.16,1,1
USHODAYA S MKT HYDERABAD,C2012324,1795.0,1,1
WEST THANE KASARVADAVALI,C5924480,1795.0,1,1
BEGUMPET,C4338872,1793.0,1,1
COORG,C3831629,1791.47,1,1
NABHA (PUNJAB),C5641612,1791.0,1,1
NAGAR DOMBIVALI WEST THANE,C4515577,1791.0,1,1
GUNDIYAL,C8718178,1790.88,1,1
BHUVAN SHIVAJINAGAR PUNE,C8235336,1790.0,1,1
MIRA-BHAYANDAR THANE,C5682631,1790.0,1,1
SUNGHBHUM JAMSHEDPUR,C7934437,1790.0,1,1
K V RANGAREDDY HYDERABAD,C7640115,1789.0,1,1
MURADABAD,C1994230,1788.0,1,1
CHAKLASI,C3532477,1787.0,1,1
HAILY MANDI,C8634657,1787.0,1,1
NAGAR (MOHALI) MOHALI,C1841841,1785.0,1,1
THENI DT,C4617856,1785.0,1,1
NR  CYCLE SHOP BANKURA,C3942687,1783.85,1,1
SIRA,C5832342,1780.0,1,1
BANK NAVIMUMBAI,C8341324,1776.26,1,1
NEAR TARINI TEMPLE CUTTACK,C7732533,1775.0,1,1
KAROL BAGH,C1285112,1774.0,1,1
KHADO SURAT,C3027612,1773.6,1,1
DOMLUR BANGALORE,C6630523,1773.0,1,1
TIRUCHI,C7292043,1771.0,1,1
VASAI VIRAR THANE,C3238192,1770.14,1,1
MUNDAGOD,C6915425,1770.0,1,1
PERIYAR NAGAR ERODE,C7733076,1770.0,1,1
KAIMANAM THIRUVANATHAPURAM,C6641190,1769.74,1,1
DOMBIVALI W MUMBAI,C5722847,1769.0,1,1
TIRUKOILUR,C3235817,1769.0,1,1
MACHILIPATNAM,C3012975,1768.0,1,1
NALLASOPARA EAST THANE,C1742177,1767.45,1,1
TALALA,C8616083,1765.0,1,1
ABHISHEK VEG PUNE,C8128866,1764.47,1,1
FOR WOMEN HYDERABAD,C7934117,1764.0,1,1
SANGLI-DISTRICT,C5414914,1764.0,1,1
CHICALIM,C6829937,1762.0,1,1
AUROVILLE,C4733178,1760.0,1,1
BOISAR (W),C7517421,1760.0,1,1
DERGAON,C4625380,1760.0,1,1
MANKAPUR NAGPUR NAGPUR,C9032959,1760.0,1,1
PRISTAGE VARACHHA ROAD SURAT,C1921785,1760.0,1,1
KALIDAS NAGAR,C3926927,1758.0,1,1
PENHA DE FRANCE,C3949085,1758.0,1,1
ASHOK VIHAR PHASE 3 GURGAON,C7111764,1755.0,1,1
COMPLEX THANE,C7211758,1755.0,1,1
AHMEDBAD,C5922027,1750.0,1,1
BENGGALOORU,C8746133,1750.0,1,1
BORIVALI MUMBAI,C6224553,1750.0,1,1
BUS STOP BANGALORE,C7231957,1750.0,1,1
GAUTAM BUDH NAGAR NOIDA,C2531231,1750.0,1,1
HARYANA TOHANA,C5411380,1750.0,1,1
PALWANCHA,C9037847,1750.0,1,1
PORUR TOLL GATE CHENNAI,C3521885,1750.0,1,1
DASUYA PUNJAB TANDA,C6026075,1747.52,1,1
MIRA ROAD (EAST) THANE,C3112221,1745.5,1,1
HALL HYDERABAD,C8113681,1745.0,1,1
HINJEWADI -PUNE,C2926332,1745.0,1,1
THILLAINAGAR TRICHY,C6535768,1742.0,1,1
DUBAI -UNITED ARAB EMIRATES DUBAI,C8496134,1741.0,1,1
HOBLI BANGALORE,C1930491,1741.0,1,1
TIRUR,C3115062,1741.0,1,1
MANGAL KARYALAY NASHIK,C2033868,1739.0,1,1
BALKUM THANE THANE,C8341852,1737.91,1,1
EAST CHARALA MIDC MUMBAI,C8997328,1737.0,1,1
VITTOO TIKKI WALA NEW DELHI,C5832766,1737.0,1,1
SAI,C8239441,1735.0,1,1
ADARSHA JALPAIGURI,C7932274,1733.0,1,1
PAVANSERE,C7817961,1733.0,1,1
HOJAI,C8773344,1732.3,1,1
COMPANY BANGALORE,C2429973,1731.2,1,1
KUTTANADU,C6997867,1731.0,1,1
VILLE HOUSE MUMBAI,C5718483,1731.0,1,1
NAGARKURNOOL,C1430255,1730.0,1,1
SAMSTIPUR,C1638729,1727.0,1,1
RAJPUR,C4737653,1726.0,1,1
DHARAPURAM,C7935922,1725.0,1,1
DHIRAJ GAOURAV HEIGHT BLDG MUMBAI,C4147858,1725.0,1,1
ROOM ELECTRONIC CITY PO BANGALORE,C6014787,1725.0,1,1
CHERTHALA,C2512648,1724.86,1,1
NOIDA GBN,C8926077,1723.0,1,1
ARUSHA,C7521342,1720.69,1,1
BANGALORE RURAL,C3228476,1720.0,1,1
KODUR,C5313148,1719.0,1,1
SENEPATI,C5927953,1719.0,1,1
CHANDAUSI,C8233887,1717.0,1,1
NARASPUR,C2815329,1717.0,1,1
VISAKHAPATNAM URBAN VISAKHAPATNAM,C7222562,1715.0,1,1
SUKET,C1889657,1714.66,1,1
NAGPUR (URBAN) NAGPUR,C5557851,1714.62,1,1
LEIKAI,C6832381,1714.0,1,1
VIRUPAKSHAPURA,C7337080,1713.22,1,1
DHAKOLI,C4928850,1712.26,1,1
SCHOOL DOMBIVALI WEST,C1532854,1710.97,1,1
DANDENONG,C7298175,1710.79,1,1
MILL OKHLA INDL ESTATE NEW DELHI,C5026132,1710.0,1,1
OPP SIDDHARTH COLLEGE MUMBAI,C5256730,1710.0,1,1
POINTS HOTEL VADGAON SHERI PUNE,C1015150,1710.0,1,1
INDUSTRIAL AREA HOSUR RD BANGALORE,C7423486,1707.0,1,1
COLONY JAMMU,C6413739,1705.0,1,1
SANGALI,C1830687,1705.0,1,1
ZUARINAGAR,C8633976,1704.19,1,1
DEONAR MUMBAI,C5135519,1703.0,1,1
ENMAKAJE,C3037318,1702.0,1,1
THANE-WEST,C7424066,1702.0,1,1
KANDIVALI (E) MUMBAI,C1927523,1701.7,1,1
"JEHANGIR HOSP, PUNE",C7524823,1701.0,1,1
ABOVE REDWOOD FURNITURES BANGALORE,C1442569,1700.0,1,1
AMBALA CANTT.,C2111143,1700.0,1,1
BUDH NAGAR NOIDA,C8695726,1700.0,1,1
BUS DEPOT BORIVALI (E) MUMBAI,C7436428,1700.0,1,1
CHITRADURGA,C3919218,1700.0,1,1
COMPLEX MUMBAI,C3211668,1700.0,1,1
GARI CHOWK GHAZIABAD,C3219311,1700.0,1,1
GOLMURI JAMSHEDPUR,C2728763,1700.0,1,1
GOVT SCHOOL BENGALURU,C5310377,1700.0,1,1
KHATIMA,C7825533,1700.0,1,1
NANGUNERI,C8633519,1700.0,1,1
NEAR BOMBAY BAZAAR MUMBAI,C2695557,1700.0,1,1
NR KEREGUDDADAHALLI BUS STOP,C1439730,1700.0,1,1
OOTY,C8131476,1700.0,1,1
PAINTING AND HARDWARE MUMBAI,C7139839,1700.0,1,1
PHULWARI SHARIF,C1299814,1700.0,1,1
SERCHHIP,C2040313,1700.0,1,1
SHASTRI NAGAR SAKINAKA MUMBAI,C5233934,1700.0,1,1
SIMURALI,C3842131,1700.0,1,1
TAMBHERE,C3537629,1700.0,1,1
THIRUVANDRAM,C2825060,1700.0,1,1
THODAPUZHA,C7787847,1700.0,1,1
VASANTHNAGAR,C6640018,1700.0,1,1
C/O VISHAL SANCHETI KOLKATA,C7228077,1699.0,1,1
DHARUHERA REWARI,C3839845,1699.0,1,1
GOREGAON WEST-MUMBAI,C7533538,1699.0,1,1
KALYAN STN RD KALYAN W KALYAN,C4220580,1699.0,1,1
LAYOUT J P NGR 3RD PHASE BANGALORE,C8372520,1699.0,1,1
MANDIR VADODARA,C8131983,1699.0,1,1
MAUNATH BHANJAN,C8114975,1699.0,1,1
PERUMBAVOOR,C8769418,1699.0,1,1
THANE KALWA KHOREGAON,C3039431,1699.0,1,1
WASHIM,C8865477,1698.5,1,1
CHOMU JAIPUR,C1639632,1698.0,1,1
GOPALPURA,C1333387,1698.0,1,1
BIHARSHARIF,C3424473,1697.0,1,1
BYCULLA E MUMBAI,C7818526,1697.0,1,1
GUDIWADA,C8124322,1696.0,1,1
MAJIRDANGA,C8628529,1695.26,1,1
KAPASHERA NEW DELHI,C1064771,1694.0,1,1
VIZAG,C8035767,1693.5,1,1
KALHER VILLAGE BHIWANDI THANE,C3318265,1690.0,1,1
PETROL PUMP NAGPUR,C4539584,1690.0,1,1
ULLHASNAGARTHANE ULLHASNAGAR-4THANE,C4777227,1690.0,1,1
WESTERN RLY WORKSHOP MUMBAI,C6177161,1687.32,1,1
SOUTH SIKKIM,C2563675,1684.93,1,1
SHAKARPUR GANDHI NAGAR EAST DELHI,C5143268,1684.36,1,1
DIST NORTH GOA,C8641391,1684.15,1,1
RAIGAD NAVI MUMBAI,C5636588,1683.0,1,1
MEDHASAN,C7813854,1680.0,1,1
NUH MEWAT,C5822723,1680.0,1,1
VEEYANNOOR,C3723085,1680.0,1,1
KALYANI DT-NADIA,C1721576,1679.0,1,1
PH 2 HYDERABAD,C1749647,1679.0,1,1
ROHAN WINE SHOP MUMBAI,C8820027,1677.7,1,1
JYOTI PHULE NAGAR,C4317723,1677.0,1,1
NR KARISHMA SOCIETY PUNE,C5438227,1676.0,1,1
BELAPUR RD MIDC NAVI MUMBAI,C3839225,1675.0,1,1
STREET MANNADY CHENNAI,C5981767,1675.0,1,1
COMPOUND MUMBAI,C4634715,1673.0,1,1
OTTAPIDARAM TALUK,C1022281,1673.0,1,1
ABOVE SUZUKI BANGALORE,C2239851,1672.0,1,1
ADITYA MALL GHAZIABAD,C3438536,1671.66,1,1
(SUBURBAN) MUMBAI,C6881328,1670.0,1,1
HYDERBAD,C6438214,1670.0,1,1
EASTERN EXPS HIGHWAY SION E MUMBAI,C7517261,1669.35,1,1
SCHOOL SILCHAR,C6014681,1669.13,1,1
PAKALA,C8828931,1669.0,1,1
MAHADEVAPURA,C1134038,1668.51,1,1
QURESHI ELECTRICITY WORKS NEW DELHI,C8329340,1668.5,1,1
INJARAM EAST GODAVARI,C3915963,1668.0,1,1
MULUND EAST MUMBAI,C8225914,1667.82,1,1
KATHUA,C6431960,1667.0,1,1
ASANSOL NORTH ASANSOL,C1426569,1665.88,1,1
CURCHOREM SOUTH GOA,C6983318,1665.0,1,1
DONAR S O T F DONAR MUMBAI,C5326647,1665.0,1,1
KOTTARAKKARA,C4918085,1665.0,1,1
VIRAR EAST THANE,C1729048,1662.0,1,1
VISHAKAPATNAM,C7841152,1662.0,1,1
HEIGHTS HYDERABAD,C1625582,1660.0,1,1
BASMAT,C4018986,1657.0,1,1
CHANOD VAPI,C8029529,1657.0,1,1
JANDALI,C2320454,1657.0,1,1
STREET MUMBAI,C7740417,1656.0,1,1
VETERINARY HOSPITAL GHAZIPUR,C8416783,1656.0,1,1
OLD FARIDABAD FBD,C4822155,1655.0,1,1
RAMANAGARA P,C1840743,1654.95,1,1
JANJGIR CHAMPA,C3023652,1654.28,1,1
MUMBAI SUBARBAN DIST MUMBAI,C3063479,1653.41,1,1
CHILIMBI MANGALORE,C4521555,1651.0,1,1
SADAVALI,C5526677,1650.33,1,1
BEGUMPET SECUNDERABAD,C3029122,1650.0,1,1
KAITHAL KAITHAL,C2936629,1650.0,1,1
NEAR RAILWAY PALTFORM NO 1 THANE,C2418991,1650.0,1,1
AND MAHARASHTRA BANK MULUND,C4223260,1649.0,1,1
KODAMBAKKAM CHENNAI,C5027066,1649.0,1,1
VANGOAN,C3734729,1649.0,1,1
B/H SHOPPER STOP BEGAMPET HYDERABAD,C6242129,1645.98,1,1
VIHAR HOTEL MUMBAI,C6036479,1644.12,1,1
JEJURI,C7351933,1642.0,1,1
TEMPLE THANE,C4315635,1640.8,1,1
TILLAKNAGAR,C1021827,1640.0,1,1
BHAYANDER ROAD THANE,C6923815,1638.0,1,1
ROAD BANGALORE KONANAKUNTE,C2545728,1636.0,1,1
BHAYANDAR WEST,C2638130,1635.0,1,1
INDRANA,C5238673,1635.0,1,1
NAMAN PLAZA MUMBAI,C4515615,1635.0,1,1
TAL KANCHEEPURAM DIST KANCHEEPURAM,C9035883,1635.0,1,1
CHUNABHATTI EAST MUMBAI,C8193962,1634.0,1,1
KALAMBOLI,C5711176,1634.0,1,1
ALTO-PROVORIM,C4219972,1633.0,1,1
KOZHENCHERRY,C5595554,1630.0,1,1
THANTIKONDA,C5928140,1630.0,1,1
TAMPA,C7842234,1629.0,1,1
EXTN NEW DELHI,C1530442,1628.0,1,1
TO DIAMOND HOUSE HYDERABAD,C5837346,1627.0,1,1
TANGUTUR,C8230012,1625.5,1,1
KR PURAM HOBLI BANGALORE,C4943043,1625.3,1,1
8 IMT MANESAR GURGAON,C3613065,1619.97,1,1
BAUG CIRLCE SURAT,C5123450,1619.0,1,1
DEALERS SHOP KAVERY NGR BANGALORE,C2520163,1619.0,1,1
KURUM PADA,C9093859,1619.0,1,1
VASHINAKA MUMBAI,C1832147,1619.0,1,1
PAREL (E) MUMBAI,C4037185,1617.0,1,1
BHADURGARH,C5134882,1615.04,1,1
NEAR BIKANER CHOICE NEW DELHI,C8918012,1615.0,1,1
CYBERABAD,C6730683,1613.0,1,1
SHANSHABAD HYDERABAD,C4826573,1613.0,1,1
WEST (MUMBAI),C5132049,1613.0,1,1
CHARODA,C5519920,1611.0,1,1
KANDIVALI W-MUMBAI,C7127772,1610.0,1,1
WADGAON SHERI PUNE,C8026129,1610.0,1,1
THODUPUZHA IDUKKI,C3836857,1609.78,1,1
METRO STN HALASURU BANGALORE,C7311346,1609.0,1,1
KALYANI NADIA,C7616966,1608.0,1,1
JADHAV MARG LOWER PAREL WEST MUMBAI,C2633960,1607.0,1,1
KANCHEEPURAM (NORTH) (C),C2522770,1607.0,1,1
IDUKKI DIST,C4531032,1605.0,1,1
KARNAUJ,C1810927,1603.0,1,1
TO BOWRING HOSPITAL BANGALORE,C3830621,1603.0,1,1
YEDTHARE,C2536264,1601.15,1,1
BALUGAON,C6443965,1601.0,1,1
PADANAKKARA,C5046739,1600.37,1,1
AMBALA CANT,C1831646,1600.0,1,1
BAVLA AHMEDABAD,C4616522,1600.0,1,1
BORIVALI WEST,C5626180,1600.0,1,1
CINEMA CHEMBUR MUMBAI,C3419370,1600.0,1,1
KARAMSAD,C7618475,1600.0,1,1
KHANDESHWAR,C5139747,1600.0,1,1
KLINE SK AHIRE MARG WORLI MUMBAI,C8321648,1600.0,1,1
LUCKY RESTAURANT VAPI,C3820411,1600.0,1,1
MOUNTVIEW PUBLIC SCHOOL ZIRAKPUR,C1916641,1600.0,1,1
NEW NARODA HANSPURA AHMEDABAD,C6262791,1600.0,1,1
PATHAYELLAPUR,C4033419,1600.0,1,1
SAMITY RANCHI,C9035036,1600.0,1,1
SHEIKHPURA,C7820189,1600.0,1,1
TALAV VIRAR (EAST) THANE,C8037846,1600.0,1,1
THANE TEH THANE DISTT THANE THANE,C8410321,1600.0,1,1
(URBAN) KRISHNA,C3239968,1599.0,1,1
CROSS LANE MUMBAI,C3621717,1599.0,1,1
DT HOSUR,C4880976,1599.0,1,1
LIPPA,C8110013,1599.0,1,1
NEAR POTTISRIRAMULU STREET GUNTUR,C7435482,1599.0,1,1
DADAR WEST BHAWANI SHANKAR MUMBAI,C1790257,1598.0,1,1
ALIAS DAULATPUR NASIRABAD63 GURGAON,C1645037,1595.0,1,1
BUTIBORI NAGPUR,C8540441,1595.0,1,1
GANESH MANDIR BHANDARA,C3316212,1595.0,1,1
HARINGHATA,C1210376,1595.0,1,1
KATRIYA HOTEL HYDERABAD,C8428960,1595.0,1,1
KUKATPALLY BESIDE LEE PHARMA,C8510321,1595.0,1,1
OPP ANTOPHILL FIRE BRIGADE MUMBAI,C6639632,1595.0,1,1
ERNAKULAM DIST,C5530244,1592.0,1,1
DHOBIGHAT JACOB CIRCLE MUMBAI,C7691784,1590.82,1,1
TRANSPORT BHIWANDI,C2031559,1590.42,1,1
FOOT RED LIGHT NEW DELHI,C1616745,1590.0,1,1
PALAKKAD DT,C5312057,1590.0,1,1
RAMAGUNDAM,C5536912,1590.0,1,1
SANGHA KOLKATA,C3423533,1590.0,1,1
MHASAWAD,C5878336,1589.55,1,1
SCHOOL ULHASNAGAR,C6534749,1587.0,1,1
JAHANGIR HOSP PUNE,C4539326,1583.0,1,1
TEHSIL-PUNE PUNE,C6542714,1582.5,1,1
BETHANY PUNE,C1835188,1581.65,1,1
HOSABETTU,C3830618,1580.0,1,1
KURLA WEST-MUMBAI,C6152534,1580.0,1,1
NEW LINK ROAD ANDHERI (W) MUMBAI,C3639584,1580.0,1,1
VIJAYNAGAR BANGALORE,C4510125,1580.0,1,1
CENTRE BANKURA,C6030887,1579.0,1,1
MAHENDRA GARH,C3320954,1578.22,1,1
BADLAPUR(E),C8722375,1576.7,1,1
MULUND (E),C6729184,1576.0,1,1
CHERUVALLOOR,C2737185,1575.0,1,1
KOLKI ROAD UPLETA RAJKOT,C2729548,1575.0,1,1
ROAD V V PURAM BANGALORE,C6387585,1575.0,1,1
BHUMI GARDEN MUMBAI,C1015517,1574.57,1,1
NEAR BANSAL PHARMA TOHANA,C1517379,1574.0,1,1
KANAYANKAVAYAL,C3042645,1573.0,1,1
NARMADA,C3723733,1572.8,1,1
BUS STAND KOLKATA,C6027655,1571.0,1,1
OPP MEGHANA BIRYANI POINT HYDERABAD,C2329672,1567.0,1,1
DT-KENDRAPARA,C3128037,1565.0,1,1
NAGAR CHINCHWAD GAON HAVELI PUNE,C4334145,1565.0,1,1
TEAMBLE CHENNAI,C6035940,1564.82,1,1
CHINCHINIM,C8333791,1562.0,1,1
BHAGAT SINGH NAGAR NAWANSHAHR,C8139480,1560.0,1,1
PATWARDHAN GROUND NAGPUR,C1312729,1560.0,1,1
TRIVANDRUN,C7347823,1559.0,1,1
RAMANTHAPUR HYDERABAD,C5427925,1556.0,1,1
NAUPADA THANE WEST,C6636665,1555.0,1,1
BHUBANESHWAR KHURDA,C6514115,1554.0,1,1
COPENHAGEN,C4786666,1554.0,1,1
SARAIKELA,C7024360,1553.0,1,1
RATIA,C6421713,1551.55,1,1
KANNANOOR,C5992442,1551.0,1,1
DOMBIVLI (E),C7922630,1550.0,1,1
KALWA THANE,C8315992,1550.0,1,1
PIZZA PUNE,C8114938,1550.0,1,1
SAKI NAKA S O MUMBAI,C1025625,1550.0,1,1
SANGRUR DHURI,C1052439,1550.0,1,1
SCHOOL SURAT,C5621357,1550.0,1,1
SUNDER NAGAR,C4217369,1550.0,1,1
CHUNABHATTI DEPO AND STN MUMBAI,C8334948,1549.0,1,1
BANSBERIA,C1738225,1548.0,1,1
BEVERLY PARK MIRAROAD THANE,C7826535,1548.0,1,1
TURUVEKERE,C4622343,1548.0,1,1
VENKATESHWRA TEMPLE HYDERABAD,C1713051,1545.0,1,1
PUDUKKOTTAI (DT),C5929872,1544.0,1,1
DAVORLIM,C6931525,1543.0,1,1
TOSHAM,C2728087,1543.0,1,1
VAPADA,C9021992,1543.0,1,1
PURAM HOBLI BANGALORE,C3538764,1542.0,1,1
RAIGAD NR BANSAL FARM KHALAPUR,C8059050,1542.0,1,1
BHUSAWAL,C1640445,1540.0,1,1
ATTINGAL,C6631766,1539.0,1,1
AMRISTSAR,C7317050,1538.0,1,1
YAVATMAL- DISTRICT,C9040840,1537.7,1,1
DHARAPURAM MAIN ROAD TIRUPUR,C2421365,1535.0,1,1
GUTEKADI PUNE,C6419525,1535.0,1,1
K R PURAM BANGALORE,C6238042,1535.0,1,1
NADAUN,C8840387,1534.0,1,1
KRISHNA NAGAR,C2614492,1533.0,1,1
KOTTAM CHENNAI,C3031561,1531.0,1,1
AND 28 PAUD ROAD PUNE,C4129181,1530.0,1,1
MONGHYR,C8537161,1529.0,1,1
JHARSUGUDA-ORISSA,C3920379,1528.17,1,1
MAHUVA,C7434078,1527.9,1,1
BANNARI AMMAN KOIL COIMBATORE,C7335261,1527.0,1,1
PAZHAYANNUR,C4661159,1525.5,1,1
SIDDHARTHNAGAR,C8120939,1525.25,1,1
SEEPZ ANDHERI E MUMBAI,C5414611,1525.0,1,1
MOOSAPET MOOSAPET HYDERABAD,C8019219,1524.0,1,1
RD ANDHERI(W) MUMBAI,C6924575,1524.0,1,1
CLUB ASANSOL,C4436143,1523.0,1,1
BENGUSARAI,C2341011,1520.0,1,1
WEST DELY MUMBAI,C9025782,1520.0,1,1
AMBERNATH-E THANE,C8711282,1517.0,1,1
THWAL,C6898870,1517.0,1,1
PIMPRI PUNE,C2911180,1516.0,1,1
SIMBEGA,C7132534,1516.0,1,1
KHAIRTAL,C2916958,1515.0,1,1
CATHOLIC CHURCH PUNE,C1419664,1514.66,1,1
DAUND,C8240091,1512.94,1,1
HARSOLI,C8139637,1512.94,1,1
HAVERI,C5920526,1512.94,1,1
KHAMGAON,C7332931,1512.94,1,1
KOPAR W,C4552542,1512.94,1,1
KUSTAGI,C7439647,1512.94,1,1
MASKI,C7519525,1512.94,1,1
PUNE RAJGURUNAGAR,C2616356,1512.94,1,1
TALUKA KHED DIST PUNE RAJGURUNAGAR,C8221872,1512.94,1,1
TEZPUR SONITAPUR,C4428875,1512.94,1,1
VISNAGAR,C5118018,1512.94,1,1
AIT,C5615239,1512.75,1,1
ASHRAM JAHANGIRPURA RANDER SURAT,C7121242,1512.75,1,1
DHURI DIST SANGRUR,C5228454,1512.75,1,1
GORAKH PUR,C7220557,1512.75,1,1
HINGANGHAT,C8325134,1512.75,1,1
JANDIALAGURU,C6915129,1512.75,1,1
KALYAN (EAST) THANE,C3296847,1512.75,1,1
MALERKOTLA,C3389734,1512.75,1,1
MANALI (21/26) KULLU,C3036542,1512.75,1,1
MARKAPUR,C6829016,1512.75,1,1
MUMBAI CENTRAL MUMBAI,C4435643,1512.75,1,1
PAOMATA,C2013764,1512.75,1,1
AIRPORT DEVANAHALLI BANGALORE,C5741649,1511.0,1,1
TO PET S SHOP KADAVANTHRA KOCHI,C3533267,1510.0,1,1
SANVORDEM,C1660345,1508.0,1,1
ROAD EMP ID P 12002 BANGALORE,C8651691,1506.0,1,1
NO3 MUMBAI,C6210154,1503.0,1,1
PATANCHERU HYDERABAD,C6612526,1502.0,1,1
TRICHY RURAL,C3131852,1502.0,1,1
NICOBAR ISLANDS PORT BLAIR,C8458382,1501.0,1,1
AHAMADNAGAR,C8610433,1500.0,1,1
AHMEDABAD SANAND,C1461050,1500.0,1,1
ASHOK NAGAR,C8841430,1500.0,1,1
AVINASHI,C2631125,1500.0,1,1
BARSAR,C1981871,1500.0,1,1
BHAYANDER (WEST) THANE,C6967760,1500.0,1,1
CINEMA MAHIM MUMBAI,C7230952,1500.0,1,1
DEOGARH,C7521365,1500.0,1,1
DESAI RD ANDHERI (W) MUMBAI,C2712533,1500.0,1,1
DEVLALI NASHIK,C7813942,1500.0,1,1
DIST-PUNE PUNE,C1394755,1500.0,1,1
DISTT ALWAR BHIWADI,C1841888,1500.0,1,1
DOORVANI NGR PO BANGALORE,C4140755,1500.0,1,1
EXTENSION OSHIWARA MUMBAI,C3354033,1500.0,1,1
GANDEED,C5925486,1500.0,1,1
GOBI,C2823935,1500.0,1,1
GOVT HOSPITAL HYDERABAD,C2862333,1500.0,1,1
GRAMMER HIGH SCHOOL HYDERABAD,C8629647,1500.0,1,1
IMMACULATE SCHOOL MUMBAI,C1826558,1500.0,1,1
JANGAREDDIGUDEM,C1337017,1500.0,1,1
KALYANPUR DIST HARIDWAR ROORKEE,C4119686,1500.0,1,1
KOPERKAIRNE,C1937416,1500.0,1,1
KORAMANGALAM BANGALORE,C1318125,1500.0,1,1
LUCKY RESTAURANT GIDC VAPI VAPI,C1412281,1500.0,1,1
MADIPPAKKAM,C8013830,1500.0,1,1
MALALGAON,C3533383,1500.0,1,1
MANDIR NASHIK,C3631325,1500.0,1,1
MARIGOLD PREMISES KALYANI NGR PUNE,C1431344,1500.0,1,1
MARKET VISAKHAPATANAM,C6530878,1500.0,1,1
MHADA MUMBAI,C7427636,1500.0,1,1
MIDC MUMBAI,C4727436,1500.0,1,1
MOHADI,C4638879,1500.0,1,1
MOREN CHANDEL,C8020574,1500.0,1,1
MUMBAI MIRA RD E,C2913786,1500.0,1,1
MUMBAI SUBURBAN,C8440979,1500.0,1,1
MUSHEERABAD MAIN RD HYDERABAD,C8624083,1500.0,1,1
NALASOPARA-THANE,C6314040,1500.0,1,1
NAMMAKAL,C2016876,1500.0,1,1
NARELA DELHI,C1431551,1500.0,1,1
NAZAFGARH,C2024436,1500.0,1,1
NEEM KA THANA NEEM KA THANA,C4926169,1500.0,1,1
OLD GOA TISWADI,C7214081,1500.0,1,1
OLD PANVEL,C2973252,1500.0,1,1
PATTIVEERANPATTI,C2119245,1500.0,1,1
PEN DT RAIGAD,C8932966,1500.0,1,1
PILLAR NO 725 NEW DELHI,C3741835,1500.0,1,1
ROAD CHURCHGATE MUMBAI,C1866662,1500.0,1,1
ROAD MALAD (W) MUMBAI,C1011381,1500.0,1,1
SANTHI NAGAR,C6731759,1500.0,1,1
SHADURG,C2285855,1500.0,1,1
SHEOHAR,C3821235,1500.0,1,1
SHOWROOM GURGAON,C3640361,1500.0,1,1
SURAT SURAT,C8772313,1500.0,1,1
TAL DIST BHIND,C2916936,1500.0,1,1
TAVEREKERE BANGALORE,C5590186,1500.0,1,1
TELIBAGH,C8427062,1500.0,1,1
TEMPLE BANGALORE RURAL,C5521291,1500.0,1,1
TEMPLE PORT BLAIR,C1222791,1500.0,1,1
VILAMPUR,C8469789,1500.0,1,1
VITA,C8614084,1500.0,1,1
WORLI COLONY MUMBAI,C7814386,1500.0,1,1
AGRICULTURE AGARTALA,C7711334,1499.0,1,1
SOCIETY SURAT,C3518687,1499.0,1,1
TALEIGAO PANAJI,C3121345,1499.0,1,1
TAMENGLONG,C7382122,1499.0,1,1
UPPER SIANG,C5629576,1499.0,1,1
VASANIYA,C2912419,1499.0,1,1
CHHIBRAMAU,C1737276,1498.0,1,1
E MOSES ROAD MAHALAXMI MUMBAI,C4218674,1498.0,1,1
EXTENSION BANGALORE SOUTH BANGALORE,C2138926,1498.0,1,1
PALLA,C8415355,1497.0,1,1
1601672 BANGALOE,C1212263,1495.4,1,1
DIST HOOGHLY,C6935089,1495.0,1,1
ESTATE DAHISAR E MUMBAI,C5618289,1495.0,1,1
LAYOUT 2ND SECTOR BANGALORE,C8618458,1495.0,1,1
KUKATPALLY HYDERABAD HYDERABAD,C8134130,1494.0,1,1
ANJAR GANDHIDHAM,C5170417,1492.18,1,1
MUNIRABAD,C6627567,1490.85,1,1
CANDOLIN BARDEZ,C3219536,1490.0,1,1
METRO STN NEW DELHI,C6912545,1490.0,1,1
VARCA SALCETTE,C1011623,1490.0,1,1
RESAPUVANIPALEM VISAKHAPATNAM,C9053575,1489.0,1,1
N H ENGLISH SCHOO MIRA ROAD MUMBAI,C7820143,1487.0,1,1
BANGALORE URBAN,C8334366,1485.0,1,1
NADIAD KHEDA,C3925716,1485.0,1,1
OFFICE PURBA MEDINIPUR,C1511113,1485.0,1,1
MANTAPA HALL MANGALORE,C7422550,1482.0,1,1
TENALI,C9024481,1480.5,1,1
BHAYANDER EAST,C5330142,1480.0,1,1
HI BANKURA DURGAPUR,C7614223,1480.0,1,1
TAL DIST PALGHAR BOISAR,C3135155,1479.82,1,1
SEVALIA,C7392128,1478.15,1,1
24 PARGANAS,C6225111,1474.92,1,1
KADMA,C7729779,1474.0,1,1
TRIRUPATI NAGAR II VIRAR W THANE,C5629563,1470.0,1,1
KONDHWA KHURD PUNE,C8411371,1468.7,1,1
INDUSTRIAL ESTATE PAREL MUMBAI,C2031645,1467.0,1,1
VIMANNAGAR NAGAR ROAD PUNE,C7624231,1465.2,1,1
PUNAGAM SURAT,C5610219,1465.0,1,1
THALASSERI,C4127581,1465.0,1,1
TIWRI VASAI EAST,C5037787,1460.0,1,1
AMRAVATI DISTT AMRAVATI,C6429457,1459.0,1,1
BADLAPUR EAST (THANE),C3510128,1459.0,1,1
DENKANIKOTTA TALUK HOSUR,C5615143,1459.0,1,1
INTERNATIONAL BODHVIHAR DIBRUGARH,C5114167,1458.0,1,1
DHENKANAL DISTRICT,C4039873,1456.57,1,1
A THAKUR MALL THANE,C5466720,1456.0,1,1
OM TOWN SHIP SARTHANA SURAT,C6816418,1456.0,1,1
COMPLEX ANDHERI WEST MUMBAI,C7549184,1455.0,1,1
MOHANIA,C7942131,1454.0,1,1
MITHAKHALI ELLIS BRIDGE AHMEDABAD,C7131434,1452.06,1,1
AUNDH CAMP PUNE,C6826871,1450.0,1,1
MAHAD,C6615616,1450.0,1,1
MANIMAJRA CHANDIGARH,C8089040,1450.0,1,1
MOGAPPAIR,C7424659,1450.0,1,1
SINDHNUR,C7036721,1450.0,1,1
THIDANADU,C4981884,1450.0,1,1
ANDHERI RLY STN MUMBAI,C5627489,1448.0,1,1
BUNK KANCHIPURAM DT,C8629863,1448.0,1,1
COLA WORLI MUMBAI,C6031474,1447.0,1,1
KALIKA TEMPLE BANGALORE,C6312629,1445.0,1,1
MAHUWA,C3823716,1444.29,1,1
CHENGALPATTU,C7210137,1444.0,1,1
HOSPITAL BEHIND COIMBATORE,C3839243,1443.0,1,1
RBI GANGTOK,C8317730,1441.0,1,1
KATRAJ MUMBAI HIGHWAY NARHE PUNE,C4047649,1440.11,1,1
DEN HAAG,C6519968,1440.0,1,1
TRIPLICANE CHENNAI,C4039558,1440.0,1,1
CHOWK BADLAPUR,C2416590,1438.3,1,1
HRODYLYA HOSPITAL JAMESHEDPUR,C8084719,1437.0,1,1
RCHAVADY KOTTAKUPPAM VILLUPURAM,C4438360,1437.0,1,1
KOZHA,C2142249,1435.0,1,1
RAILWAY STATION MUMBAI,C2787639,1435.0,1,1
AUTOMOBILE CENTER MUMBAI,C1442343,1434.8,1,1
NO 2 KOLKATA,C3144212,1431.0,1,1
TECH WEB CENTER MUMBAI,C6924136,1431.0,1,1
SADARI,C5824653,1430.0,1,1
THANE(W),C5740774,1430.0,1,1
CARMONA SALCETTE,C3533168,1429.0,1,1
APARTMENT BANGALORE,C3319827,1428.0,1,1
KUMARAKOM,C1964159,1428.0,1,1
NR ABHYUDAYA BANK MUMBAI,C8615839,1428.0,1,1
SHIKOHABAD,C4317019,1427.0,1,1
POLICE STATION BANGALORE,C2231040,1425.44,1,1
DHAISAR EAST,C7122137,1425.0,1,1
SIANA,C5139423,1425.0,1,1
PHUNCHAWNG,C1373960,1420.0,1,1
WEST S O MUMBAI,C3688247,1420.0,1,1
BASSEIN THANE,C7740140,1419.77,1,1
HUSHIARPUR,C3921647,1419.0,1,1
KHORODI MUMBAI,C3470862,1418.9,1,1
ADSULIM SALCETE,C8790074,1418.0,1,1
KAVANAD,C3312262,1415.0,1,1
MULUND E  MUMBAI,C8942485,1410.0,1,1
NORTH TRIPURA,C4811576,1410.0,1,1
C C PUR,C1730122,1409.0,1,1
NR HANUMAN TEMPLE HYDERABAD,C5835313,1409.0,1,1
SARJAPUR ROAD BANGALORE,C4775939,1409.0,1,1
UDALPUR,C3425157,1409.0,1,1
KATTUPAKKAM,C1318990,1408.26,1,1
KOVAI,C7854024,1406.0,1,1
KARJAT,C1131463,1403.0,1,1
MUZAFFAR NAGAR,C6225224,1402.55,1,1
NO 1 BANJARA HILLS HYDERABAD,C7619280,1402.0,1,1
THIRUTHANI,C6129119,1402.0,1,1
ANDHERI KURLA ROAD MUMBAI,C2518168,1401.67,1,1
TAINAN,C5140318,1401.27,1,1
ANDHERI E  MUMBAI,C7225631,1400.0,1,1
"BARPETA ROAD, ASSAM",C4710679,1400.0,1,1
BUILDING MUMBAI,C8724922,1400.0,1,1
BULSAR VALSAD,C2020729,1400.0,1,1
CHATARA,C1628452,1400.0,1,1
DADAR MUMBAI,C7221670,1400.0,1,1
HYDERABAD R R DIST,C7623633,1400.0,1,1
JAHANGIRABAD BHOPAL,C4319090,1400.0,1,1
JOGESHWARI-E-MUMBAI,C6010522,1400.0,1,1
KUBRI,C5314271,1400.0,1,1
MAHAPE NAVI MUMBAI,C6142062,1400.0,1,1
NR LAMBODAR BLD MUMBAI,C2921033,1400.0,1,1
STUDIO MERTA CITY,C1926826,1400.0,1,1
WEST FASHION LOOK CHENNAI,C2124280,1400.0,1,1
MUMBAI (SUBURBAN),C3827414,1399.0,1,1
PANCHAYATHA KOLLAM,C4011435,1399.0,1,1
SHIRSUFAL,C4529023,1399.0,1,1
RISHRA,C1913134,1398.0,1,1
HR SEC SCHOOL SALEM,C7844256,1396.0,1,1
LAYOUT 5TH PHASE JP NGR BANGALORE,C8732922,1395.0,1,1
COTTON GREEN WEST MUMBAI,C3911777,1394.71,1,1
ANDHERI (W) MUMBAI MUMBAI,C7024640,1394.0,1,1
SEBASTIAN CHURCH KOCHUPALLY,C6486147,1394.0,1,1
WINES MIRJALGUDA HYDERABAD,C2641760,1394.0,1,1
HIGHWAY GOREGAON E MUMBAI,C8938778,1393.8,1,1
EVARARD NAGAR SION (E) MUMBAI,C2136139,1393.0,1,1
DHARAWAD,C3637862,1392.0,1,1
BANGALORE HSR LAYOUT,C6714960,1391.0,1,1
OFFICE THRISSUR,C1922677,1391.0,1,1
COLLEGE PATNA,C5513880,1390.0,1,1
NAVIMUMBAI NERUL NODE-3 THANE,C8942558,1390.0,1,1
PS-WEST AGARTALA WEST TRIPURA,C5132684,1390.0,1,1
KAMATH HOTEL NASHIK,C8282318,1388.0,1,1
KHARSWAN,C2721830,1388.0,1,1
GURDAS PUR,C5632649,1387.0,1,1
KASAVANAHALLI BENGALURU,C8738913,1387.0,1,1
MATHOOR,C8237962,1386.0,1,1
STANDARD CHARTERED BANK HYDERABAD,C7134920,1386.0,1,1
DEVAJI AND VIPPLAZA ZIRAKPUR,C2510664,1385.0,1,1
AURANGABAD AURANGABAD,C7230275,1384.0,1,1
SANTA CRUZ,C4736859,1383.9,1,1
BUBANESWAR,C4315759,1380.0,1,1
VADAGAON SHERI PUNE,C3323514,1380.0,1,1
WALLERS RD CHINTARIPERT CHENNAI,C3413268,1378.97,1,1
CHINSURAH,C5023539,1377.0,1,1
EAST THANE MUMBAI,C4931253,1376.8,1,1
RAMNAGAR NAINITAL RAMNAGAR,C8329827,1376.0,1,1
BHAYANDER THANE,C4815752,1373.96,1,1
CHURCH AMBATTUR CHENNAI,C8125655,1372.0,1,1
PALAKKAD DIST,C2833180,1372.0,1,1
KALPI,C7642676,1371.0,1,1
KAVALAPPARA PALAKKAD,C3333763,1370.0,1,1
NEW PANVEL W,C1242137,1370.0,1,1
BHAYANDAR (W),C8414058,1369.85,1,1
BHAYANDAR E,C3917820,1369.44,1,1
MEMPHIS,C2014875,1369.0,1,1
BHORANJ,C6216268,1368.76,1,1
RAMANATHAPURAM DT,C3751351,1368.0,1,1
PITHAMPUR,C3321119,1366.83,1,1
KULITHALAI,C7320659,1365.0,1,1
LUCKNOIW,C1140477,1365.0,1,1
SARAN CHAPRA,C5735090,1365.0,1,1
TEMPLE U BALANKA EAST GODAVARI DT,C4441569,1365.0,1,1
K V RENGA REDDY,C2434555,1362.0,1,1
KURLA MUMBAI,C3020953,1362.0,1,1
GOWDOWN NEW DELHI,C5253343,1361.0,1,1
NALASOPARA E MUMBAI,C4333259,1360.33,1,1
3 NAVI MUMBAI,C4739365,1360.0,1,1
CHUNABHATTI SIGNAL SION E,C1940931,1360.0,1,1
KALYAN-THANE,C5016836,1360.0,1,1
CITY NOIDA,C3611323,1359.0,1,1
SAIBABA MANDIR MUMBAI,C3613329,1359.0,1,1
TIRUMALGERRY SECUNDERADAD,C4331730,1359.0,1,1
WORLI,C2528334,1359.0,1,1
SAN JOSE,C2329936,1358.38,1,1
FEET ROAD NEW DELHI,C2617528,1356.0,1,1
ANDAMANS,C5417915,1354.0,1,1
ANNAPURNESHWARI TEMPLE RD BANGALORE,C4219657,1354.0,1,1
SUMBAL,C6511857,1354.0,1,1
TERMINAL 2 WADALA EAST MUMBAI,C2239789,1354.0,1,1
KURICHI,C2422566,1353.5,1,1
SANJAN,C5386386,1352.13,1,1
PALA KOTTAYAM,C5534474,1352.01,1,1
MUMBAI JOGESHWARI,C6628565,1352.0,1,1
24 PGR NORTH,C3434981,1350.0,1,1
DISTT PATIALA,C4924821,1350.0,1,1
GREATER NOIDA (WEST),C5037233,1350.0,1,1
KANNAPURAM,C8410922,1350.0,1,1
MANGUESHI,C2135738,1350.0,1,1
SMARAK NAGPUR,C8641186,1350.0,1,1
STCRUZ,C3325623,1350.0,1,1
MATHTHIGATTI,C3081148,1348.0,1,1
MITAI BANDAR HYDERABAD,C3830149,1347.0,1,1
HASAN,C2739325,1345.0,1,1
HOUSE BACK SIDE NEW DELHI,C8345922,1345.0,1,1
SO THANE,C6525961,1344.0,1,1
KAUSHMBI,C1710161,1343.5,1,1
GANGAPUR CITY,C5719454,1343.0,1,1
NAGAR PARVATI NAGAR NAGPUR NAGPUR,C8713523,1343.0,1,1
POOL ANDHERI E MUMBAI,C2140787,1343.0,1,1
DABHOLI ROAD SURAT,C2027525,1342.5,1,1
BADLAPUR (E) THANE,C2181522,1342.0,1,1
SANGVI FAMOUS CHOWK PUNE,C8032466,1341.0,1,1
MOSES RD MAHALAXMI MUMBAI,C4687959,1340.0,1,1
KADAVANTHRA,C1624728,1339.0,1,1
THIRUVALUR DT,C6520755,1339.0,1,1
UMARKHED,C8315668,1337.48,1,1
LINGARAJAPURAM BANGALORE,C8110788,1335.0,1,1
NEW ST BUS STAND JALGAON,C9038049,1335.0,1,1
DOMBIVLI E THANE,C3141766,1334.0,1,1
NEAR MINI MART BANGALORE,C6323085,1334.0,1,1
RAINSARY UNA,C2958469,1333.0,1,1
RING RD DEVERABESANAHALLI BANGALORE,C1433545,1333.0,1,1
TALUKA ANJAR  GANDHIDHAM,C6715423,1331.0,1,1
AMBERNATH E THANE,C6032878,1330.0,1,1
DURGA LODGE THANE,C5791646,1330.0,1,1
NEAR AYYAPPA MANDIR NAVI MUMBAI,C7414643,1330.0,1,1
SAKAKA,C5826447,1330.0,1,1
AREA BANGALORE,C8228038,1329.0,1,1
CENTRE MAJIWADA THANE,C6432679,1329.0,1,1
HAYATPUR RURKI,C3337923,1329.0,1,1
HIGHWAY GOREGAON (EAST) MUMBAI,C3714180,1328.0,1,1
SINNAR,C2117348,1328.0,1,1
BUILDING CUTTACK,C3162020,1327.0,1,1
DHARMAPURI DIST,C8323384,1327.0,1,1
PANGADA,C6127889,1326.0,1,1
SWEETS PUNE,C8037169,1324.0,1,1
AND 15/738 HAJI ALI MUMBAI,C5228445,1320.0,1,1
NORTH 24 PARGANS,C1014670,1320.0,1,1
THUTHIPET AMBUR,C7621565,1320.0,1,1
GAUTAMBUDDHA NAGAR,C7817460,1319.0,1,1
PALPA,C4841862,1319.0,1,1
KAKRABAN H S SCHOOL GOMATI,C4531647,1318.75,1,1
MUMBAI GIRGAON,C1730351,1318.0,1,1
KAVIYOOR,C4228387,1316.37,1,1
DEBAI,C7121227,1316.0,1,1
NARESHWARI NGR NASARAHALLI BANGALOR,C1126218,1316.0,1,1
ROAD MUMBAI,C3641481,1316.0,1,1
BUSINESS PARK MAHAPE NAVI MUMBAI,C2331724,1315.0,1,1
MUDIGERE,C4317425,1315.0,1,1
DEVAGHAR,C7618523,1313.0,1,1
MUSIRI,C7924663,1311.21,1,1
EPIP AREA WHITE FIELD BANGALORE,C5425786,1311.0,1,1
ELECTRONICS NEW BUS STAND SALEM,C6937562,1310.28,1,1
BALARPUR MAINPURI,C4785727,1310.0,1,1
DADAR,C6561915,1310.0,1,1
KURICHIKKRAR,C1822016,1310.0,1,1
NAUPADA THANE(W),C1523435,1310.0,1,1
POONITHURA,C7719639,1310.0,1,1
TRICHYA,C8942141,1310.0,1,1
ANDHERI LINK RD ANDHERI W MUMBAI,C4025449,1309.5,1,1
MADHURAI,C6830875,1309.0,1,1
TOTAL SUPER  STORE BANGALORE,C8217282,1307.0,1,1
ASHRAM ROAD AHMEDABAD,C6039428,1306.25,1,1
BANGALORE NORT,C5589872,1306.09,1,1
BLDG MUMBAI,C4621571,1305.0,1,1
THIRUNINDRAVUR,C8727450,1305.0,1,1
TIJARA DISTT ALWAR BHIWADI,C5241376,1305.0,1,1
BARAI,C1413964,1304.0,1,1
BUTTAREDDY GUDEM,C4140163,1303.0,1,1
GAMDI ANAND,C6133640,1303.0,1,1
NISSING,C1514453,1303.0,1,1
ANOOPPUR,C4519674,1301.0,1,1
DHAKOLA,C6916520,1301.0,1,1
(BRINDA BAN ) KOLKATA,C4233439,1300.0,1,1
ANANDPURR SAHIB,C6839869,1300.0,1,1
BADAUN,C2112730,1300.0,1,1
BANTWALA,C7339988,1300.0,1,1
BEACH CHENNAI,C6954338,1300.0,1,1
BUSDEPOT MUMBAI,C6417545,1300.0,1,1
CHAMARAJANAGAR (D),C3938551,1300.0,1,1
GANJAM O,C3728944,1300.0,1,1
GHODAPDEV MUMBAI,C8927971,1300.0,1,1
KINNAUR,C8737474,1300.0,1,1
LANE MUMBAI,C5011481,1300.0,1,1
MANGALORE TQ,C6326322,1300.0,1,1
MASTKHALANDAR RESTAURANT BANGALORE,C1355437,1300.0,1,1
NAGAR HYDERABAD,C6841663,1300.0,1,1
NEAR BATA MORE KOLKATA,C6028472,1300.0,1,1
ROAD ANAND,C9010338,1300.0,1,1
SENAPATI BAPAT ROAD PUNE,C8626688,1300.0,1,1
SIDHI,C3822132,1300.0,1,1
ROAD JAIPUR,C1692451,1299.7,1,1
POLE SHAHPUR AHMEDABAD,C7037763,1299.5,1,1
CITY LIGHT RD BHARTHANA VESU SURAT,C8914730,1299.0,1,1
CROSS SCHOOL THANE,C9037973,1299.0,1,1
J P NAGAR,C2567234,1299.0,1,1
KAMEPALLY MANDAL,C8040072,1299.0,1,1
SURYAPET TOWN AND MANDAL,C1028931,1299.0,1,1
TRIVANDRUM DT,C4844623,1299.0,1,1
PARGANAS NR UNIQUE HOMEOLAB KOLKATA,C7614587,1298.6,1,1
3 KALYANI NAGAR PUNE,C8397279,1298.0,1,1
BHATLURU,C8740679,1298.0,1,1
NAMSAI,C3738826,1298.0,1,1
PARK OUTER RING RD SHAOXING,C2414317,1298.0,1,1
SINNAR DISTH NASHIK,C1426750,1296.0,1,1
RAMANAGAR DIST,C2321171,1295.0,1,1
PAUD ROAD PUNE,C1083455,1292.95,1,1
NVAI MUMBAI,C7316881,1292.0,1,1
MALAD EAST MUMBAI,C9031861,1290.34,1,1
CIRCLE SURAT,C2824691,1290.0,1,1
DIST WEST SINGHBHUM,C2238186,1290.0,1,1
YANAM,C3161153,1290.0,1,1
MUMBAI KANDIVALI EAST MUMBAI,C3533891,1288.6,1,1
SALEM (DT),C5136489,1288.0,1,1
HEBRI P KARKALA TQ UDUPI D,C5113474,1287.0,1,1
MUMBAI KONKAN BHAVAN THANE,C6442161,1287.0,1,1
KARU VARAKUNDU,C8715788,1286.73,1,1
DISTRICT GHAZIABAD GHAZIABAD,C4527844,1286.0,1,1
DWARKA (GUJARAT),C2636512,1284.95,1,1
SHOWROOM SV RD ANDHERI (W) MUMBAI,C6441083,1283.27,1,1
PO NARANPURA VISTAR AHMEDABAD,C5339425,1282.0,1,1
ARPORA,C8016964,1280.0,1,1
DISTRICT CUTTACK,C1430415,1280.0,1,1
HOSUR ROAD BANGALORE,C8364079,1280.0,1,1
KRISHNAGIRI(DT) HOSUR,C2714664,1280.0,1,1
MALWANI MUMBAI,C5310813,1280.0,1,1
PO ERNAKULAM,C5515986,1280.0,1,1
PUDUKKOTTAI DISTRICT,C5722142,1280.0,1,1
SION HOSPITAL MUMBAI,C2737834,1280.0,1,1
THANE HANUMAN NAGAR,C1525852,1280.0,1,1
SAHIB STRT BANGALORE,C5230917,1279.0,1,1
MADANPURI MUMBAI,C3627084,1277.0,1,1
PUDUCHRRY,C3240981,1277.0,1,1
KALYAN (EAST),C7282458,1275.15,1,1
MEHATVAS,C8020490,1274.15,1,1
BANGALORE SOUTH BANGALORE,C4638959,1274.0,1,1
FACTORY BANGALORE,C6293818,1273.0,1,1
68A 69 69A KAMOTHE NAVI MUMBAI,C5640466,1272.3,1,1
BULANDSHAR,C7434057,1271.94,1,1
JP NGR 3RD PHASE BANGALORE,C4719012,1271.94,1,1
BAGHPAT BARAUT,C8421630,1271.6,1,1
BANGLOWS RAJKOT,C4211712,1270.0,1,1
DEOGARH DEOGARH RAJSAMAND,C1732513,1270.0,1,1
PANVEL PANVEL RAIGAD,C1329230,1270.0,1,1
WEST MUMBAI MUMBAI,C4414318,1270.0,1,1
MATDAR SANGH SECTOR 3A THANE,C2628958,1269.7,1,1
K K DIST,C5329863,1269.58,1,1
DIGHA NAVI MUMBAI,C6471781,1268.7,1,1
MILLS MUMBAI,C5058832,1268.0,1,1
BUILDING KOLKATA,C2611346,1266.0,1,1
VIJAYANAGAR BANGALORE,C5436964,1265.0,1,1
BAREILLY BAREILLY,C4619813,1264.0,1,1
CHOOLAIMEDU CHENNAI,C5922184,1264.0,1,1
UTTARAHALLI BANGALORE,C1140312,1264.0,1,1
DELHI DLEHI,C5420626,1263.86,1,1
RANGAREDDY DT,C6739269,1263.75,1,1
ALAPUZHA,C4733433,1263.0,1,1
STORES MANGALORE,C4416161,1262.0,1,1
KODINAR,C2783426,1261.5,1,1
LOTUS BUS STOP WORLI MUMBAI,C2017455,1260.0,1,1
SCHOOL CHANDNI CHOWK DELHI,C5936266,1260.0,1,1
SIDE CHENNAI,C5633734,1260.0,1,1
DOMBIVALI WEST KALYAN,C5040086,1258.0,1,1
LONAR,C6828242,1258.0,1,1
DOMBIVALI E THANE,C7622343,1256.15,1,1
LILUAH,C1815934,1255.55,1,1
SURAT KAMREJ ROAD SURAT,C8715823,1254.0,1,1
DIST UKHR UL,C2626557,1253.0,1,1
GOLDEN AC TEMPLE MUMBAI,C4215954,1253.0,1,1
ROAD VV PURAM BANGALORE,C1439523,1252.0,1,1
BERI,C2319467,1250.5,1,1
CHINCHPOKLI EAST MUMBAI,C8918419,1250.0,1,1
KANGRA HP DHARAMSHALA,C5325929,1250.0,1,1
LANE BOWRAMPET HYDERABAD,C4836364,1250.0,1,1
LOWERPAREL WEST MUMBAI,C3013255,1250.0,1,1
MADINIPUR,C1829272,1250.0,1,1
PALAJ,C4426960,1250.0,1,1
PURAPUZHA,C4215425,1250.0,1,1
SANGLA,C2835562,1250.0,1,1
THAKURANI KOLKATA,C8526949,1250.0,1,1
HYDRARABAD,C8829343,1245.0,1,1
NANEKARWADI PUNE,C7423575,1241.49,1,1
BOMMAHAHALLI BANGALORE,C7428467,1240.0,1,1
KHAR (W) MUMBAI,C2323947,1240.0,1,1
NEW PANVEL MUMBAI,C7129171,1240.0,1,1
NO-9 BLOCK-A MAHIPALPUR NEW DELHI,C1815433,1240.0,1,1
PRATHIPADU,C2038642,1240.0,1,1
BHALEJ RD ANAND,C4172260,1239.5,1,1
GIDC SACHIN SURAT,C7235751,1239.1,1,1
POOJA PARK KAROL BAGH NEW DELHI,C8754366,1236.0,1,1
NEVILLEHOUSE MUMBAI,C3014115,1235.95,1,1
NR ACCENTURE PUNE,C6398135,1235.0,1,1
KASUMPATI SHIMLA,C3338991,1234.5,1,1
PURBA MIDNAPUR,C5929560,1234.0,1,1
DEPOT BANGALORE,C3629590,1233.0,1,1
PARDI,C6071912,1233.0,1,1
TURBE STOR VASH-23,C8558748,1228.0,1,1
AL WAKRA,C3039156,1225.0,1,1
BAYAD,C5116491,1222.84,1,1
COLLEGE VASNA AHMEDABAD,C2922636,1220.0,1,1
GUJARAT BOTLLING CROSS RD AHMEDABAD,C1014963,1220.0,1,1
SENAPATI DIST,C5118871,1217.0,1,1
PATHANMTHITTA,C6066459,1216.37,1,1
NAIHATI 24PGS NORTH,C8910019,1216.0,1,1
HOME ALIGARH,C5116940,1214.0,1,1
ABASAN KOLKATA,C6232542,1212.0,1,1
VISAKHA PATNAM,C6413252,1211.0,1,1
MIRA RD,C3188980,1210.92,1,1
BAGPAT,C5966283,1210.35,1,1
NORTH  24 PARGANAS,C3481461,1210.0,1,1
BAKERY SECUNDERABAD,C1322860,1208.0,1,1
NUNGAMBAKKAM CHENNAI,C5526414,1207.0,1,1
THA THANE,C3728680,1206.13,1,1
KASARAGOD DT,C6011080,1205.0,1,1
SAKOLI,C4227725,1205.0,1,1
NORTH PARAVUR,C1424851,1203.0,1,1
RAJENDRANAGAR,C1129759,1200.95,1,1
(BEFORE YMCA BLDG) CHENNAI,C3423054,1200.0,1,1
BANGALORE HEBBAL,C7818280,1200.0,1,1
"DHARUHERA, REWARI",C2019774,1200.0,1,1
DISTRICT GANJAM,C1413127,1200.0,1,1
EAST GODAVARI DISTRICT,C6114492,1200.0,1,1
HINDAUN,C6518518,1200.0,1,1
JARLAHI,C3435658,1200.0,1,1
KALKAJI NEW DELHI,C9020217,1200.0,1,1
KALYAN EAST KALYAN,C2310236,1200.0,1,1
KHAJURAHO,C6545581,1200.0,1,1
KHORDHA ORISSA BHUBANESWAR,C5838440,1200.0,1,1
KOOTHATTUKULAM,C7219320,1200.0,1,1
MARG SANTOSH NGR GOREGAON E MUMBAI,C3524955,1200.0,1,1
MIRA RD E THANE,C2618314,1200.0,1,1
NAGAR BUSSTOP BANGALORE,C5229619,1200.0,1,1
NAHSIK,C2728117,1200.0,1,1
PETER S SCHOOL MAZGAON MUMBAI,C7811237,1200.0,1,1
QUPEM,C7316366,1200.0,1,1
RAPAR,C4441771,1200.0,1,1
REIS MAGOS,C8028369,1200.0,1,1
ROAD VASHI NAVI MUMBAI,C2010148,1200.0,1,1
SANCOALE,C7725715,1200.0,1,1
SCHOOL GOREGAON (E) MUMBAI,C7593467,1200.0,1,1
SOPARA MUMBAI THANE,C3163788,1200.0,1,1
SURAT CITY SURAT KATARGAM SURAT,C3036863,1200.0,1,1
TARAPUR APP THANE,C4016722,1200.0,1,1
TIRPUR,C7129638,1200.0,1,1
TIRUCHENGODE,C2525174,1200.0,1,1
VILE PARLE EAST,C3532117,1200.0,1,1
TAPI,C4711238,1199.72,1,1
B/H ATM UNION BANK OF INDIA NASHIK,C8815944,1199.0,1,1
BALIKUDA,C6711664,1199.0,1,1
BELTHUNGADY,C1826262,1199.0,1,1
HOSHANGABAD ITARSI,C1719118,1199.0,1,1
KENDUJHAR,C7726846,1199.0,1,1
MANKAPUR,C7414718,1199.0,1,1
SALCETE MARGAO,C8019963,1199.0,1,1
SAMALPUR,C3728981,1199.0,1,1
STN WOC ROAD RAJAJINAGAR BANGALORE,C3521577,1199.0,1,1
SWEETS CHENNAI,C2773984,1199.0,1,1
VIDYA MANDIR MUMBAI,C8517939,1199.0,1,1
MADURAI DT,C4228458,1198.0,1,1
NUMBER 8 NARWANA JIND HARYANA,C9028748,1195.0,1,1
POST NAROLI,C2470743,1195.0,1,1
TEMPLE VASCO,C4272446,1195.0,1,1
BAHADVR GARH,C6119351,1194.0,1,1
JAWAJA,C6711972,1194.0,1,1
ERANDWANE PUNE,C8520634,1193.0,1,1
STATION NEW DELHI,C2213973,1192.0,1,1
THANE VIRAR E,C8314880,1190.78,1,1
MAIN AJMER ROAD JAIPUR,C2223183,1190.46,1,1
ANJUNA,C3333789,1190.0,1,1
PHASE-I HINJEWADI PUNE,C1612686,1190.0,1,1
PLACE NEW DELHI,C1019560,1190.0,1,1
ELECTRIC OFFICE AGARTALA,C8834012,1188.96,1,1
STADIUM PUNE,C1739865,1188.0,1,1
NARENDRA NAGAR TEHRI GARHWAL,C8538592,1187.0,1,1
ALIGANJ,C2283446,1184.09,1,1
KUTTAMPUZHA,C2912866,1182.0,1,1
SIDDAPUR,C8428174,1181.6,1,1
CHOWK NASHIK,C4229235,1180.0,1,1
THANE MIRA ROAD THANE,C4034169,1180.0,1,1
VIRAR EAST VIRAR (EAST) THANE,C6728664,1180.0,1,1
CLUB SOUTH 24 PARGANAS,C5919549,1178.0,1,1
FARM ROAD ANDHERI EAST MUMBAI,C5324026,1178.0,1,1
NR BALBIR KARTANA STORE AMRITSAR,C4437732,1177.0,1,1
RAJASMAND,C1839238,1177.0,1,1
AMBARNATH THANE BADLAPUR,C4830380,1175.0,1,1
KAURTHALA,C7138422,1175.0,1,1
SHOP KOLKATA,C1172248,1175.0,1,1
LAIKOL,C3723944,1174.0,1,1
SRIPERUMBUDHUR,C4630329,1172.0,1,1
OFFICE MUMBAI,C5427929,1171.0,1,1
DEBNAGAR,C8425361,1170.0,1,1
NAVI MUMBAI VASHI,C1024563,1170.0,1,1
NOTTINGHAM,C5029091,1170.0,1,1
GOPALPURI TALUKA ANJAR GANDHIDHAM,C7635824,1169.97,1,1
TANDUR RANGA REDDY,C8523275,1169.97,1,1
DIST DUMKA,C3216268,1168.0,1,1
SOUTH JAYANAGAR III BLOCK BANGALORE,C8810918,1168.0,1,1
PUNE DIGHI CAMP PUNE,C5436851,1167.0,1,1
MANGALORE CITY,C3829488,1166.0,1,1
PART VISAKHAPATNAM,C2137877,1166.0,1,1
NR COMMUNITY HALL SURAT,C5654834,1165.74,1,1
YSR,C8011572,1165.0,1,1
MOHALI SAS NAGAR,C5637542,1164.75,1,1
RA PURAM,C7357485,1164.0,1,1
GACHIBOWLI HYDERABAD,C6610531,1163.0,1,1
DAPODI PUNE,C8114459,1162.6,1,1
GOREGAON (EAST) MUMBAI,C6815226,1161.7,1,1
HIGH SCHOOL HYDERABAD,C7821357,1161.59,1,1
DIST BAHARAICH,C7339089,1160.0,1,1
GUNJAN GIDC VAPI VAPI,C6825222,1160.0,1,1
KOPERKHARINE,C5978752,1160.0,1,1
SUBHASH NAGAR GHATKOPAR WEST MUMBAI,C5942527,1160.0,1,1
AMBER,C5719928,1159.4,1,1
AXIS BANK DURGAPUR,C3821568,1158.0,1,1
MGRNAGAR CHENNAI,C3829713,1154.0,1,1
MAHAKALI CAVES ROAD MUMBAI,C3939038,1152.2,1,1
ABV AXIS BANK NAGPUR,C4212120,1152.0,1,1
SOUTH KONANAKE BANGALORE,C8020833,1152.0,1,1
KALAYAT,C3738930,1151.0,1,1
DEPT SILCHAR,C4471342,1150.0,1,1
KAROL BAGH NEW DELHI DELHI,C7212647,1150.0,1,1
LUDDALORE,C8133239,1150.0,1,1
THANE AMBARNATH,C8484052,1150.0,1,1
BAPAT MARG LOWER PAREL WEST MUMBAI,C8212816,1149.5,1,1
BANALORE,C8742089,1149.0,1,1
BISWANATH CHARIALI,C6821074,1149.0,1,1
CHANGLANG,C4558059,1149.0,1,1
KURNOOL DIST,C5836142,1149.0,1,1
PERAMBALUR DT,C5318549,1149.0,1,1
KRISHNAGIRI DT,C2525481,1148.73,1,1
SERVICE CENTER BANGALORE,C2210937,1147.44,1,1
RESIDENCY BANGALORE,C8114359,1147.0,1,1
RORKEE,C8329359,1147.0,1,1
BINA,C1516813,1146.0,1,1
RENTON,C2615083,1144.0,1,1
KARBI ANGLONG,C1935560,1140.0,1,1
YELLAPUR,C2535239,1140.0,1,1
KATEMANIVALI THANE KALYAN,C4429714,1139.0,1,1
DWARKA MORH,C8962269,1138.6,1,1
RAILWAY STN VIRAR WEST VASAI THANE,C3392189,1136.11,1,1
24 AND 25A GURGAON,C2931176,1135.0,1,1
GANDHI SALAI OMR CHENNAI,C3734488,1134.0,1,1
TIRUVANNAMALAI(DT),C7420235,1131.0,1,1
KANKINARA,C3313724,1130.0,1,1
KILKATA,C8996885,1130.0,1,1
NAVI MUMBI,C2142162,1130.0,1,1
STATION CUTTACK,C3010970,1130.0,1,1
ULHASNAGAR THANE,C8932869,1130.0,1,1
WAZIRGANJ,C3981579,1127.84,1,1
SUNDAR NAGAR,C8922839,1127.79,1,1
PAURI GARWAL,C5041029,1127.0,1,1
BUS STAND BANGALORE,C2539435,1126.0,1,1
AMBIVALI EAST,C2013857,1125.95,1,1
DHRANGADHRA,C8933990,1125.15,1,1
KARAKULAM,C8041887,1125.0,1,1
PHASE 1 GURGAON,C8222017,1125.0,1,1
IFC MUMBAI,C7938069,1121.86,1,1
KHORDHA BHUBANESWAR,C6020992,1121.0,1,1
OKALIPURAM PETROL BANK BANGALORE,C3059455,1121.0,1,1
DESAI ROAD EXTN ANDHERI W MUMBAI,C6826370,1120.0,1,1
GOLLAPELLY,C6331481,1120.0,1,1
KUNDLI SONIPAT,C1530129,1120.0,1,1
PLAZA BORIVALI WEST MUMBAI,C1242191,1120.0,1,1
NAGARBHAVI BANGALORE,C6137960,1118.0,1,1
SHERI PUNE,C2325835,1118.0,1,1
COLLAGE ROAD  NASHIK NASHIK,C1423151,1117.0,1,1
HAVELI PUNE,C6733951,1117.0,1,1
KUNNATHUNAD,C8593843,1117.0,1,1
KURGAON,C1731512,1115.69,1,1
BODI,C7542828,1115.0,1,1
UJWAL PRINTING PRESS PUNE,C5271567,1115.0,1,1
NAGAR AMBEDKAR NAGAR,C2733847,1112.31,1,1
SOMAJI GUDA HYDERABAD,C2731423,1112.3,1,1
RAIGAD RAIGAD,C3742153,1111.16,1,1
LOWER PAREL E MUMBAI,C8416214,1111.0,1,1
EAST RB MARG MUMBAI,C2220557,1110.0,1,1
HABRA (WB),C4213221,1110.0,1,1
MIRA BHAYANDER,C2417760,1110.0,1,1
PUNE  PUNE,C8632649,1110.0,1,1
SCHOOL ALIGARH,C7332138,1110.0,1,1
MUMBAI CITY (M H) MUMBAI,C1224753,1109.46,1,1
TAGORE ROAD CIVIL LINES NAGPUR,C8542314,1108.22,1,1
E G DIST (EAST GODAVARI),C6018619,1108.0,1,1
ST THOMAS POST BANGALORE,C3225059,1107.0,1,1
EAST CHAKALA MIDC MUMBAI,C6424747,1106.45,1,1
1601259 BANGALORE,C7734228,1104.4,1,1
STATION DONGRI CHINCHBUNDER MUMBAI,C8149776,1103.0,1,1
COMPLEX BANGALORE,C5139832,1102.0,1,1
KOTDWARA GARHWAL,C2934672,1102.0,1,1
AJIVALI PANVEL,C8720588,1100.0,1,1
CHOWKI NASHIK,C4128054,1100.0,1,1
DATTAWADI THANE KALWA W THANE,C7617675,1100.0,1,1
DOMBIVALI (EAST) KALYAN THANE,C3176381,1100.0,1,1
HAILAKANDI,C7721965,1100.0,1,1
HALL OPP JEHANGIR HOSPITAL PUNE,C8238022,1100.0,1,1
JANJGIR,C8842655,1100.0,1,1
KHED PUNE RAJGURUNAGAR,C2435990,1100.0,1,1
NALLAKUNTA HYDERABAD,C8634071,1100.0,1,1
NAVI  MUMBAI,C3532035,1100.0,1,1
OZAR MIG,C5022945,1100.0,1,1
PATRATU,C1045551,1100.0,1,1
POWDIKONAM,C8742984,1100.0,1,1
PURANPUR,C1828659,1100.0,1,1
SAKINAKA ANDHERI (E) MUMBAI,C1122619,1100.0,1,1
SCHOOL CHAKALA ANDHERI MUMBAI,C7031257,1100.0,1,1
SHREYAS CINEMA GHATKOPAR W MUMBAI,C6740740,1100.0,1,1
STATION DELHI,C5132190,1100.0,1,1
THEATRE CHENNAI,C3026287,1100.0,1,1
UDYOG VIHAR PHASE-IV GURGAON,C8740676,1100.0,1,1
VEDURUKUPPAM,C6727944,1100.0,1,1
VIRAR MUMBAI,C6749328,1100.0,1,1
WALSALL,C1037283,1100.0,1,1
CHUMUKEDIMA,C6342119,1099.0,1,1
JOGESHWARI (E) MUMBAI,C2136467,1099.0,1,1
NARAYANPUR,C1040744,1099.0,1,1
PANCHAMAHAL,C4833770,1099.0,1,1
RAJAHYUNDRY,C4830537,1099.0,1,1
CBE1,C8713363,1098.0,1,1
INDIRANAGAR CHENNAI,C5638167,1098.0,1,1
NEW CANTT ALLAHBAD,C4911128,1096.0,1,1
GUDALUR,C2870724,1093.61,1,1
MARUTI SUZUKI SHOWROOM GURGAON,C3935276,1092.0,1,1
KANKROLI,C5735456,1090.0,1,1
THANJORE DT,C6339837,1090.0,1,1
DWARAKATIRUMALA,C2278245,1088.6,1,1
BASAVANAGUDI BANGALORE,C3234355,1088.0,1,1
KODAMBAKKAM,C2348365,1086.0,1,1
MAPUSA BARDEI,C7412630,1085.4,1,1
RD ANDHERI E MUMBAI,C7954750,1085.0,1,1
PALAMKONAM,C8439013,1084.39,1,1
NEAR JOTHI THEATRE CHENNAI,C5317887,1083.0,1,1
HIGHWAY AKURDI PUNE,C4747753,1080.0,1,1
NIZAMPATNAM,C1622482,1080.0,1,1
OFF BKC MUMBAI,C8238614,1080.0,1,1
MEERUT CITY,C9018862,1079.0,1,1
PARK PHASE 1 HINJEWADI PUNE PUNE,C2210952,1079.0,1,1
ANUPASHAHR,C2136513,1078.0,1,1
RUDEL,C2824640,1078.0,1,1
CAMP PUNE,C4631768,1077.23,1,1
K V RANGA REDDY HYDERABAD,C5117050,1077.0,1,1
CHAKALA ANDHERI -E MUMBAI,C3216214,1075.0,1,1
CHAGALLU,C3115615,1072.5,1,1
THIRUVANNAMALAI DIST,C2215634,1072.0,1,1
MUGLISARA SURAT CITY SURAT,C5024052,1071.92,1,1
LIMITED BILASPUR,C6151045,1071.0,1,1
CONSULTANT MUMBAI,C2712825,1070.0,1,1
NR JAGAJOG SANGHA GAYESHPUR,C2535528,1070.0,1,1
COLONY HYDERABAD,C6634085,1069.28,1,1
SEWNDERABAD OPP SK GUPTHA HYDERABAD,C4633847,1069.0,1,1
RAMANTHALI,C7220325,1068.95,1,1
R R DIST RANGAREDDY DIST,C7324933,1067.6,1,1
BEGAMWADI RING RD SURAT SURAT,C7230657,1066.0,1,1
HADAPSAR PUNE CITY PUNE,C6130912,1065.7,1,1
COURSE ROAD GURGAON,C3355164,1064.28,1,1
SHREE RESIDENCY SURAT,C3213733,1063.76,1,1
KALAN NORTH WEST DELHI DELHI,C8924167,1063.74,1,1
E WORLD CYBER CAFÉ IMPHAL WEST,C6013445,1062.99,1,1
BARELLIY,C4425826,1062.4,1,1
AUNDH PUNE,C3923671,1061.75,1,1
KOPERKHAIRNE NAVI MUMBAI,C6331822,1060.77,1,1
CENTRE HADAPSAR PUNE,C3821560,1060.0,1,1
OPP AJANTA PHARMA MUMBAI,C3172685,1060.0,1,1
VIKARABAD,C8632181,1060.0,1,1
BALIMORA,C4636373,1058.0,1,1
JAYAPURA MYSORE,C8075321,1057.0,1,1
AMRAVATI WARUD,C4120590,1056.58,1,1
NGR KEMPAPURA HEBBAL BANGALORE,C8242822,1056.0,1,1
CSIR RD TARAMANI CHENNAI,C2437823,1055.0,1,1
PRAKASH SCHOOL RAJKOT,C4118832,1055.0,1,1
CHOWRASTA HAORA,C7637782,1051.0,1,1
BUS DEPOT BORIVALI EAST MUMBAI,C1721173,1050.0,1,1
DOMBIVALI (EAST) THANE,C5116142,1050.0,1,1
KHERA,C1014978,1050.0,1,1
KILLORGLIN,C8732435,1050.0,1,1
NGR MAIN RD HAL3RD STAGE BANGALORE,C3213776,1050.0,1,1
OSMANIYA RLY STN HYDERABAD,C3033514,1050.0,1,1
PRAYER HOUSE HYDERABAD,C5716942,1050.0,1,1
THURKAPALLI,C6411016,1050.0,1,1
VASANT KUNJ,C5753454,1049.49,1,1
ARIYALUR DISTRICT,C2524272,1049.0,1,1
CHIKKAMGALURU,C3049930,1049.0,1,1
NAGARI,C8615921,1049.0,1,1
NARNAUL MAHENDRAGARH,C9027881,1049.0,1,1
CHATRAPUR,C3281962,1048.0,1,1
SUPER MARKET HYDERABAD,C4321448,1047.5,1,1
BUS STOP MALAD W MUMBAI,C8232525,1047.0,1,1
DEOBAND SAHARANPUR,C6820992,1047.0,1,1
GANGARAMPUR,C1925626,1047.0,1,1
KAILASH NEW DELHI,C8498739,1044.02,1,1
KURLA RD ANDHERI (E) MUMBAI,C4010656,1044.0,1,1
NAGAR NORTH E DELHI NEW DELHI,C8310020,1043.0,1,1
ZIRAKPUR ZIRAKPUR,C3630746,1042.0,1,1
PERAMBUR CHENNAI,C3431029,1040.0,1,1
PUDUKOTTAI DT,C5035858,1040.0,1,1
SRIVILLIPUTTUR,C3046916,1040.0,1,1
APPT BANGALORE,C5921955,1039.2,1,1
SANTOSH NAGAR GOREGAON E MUMBAI,C3914951,1039.0,1,1
FUN CINEMA NEW DELHI,C5414823,1038.4,1,1
MULTIPLEX PUNE,C3731571,1034.27,1,1
MUNNEKOLALA MARATHALLI BANGALORE,C5941164,1031.02,1,1
4 BUNGLOW MUMBAI,C3798828,1030.0,1,1
CHIKHODRA,C1887757,1030.0,1,1
CHUNNABHATTI SIGNAL SION (E) MUMBAI,C6522163,1030.0,1,1
VEDASANDUR,C8715047,1028.0,1,1
KOLHAOUR,C2333363,1025.0,1,1
TPR,C8114130,1025.0,1,1
COLONY KHAMTARAI 2 KHAMTARAI RAIPUR,C7139728,1024.0,1,1
DAMMAM,C7640019,1024.0,1,1
KHARAG PUR,C1829735,1023.7,1,1
KANGRA KANGRA,C8022719,1023.0,1,1
BUDR PUNE,C2541590,1022.0,1,1
KANNR DIST,C5517143,1021.0,1,1
AXIS BANK DELHI,C2736762,1020.0,1,1
(BENAKA MDTS) BANGALORE,C3131060,1019.0,1,1
GURUKUL-DRIVE IN ROAD AHMEDABAD,C7932556,1019.0,1,1
ISNAPUR X ROAD PATANCHERU HYDERABAD,C7429355,1018.16,1,1
MUGHALSARAI,C6940320,1017.25,1,1
KALYANI MOTORS BANGALORE,C2226852,1016.0,1,1
MAHALUNGE PUNE,C1712125,1015.4,1,1
KARKALA TALUK,C2531037,1013.0,1,1
CHAKDAH,C8713976,1011.5,1,1
KALYANI PO-KALYANI,C5816577,1011.5,1,1
ROMPICHERLA GUNTUR,C4418846,1011.5,1,1
GAGANPAHAD,C5316843,1011.02,1,1
BHANDUP W MUMBAI,C1624144,1010.0,1,1
CHAKALA MIDC CHAKALA MIDC MUMBAI,C5235080,1009.0,1,1
GANJAM DISTRICT,C7137443,1009.0,1,1
BUHANA,C5633052,1008.7,1,1
BANKI,C8728729,1008.63,1,1
KHANDAJ,C4537544,1008.63,1,1
NARSANDA,C5917215,1008.63,1,1
RAIGARG,C2530612,1008.63,1,1
SANTIPUR,C3747446,1008.63,1,1
WADKHAL,C1729941,1008.63,1,1
KAIMUR,C5639463,1008.6,1,1
MANDALGARH,C1037934,1008.6,1,1
VISAKAPATNAM DIST,C2149471,1007.0,1,1
ALLEPEY,C9038367,1006.0,1,1
HARIJ,C6616792,1005.0,1,1
EAST S O MUMBAI MUMBAI,C3915025,1004.0,1,1
NEW BOMBAY KHARGHAR,C8725214,1003.53,1,1
DIST SIBSAGAR,C7835213,1003.21,1,1
CHHIPIPURA BORISARAY E NIRMAR,C2485416,1003.0,1,1
SERAIKELA,C1310339,1002.29,1,1
HAARLEM,C3232036,1002.0,1,1
LUPUNG,C7813968,1002.0,1,1
RLY CROSS AHMEDABAD,C7230220,1001.37,1,1
MANARCADU,C4697933,1001.0,1,1
(SOMWARPET KODAGU),C5827315,1000.0,1,1
(WEST) DELHI,C2838639,1000.0,1,1
4 DELHI,C4225951,1000.0,1,1
ACADEMY BANGALORE,C8040466,1000.0,1,1
AHMAD,C6999918,1000.0,1,1
AK ROAD SURAT,C3313233,1000.0,1,1
AKANKHA KOLKATA,C2912444,1000.0,1,1
AMBEDKAR STATUE HYDERABAD,C6021919,1000.0,1,1
ANNAVARAM,C8727852,1000.0,1,1
AQUEM MARGAO,C4041478,1000.0,1,1
ARCADE NAVI MUMBAI,C8236570,1000.0,1,1
AREA WHITE FIELD BANGALORE,C3733240,1000.0,1,1
ARKI,C5517037,1000.0,1,1
ASSOLNA SALCETE,C5547354,1000.0,1,1
BALLABGARH FARIDABAD,C2635276,1000.0,1,1
BARAMATI PUNE BARAMATI,C8238786,1000.0,1,1
BEHIND YES BANK LTD PUNE,C1776326,1000.0,1,1
BHAINDAR GODADEV TEHSIL THANE,C2111344,1000.0,1,1
BHAWAN KOLKATA,C7434319,1000.0,1,1
BOISAR BOISAR,C2934666,1000.0,1,1
BORSAD,C8039851,1000.0,1,1
BY PASS HADASAR PUNE,C6432585,1000.0,1,1
BYCULLA,C2566075,1000.0,1,1
CHAKDAHA,C6640377,1000.0,1,1
CHEM FACTORY THANE W,C1742441,1000.0,1,1
CHEMBURKAR RD MUMBAI,C8614131,1000.0,1,1
CHIKUWADI SHIMPOLY KANDIVALI W,C4222342,1000.0,1,1
CLINIC GURGAON,C2626133,1000.0,1,1
COLONY DELHI,C2912039,1000.0,1,1
COURIER CHENNAI,C4922684,1000.0,1,1
CYBERCITY GURGAON,C5136049,1000.0,1,1
DAMODAR HALL VASAI PALGHAR,C2138767,1000.0,1,1
DEEPAK HOSPITAL MIRA ROAD (E) THANE,C1538950,1000.0,1,1
DEPO BORIVALI (E) MUMBAI,C7729837,1000.0,1,1
DESAI RD ANDHERI (W)MUMBAI,C4332283,1000.0,1,1
DHARMSHALA,C4268131,1000.0,1,1
DIGHI PUNE,C7516135,1000.0,1,1
DINDIGUAL,C2027623,1000.0,1,1
DINDORI,C8931564,1000.0,1,1
DIST NASHIK,C8869351,1000.0,1,1
DIST PUNE DHAKALE,C7832037,1000.0,1,1
DISTT-FARIDABAD,C5535171,1000.0,1,1
DODDAMMA MARAMMA TEMPLE BANGALORE,C1639972,1000.0,1,1
DOKIPARRU,C1782613,1000.0,1,1
DUNDAHERA GHAZIABAD,C5189163,1000.0,1,1
DUTTA MANDIR PUNE,C6914058,1000.0,1,1
ELECTRICAL SHOP MUMBAI,C4831353,1000.0,1,1
EMPORIUM MUMBAI,C1935176,1000.0,1,1
EXCHANGE PATHANKOT,C4536667,1000.0,1,1
F N QURESHI MUMBAI,C6513954,1000.0,1,1
FOREST OFFICE SHAHAPUR,C5426114,1000.0,1,1
GADKHOL,C1232969,1000.0,1,1
GARDEN JEOGESHWI (W) MUMBAI,C6095959,1000.0,1,1
GARDEN PUNE,C7918667,1000.0,1,1
GARHIAGAON JHANSI,C7735932,1000.0,1,1
GRAETER NOIDA,C2031928,1000.0,1,1
HANUMAN TEMPLE HYDERABAD,C5832459,1000.0,1,1
HANUMAN TEMPLE RR DIST RANGAREDDY,C7514378,1000.0,1,1
HIGHWAY AHMEDABAD,C4741719,1000.0,1,1
HIGHWAY KANDIVALI E MUMBAI,C7213918,1000.0,1,1
HILL MUMBAI,C4229047,1000.0,1,1
HILLS HYDERABAD,C2921184,1000.0,1,1
HOUSE KALOOR ERNAKULAM,C6424385,1000.0,1,1
HYDERABAD 44,C1642725,1000.0,1,1
IND AREA HOSUR RD BANGALORE,C2918671,1000.0,1,1
IND EST ANDHERI (W) MUMBAI,C2529669,1000.0,1,1
JALALABAD WEST,C9038050,1000.0,1,1
JALARAM STORES MUMBAI,C3131282,1000.0,1,1
JALNDHAR,C2534630,1000.0,1,1
JEHANGIR HOSPTL PUNE,C8012978,1000.0,1,1
JOGESHWARI E MUMBAI,C4914434,1000.0,1,1
KADRI MANGALURU,C3756774,1000.0,1,1
KANDIVALI EAST,C8820788,1000.0,1,1
KANGHTALI,C3329929,1000.0,1,1
KANSHIRAM NAGAR,C4834276,1000.0,1,1
KHAIR,C1313227,1000.0,1,1
KHARKHARA,C8222465,1000.0,1,1
KOZHUVANAL,C1495679,1000.0,1,1
KRISHNA DT,C5316341,1000.0,1,1
KURUNG KUMEY,C6828382,1000.0,1,1
LALKUAN,C6996712,1000.0,1,1
LALLAGUDA NEAR RRB HYDERABAD,C7939445,1000.0,1,1
LAXMIGANAPATHI TEMPLE RANGAREDDY,C5414883,1000.0,1,1
LAYOUT BANGALORE NORTH,C8191414,1000.0,1,1
LAYOUT BOGADHI MYSORE,C7431270,1000.0,1,1
LOWER PAREL WEST MUMBAI,C5627792,1000.0,1,1
LUCKNOE,C8143975,1000.0,1,1
MADHUBAN TOWNSHIP,C4131787,1000.0,1,1
MADURAI CITY,C6515286,1000.0,1,1
MAHABUBABAD,C3333243,1000.0,1,1
MAHALAKSHMIPURAM BANGALORE,C6915365,1000.0,1,1
MAHASAMUND,C1113681,1000.0,1,1
MANANTHAVADY,C2237016,1000.0,1,1
MANDI GURHARSAHI,C2232246,1000.0,1,1
MANDIGOBINGARH,C1495263,1000.0,1,1
MCDONALDS MUMBAI,C8623523,1000.0,1,1
MILAN INDUSTRIES KALACHOWKI MUMBAI,C3222843,1000.0,1,1
MORAR GWALIOR,C1125482,1000.0,1,1
MUZAFFARNAGAR MUZAFFARNAGAR,C5034349,1000.0,1,1
NAGAR (MOHALI) KURALI,C5428682,1000.0,1,1
NAGAR GREATER NOIDA,C8542171,1000.0,1,1
NAGPUR WARD NO 49 NAGPUR,C6562614,1000.0,1,1
NAMAKKAL (DT),C7627556,1000.0,1,1
NASEERA BAD MASJID BHIWANDI,C5322873,1000.0,1,1
NAVI MUMABI,C5331028,1000.0,1,1
NEAR METRO SUPER MARKET HYDERABAD,C4622112,1000.0,1,1
NELLORE DARGAMITTA,C1923170,1000.0,1,1
NISRALE,C5015828,1000.0,1,1
OSL TOWER II CUTTACK,C5811387,1000.0,1,1
PANOOR,C1641386,1000.0,1,1
PARAPALAYAM TIRUPUR,C9026175,1000.0,1,1
PARASWADA DIST BALAGHAT,C5314923,1000.0,1,1
PENDURTHI,C1510987,1000.0,1,1
PETROL PUMP AHMEDABAD,C4712360,1000.0,1,1
PHATA NASHIK,C1611134,1000.0,1,1
PITAMPURA,C7332451,1000.0,1,1
PUDUKKOTTAI,C5555451,1000.0,1,1
PUNJAB NANGAL,C5910983,1000.0,1,1
RAJAH RAJAHMUNDRI,C8329933,1000.0,1,1
RAMAN MADI,C1311083,1000.0,1,1
RANGA REDDY DISTRICT,C2434774,1000.0,1,1
RESTAURANT MUMBAI,C3731091,1000.0,1,1
RIFFA,C7033526,1000.0,1,1
ROAD ABOVE SUZUKI BANGALORE,C7313535,1000.0,1,1
ROAD GUNJAN VAPI VAPI,C5724440,1000.0,1,1
S K NAGAR,C7533872,1000.0,1,1
SAFED POOL KURLA ANDHERI RD MUMBAI,C7225283,1000.0,1,1
SHRIGONDA,C3020942,1000.0,1,1
SIDHPUR,C7022655,1000.0,1,1
"SION EAST, MUMBAI",C7441957,1000.0,1,1
SIVER PLAZA MIRA ROAD EAST THANE,C8836674,1000.0,1,1
SOCIETY NO 4 MUMBAI,C4778529,1000.0,1,1
SRIPRUMBUDUR,C1198165,1000.0,1,1
SWAAI MADHOPUR,C7966315,1000.0,1,1
SWARUPNAGAR,C5411555,1000.0,1,1
T MHALAUGE TEHSIL AMBEGAV PUNE,C5012045,1000.0,1,1
TAMIL NADU  HOSUR,C4325526,1000.0,1,1
TARAN TARAN,C5610272,1000.0,1,1
TARAPUR APP THANE THANE,C2629414,1000.0,1,1
TEMPLE PUNE,C3331329,1000.0,1,1
THEKKUMBHAGAM,C1723773,1000.0,1,1
THIRUPPUR,C4520947,1000.0,1,1
ULHASNAGAR 3 THANE,C4834230,1000.0,1,1
UTTALI SATNA,C3734641,1000.0,1,1
UTTARA HALLI MAIN RD BANGALORE,C4212833,1000.0,1,1
VADSAR 40 MEETER RING ROAD VADODARA,C7114071,1000.0,1,1
VANASTALIPURAM K V RANGAREDDY,C2832414,1000.0,1,1
VARTAK NAGAR THANE,C3020684,1000.0,1,1
VIDHALAYA NOIDA,C2514621,1000.0,1,1
VIDYANJALI SCHOOL BANGALORE,C2628360,1000.0,1,1
VISAKHAPATNAM (URBAN) VISAKHAPATNAM,C1756544,1000.0,1,1
W G DISTRICT (WEST GODAVARI),C2741152,1000.0,1,1
W OPP PENINSULA CORP PARK MUMBAI,C2326561,1000.0,1,1
WANOWRIE PUNE,C3918350,1000.0,1,1
WILSON GARDEN BANGALORE,C3541852,1000.0,1,1
YERRAVARIPALEM,C4392478,1000.0,1,1
ANKOLA,C2438814,999.0,1,1
FARM OLD BOWENPALLY TIRUMALAGIRI,C7118216,999.0,1,1
KUNDLI,C6020786,999.0,1,1
MAKARABA AHMEDABAD,C6848761,999.0,1,1
MURGASOL,C2440949,999.0,1,1
PALAKAD DT,C5124759,999.0,1,1
PHASE-1 HINJEWADI PUNE,C3037381,999.0,1,1
PRAMUKH PARK SURAT,C6842228,999.0,1,1
PURA BANGALORE,C4692839,999.0,1,1
UDAM SINGH NAGAR,C5439261,999.0,1,1
VASAI RD W,C3330413,999.0,1,1
ZADGAON,C4215131,999.0,1,1
THANE P O BHAYANDER (E) THANE,C3027190,998.9,1,1
STATION GURGAON,C6320324,998.0,1,1
BORIAVI ANAND,C5739472,995.0,1,1
HOSANAGARA,C6337935,995.0,1,1
KOVVUR,C5392626,995.0,1,1
CHAPAD,C3415737,994.0,1,1
DARGAMITTA,C3022224,994.0,1,1
KARMAGORA JEALGORA DHANDBAD,C5813217,994.0,1,1
KHACHROD,C1914831,993.35,1,1
KOLLEGAL,C2317622,993.3,1,1
BADLAPUR KULGAON THANE,C7534573,992.49,1,1
HILLTOP NAGPUR,C5434944,992.0,1,1
COMPLEX LALJI PADA MUMBAI,C3415365,990.0,1,1
STATION KAUSHAMBI,C6119219,990.0,1,1
U J B UDYAN MUMBAI,C2962560,989.0,1,1
VANDIPPERIYAR PANCHAYATH,C2136323,989.0,1,1
MANNADY CHENNAI,C5067491,988.0,1,1
PARAVUR,C6035025,984.0,1,1
TEH PAURI PAURI GARHWAL,C5138625,983.0,1,1
BRIDGE SANTACRUZ E MUMBAI,C8530927,981.0,1,1
PRIMARY SCHOOL HYDERABAD,C3269480,980.0,1,1
VIRUDHU NAGAR,C5742372,980.0,1,1
SAHIBJADA AJITSINGHNAGAR,C1026748,979.0,1,1
VILL KR PURAM HOBLI BANGALORE,C3319564,976.35,1,1
JODHPUR JODHPUR,C1026913,976.0,1,1
GATE SAHAKARNAGAR BANGALORE,C1196344,975.0,1,1
LUNGLEI,C7817536,975.0,1,1
PHASE II GURGAON,C6942180,975.0,1,1
NEAR SWIMMING POOL AREA,C8715411,973.0,1,1
PETHAPUR GANDHI NAGAR,C4724276,973.0,1,1
JAMNER,C8965432,972.12,1,1
UDAIPURA,C4224417,972.0,1,1
HALL NEAR HYDERABAD,C8187611,970.76,1,1
ANDHERI LINK ROAD ANDHERI W MUMBAI,C7765125,970.0,1,1
VILLAGE MALAD EAST MUMBAI,C4527846,970.0,1,1
VIRAR E PALGHAR,C5230681,970.0,1,1
T-3 NEW DELHI,C8011427,967.0,1,1
BHUBANESWER,C5719741,963.73,1,1
OT CHENNAI,C2543858,963.5,1,1
HILL GOREGAON (W) MUMBAI,C4424573,962.41,1,1
GHATAL,C1842726,960.55,1,1
BHIWARA,C1520813,960.0,1,1
BORCHEM CARANZALEM,C5433542,960.0,1,1
NAGPURRASTRA,C4823015,960.0,1,1
PAREL E MUMBAI,C1926425,960.0,1,1
DISTRICT-RANCHI,C4514018,959.8,1,1
KALYAN THANE KALYAN,C2815974,959.0,1,1
RAIGARH NAVI MUMBAI,C5237820,956.63,1,1
CAMBRIDGE SCHOOL MUMBAI,C5483218,956.0,1,1
JHARIA,C1942241,956.0,1,1
MIRAROAD EAST THANE,C3711557,954.85,1,1
SAMITY CHANDANNAGAR,C6124256,954.0,1,1
TO 11TH CROSS BANGALORE,C1237214,954.0,1,1
COLVA,C6125381,953.0,1,1
FUNCTION HALL VAYUPURI HYDERABAD,C2314755,953.0,1,1
SBK IIND STAGE BANGALORE,C3342477,951.0,1,1
CHINCHBUNDER  MUMBAI,C1433177,950.0,1,1
MANESAR,C1029042,950.0,1,1
NANDALUR,C4041727,950.0,1,1
TARA VIDHYALAY SURAT,C3616036,950.0,1,1
TEMPLE MUMBAI,C1125845,950.0,1,1
VEMAGIRI,C6032358,950.0,1,1
VIJAYAWADA URBAN,C4545162,950.0,1,1
DOUBLE RD BANGALORE,C8416770,948.61,1,1
CIRCLE ST THOMAS TOWN PO BANGALORE,C6021159,948.0,1,1
PALAMANER,C5441845,948.0,1,1
SAROOR NAGAR,C4427333,947.0,1,1
SOMESWARAPURAM TUMKUR,C8135615,945.0,1,1
VASIND,C6151972,945.0,1,1
CHANGANASSSERY,C6424641,944.0,1,1
PURWI CHAMPARAN,C2972475,943.0,1,1
DMART THANE,C2437749,940.0,1,1
NR FISH MARKET MUMBAI,C6929840,940.0,1,1
ANTARJAL,C2220026,938.0,1,1
MUMBAI SUBURBAN MUMBAI,C4223923,937.0,1,1
RAS AL KHAIMAH,C4928277,936.35,1,1
A AND N ISLANDS,C4320666,935.0,1,1
MUMBAI JUHU SCHEME,C2128270,935.0,1,1
CASTLE PANCHAVATI NASHIK,C1735444,930.0,1,1
FARM PUNE,C8426877,930.0,1,1
PERUVAYAL,C3634561,929.0,1,1
TANSHIPUR TEHSIL ROORKEE NR SCHL,C3233137,927.05,1,1
KANYAKUMARI DT,C3264981,927.0,1,1
KATEMANIVALI KALYAN THANE THANE,C2832030,927.0,1,1
UMED SWEETS PUNE CITY SWARGATE PUNE,C7931275,927.0,1,1
NAGAR NAGPUR,C2413217,926.0,1,1
PIDUGURALLA,C1338460,926.0,1,1
SHRIMUKTSAR SAHIB,C3056756,926.0,1,1
ELECTRONIC CITY P O BANGALORE,C1233370,925.0,1,1
KHARGAPUR,C8440682,925.0,1,1
EVARARD NAGAR SION E MUMBAI,C1641765,924.0,1,1
MIHIJAM,C2117648,924.0,1,1
BADSHAPUR,C5632769,920.0,1,1
TENKASI,C5293549,920.0,1,1
TITAGARH,C1638251,920.0,1,1
VILLAGE KR PURAM HOBLI BANGALORE,C7811580,920.0,1,1
GANTOK,C8441449,919.76,1,1
THANE BELAPOUR RD MIDC NAVI MUMBAI,C6292385,918.7,1,1
VASAI MUMBAI,C6370011,915.0,1,1
KILKUNDAH,C4737629,914.0,1,1
PUMP MHAPE NAVI MUMBAI,C8310591,914.0,1,1
MIRZAPAR,C6537440,911.6,1,1
COMPANY MUMBAI,C3417031,910.0,1,1
NEAR WATER TANK HYDERABAD,C4432077,910.0,1,1
OSHIWARA ANDHERI W MUMBAI,C5735557,910.0,1,1
TALUKA-ANJAR GANDHIDHAM,C3941188,909.75,1,1
SBI BANK MUMBAI,C8223613,909.64,1,1
PARSAON,C1130392,909.32,1,1
GHAZIABAD (NCR),C4224339,908.0,1,1
ARMOOR,C2922031,907.0,1,1
GOPALPUR,C5019231,907.0,1,1
NANGAL TOWNSHIP,C1926921,907.0,1,1
DRINK BHIWANDI,C1321846,905.0,1,1
BUDRUK,C1631920,904.64,1,1
CHEMBUR TILAK NAGAR MUMBAI,C5588124,904.0,1,1
RASULIYA,C4613761,904.0,1,1
BEKHAMPUR,C4217925,903.0,1,1
WATER PARK-THANE W,C1547883,902.65,1,1
ROORKEE HARIDWAR,C7471650,902.52,1,1
DEHAT,C3536879,902.0,1,1
DLAPAZHA,C1538654,902.0,1,1
NXT TO JEHANGIR HOSPITAL PUNE,C3716186,902.0,1,1
NOWGAON,C6749429,900.71,1,1
ASSOCIATION KOLKATA,C3168367,900.0,1,1
BORIVALI (W) MUMBAI,C8411070,900.0,1,1
CHIRAG MOTORS SION E MUMBAI,C5049238,900.0,1,1
FARIDABAD FARIDABAD,C6518983,900.0,1,1
GUWAHATI KAMRUP,C8483433,900.0,1,1
JWELLERS THANE,C3477851,900.0,1,1
KRISHNARAJPET,C1115688,900.0,1,1
MAYUR NAGAR GOREGAON EAST MUMBAI,C1874573,900.0,1,1
MUMBAI GOREGAON EAST,C3024964,900.0,1,1
MUNNAR,C7624115,900.0,1,1
NAGAR BALTANA,C2919446,900.0,1,1
NEVILLE HOUSE THANE,C3818347,900.0,1,1
READING,C8110114,900.0,1,1
"SAFED POOL A K RD ANDHERI E,MUMBAI",C1041943,900.0,1,1
SAKINAKA JUNCTION  ANDHERE E MUMBAI,C8338571,900.0,1,1
SALVADOR DO MUNDO,C7313641,900.0,1,1
SARJAPUR MAIN ROAD BANGALORE,C8836417,900.0,1,1
SCHOOL BURDWAN,C5340361,900.0,1,1
SHOP NOIDA,C2839553,900.0,1,1
STILLORGAN,C5225838,900.0,1,1
KOTAGIRI,C8428642,899.0,1,1
MULBAGAL,C4730086,899.0,1,1
RING RD DEMLUR AREA BANGALORE,C5923835,899.0,1,1
GUDIVADA,C4558176,898.0,1,1
COMPANY MORADABAD,C5318735,896.0,1,1
MANDAPAM CHENNAI,C1430466,896.0,1,1
PAYYAVOOR,C8511638,896.0,1,1
EZHUPUNNA ALAPPUZHA,C3542217,895.0,1,1
RD NR KRISHNA SAGAR HOTEL KALYAN E,C3341412,895.0,1,1
SHARJAH KARAMA,C8335367,895.0,1,1
HOSPET,C3632747,893.0,1,1
SALEEM DS,C6232824,893.0,1,1
ARAKKONAM,C8020638,892.0,1,1
BHIWANDI THANE DIST,C5414927,891.74,1,1
BUNGLOW MHADA ANDHERI W MUMBAI,C2310542,890.0,1,1
MIRA ROAD EAST THANE,C8312136,890.0,1,1
NORTH 24 PARGANAS JYANGRA,C7827211,890.0,1,1
CENTRAL POST OFFICE JAVAL MUMBAI,C1524736,889.99,1,1
GLASGOW,C8836856,889.03,1,1
SECTOR-14 CBD BELAPUR,C6630839,888.11,1,1
GALIVEEDU,C7787350,888.0,1,1
BANK VISAKHAPATNAM,C5622760,885.0,1,1
PHURSUNGI PUNE HAVELI PUNE,C1414314,884.08,1,1
ANDHERI E,C6231772,884.0,1,1
THANE BOISAR WEST,C7015227,884.0,1,1
DENKANIKOTTAI,C2039414,882.0,1,1
AMBERNATH EAST,C7124982,881.45,1,1
CHANDLODIYA AHMEDABAD,C2034157,880.0,1,1
DEVERABE SANAHALLI VILL BANGALORE,C3216343,880.0,1,1
SWAIMADHOPUR,C8575152,880.0,1,1
EDAICODE,C8412075,877.0,1,1
GHAZIAHBAD,C8619990,877.0,1,1
HIGHCOURTJABALPUR,C3416862,876.8,1,1
CHANGA,C6029964,876.31,1,1
BIJPUR,C5511481,875.0,1,1
NARSINGHPUR,C6130683,875.0,1,1
SHANKAR MUMBAI,C5819116,875.0,1,1
THERUMMAL,C7613991,874.0,1,1
BORIVALI E,C1818645,873.96,1,1
CENTER SANT NAGAR PUNE,C5923231,871.0,1,1
EXTON,C1713361,871.0,1,1
BADAPARA,C5388447,870.0,1,1
BAPATMARG LOWER PAREL MUMBAI,C2827192,870.0,1,1
HUKERI,C2829280,870.0,1,1
RAIGAD PANVEL,C6424526,870.0,1,1
SHOPPING COMPLEX THIRUVANATHAPURAM,C1971849,870.0,1,1
RUKMINI COLONY ULSOOR BANGALORE,C3224556,869.0,1,1
SATIVALI VASAI E THANE,C8618460,869.0,1,1
KANCHIPURAM DIST,C7023769,867.0,1,1
PENNAGARAM,C3420651,866.0,1,1
UTKOOR,C6226017,865.0,1,1
BHAYANDER E,C5923016,864.0,1,1
GHATKOPAR(W) MUMBAI,C6233789,863.0,1,1
V MUMBAI AGRA ROAD NASHIK TEHSIL,C3457690,863.0,1,1
METTUPALAYAM,C6526212,862.0,1,1
STORE KAIKONDARAHALLI BANGALORE,C3437368,862.0,1,1
SOUTH WEST DELHI NEW DELHI,C8736930,861.4,1,1
KANJURMARG EAST,C2217020,861.14,1,1
BAZAR AMBARNATH THANE,C1910080,860.0,1,1
CHINNAPANAICKENPALAYAM CUDDALORE,C1433891,860.0,1,1
SAMASTIPUR SAMASTIPUR,C3621569,860.0,1,1
TEHSIL-DIDIHAT PITHORAGARH,C1319567,860.0,1,1
RAILWAY STATION (ASSAM) DIBRUGARH,C5429431,859.77,1,1
BALOTARA,C1015058,859.0,1,1
MURSHIDABA,C1022222,859.0,1,1
BORDA MARGAO SALCETE,C4735834,857.0,1,1
HUSSAFAH,C3541173,857.0,1,1
HYDERABAD RANGAREDDY,C6413989,857.0,1,1
PARK PHASE-1 HINJEWADI WADI PUNE,C7516427,857.0,1,1
ANDHERI E B/H AKRUTI STAR MUMBAI,C7218913,856.26,1,1
ALMORA BHIKIYASEN,C4599836,856.0,1,1
PALAVAYAL,C8729782,856.0,1,1
MYSORE NAZARABAD,C5538446,855.0,1,1
BASAWESHWAR NAGAR BANGALORE,C3129022,854.0,1,1
KASARAGODE,C5730062,854.0,1,1
CHIKKKABALLAPUR,C7015857,853.0,1,1
MARIAHU,C1517977,853.0,1,1
KONAPPANA AGRAHARA BANGALORE,C2232080,852.0,1,1
TRIMULGHERRY HYDERABAD,C3011378,850.64,1,1
HOTEL BANGALORE,C1624121,850.58,1,1
BHAJJU,C2410016,850.0,1,1
BUSINESS PARK MUMBAI,C5029255,850.0,1,1
GOREGOAN (EAST) MUMBAI,C3389751,850.0,1,1
PARA KOLKATA,C7320319,850.0,1,1
S O THANE NAVI MUMBAI,C1752437,850.0,1,1
TELANGANA HYDERABAD,C7833125,850.0,1,1
DHARAMSALA,C8740763,849.0,1,1
MOGAR,C1528681,849.0,1,1
VASAI (W) THANE,C8427263,848.69,1,1
DHURWA,C2868229,848.01,1,1
AIROLI MUMBAI,C6126330,847.0,1,1
KANIYAKUMARI,C6742153,847.0,1,1
KAMRUP (METRO) DIST,C6796160,846.51,1,1
CUDDALORE DIST,C5419170,846.0,1,1
MUMBAI AZAD NAGAR MUMBAI,C1319662,845.0,1,1
MANDAL K V RANGAREDDY HYDERABAD,C4312592,844.76,1,1
JAIPUR HIGHWAY GURGAON,C7839712,843.0,1,1
VASAI BASEEIN ROAD VASAI THANE,C8720989,843.0,1,1
POLUR,C1639276,842.0,1,1
RAIGADH,C8558962,841.89,1,1
VAJAN KATA PUNE,C8224664,840.13,1,1
JOGESHWARI (WEST) MUMBAI,C7025918,840.0,1,1
PREMISES ULHASNAGAR,C2232621,840.0,1,1
VAISHALI VAISHALI,C4332780,840.0,1,1
YEHAKANKA BANGALORE,C1568374,840.0,1,1
KAMGAR HOSPITAL MUMBAI,C8910436,839.0,1,1
WARJE PUNE,C7013677,838.25,1,1
KOTTANGAL,C4740886,838.0,1,1
MANAPAKKAM,C7413122,837.0,1,1
TIRUPATI (RURAL),C6817971,835.0,1,1
BAULPUR,C8513712,834.0,1,1
MALIGRAM,C6348884,832.0,1,1
DISTT LATUR LATUR,C8212392,831.75,1,1
METRO STATION DELHI,C8633462,830.5,1,1
KAYANI NAGAR PUNE,C5894682,830.4,1,1
ALBION,C1117345,830.0,1,1
SHERI KALYANI NAGAR PUNE,C1630689,830.0,1,1
UTTARPARA,C7632322,830.0,1,1
VASNA,C5635657,830.0,1,1
VILE PARLE WEST,C6999825,830.0,1,1
BELLENDUR POST BANGALORE,C8038168,829.0,1,1
NR CHUNABHATTI DEPO AND STN MUMBAI,C6039724,828.05,1,1
ANDAL BURDWAN,C8420132,828.0,1,1
ANUPSHAHR,C7939565,827.13,1,1
HYDERABAD PATNAM,C2731770,825.0,1,1
SIVAKASI TK,C9019627,824.0,1,1
DIGHA THANE NAVI MUMBAI,C9024745,823.2,1,1
HOSHIAR PUR,C7732763,821.0,1,1
RAIBAREILY,C6276628,820.0,1,1
ROAD EMP ID P11581 BANGALORE,C7629369,820.0,1,1
JAGATSINGHAPUR,C8132551,818.0,1,1
DISTT MUMBAI SUBURBAN DIST(MH),C2521935,816.76,1,1
PLESEANT PARK MIRA RD THANE,C3920431,816.58,1,1
CLASSES MUMBAI,C5825560,816.0,1,1
THALASSERY MUNICIPALITY,C8226987,816.0,1,1
SHANKHWALI,C7532260,813.67,1,1
PARK III GREATER NOIDA,C3923411,813.6,1,1
WALLISELLEN,C5426069,812.19,1,1
MAHISAGAR,C5122075,812.0,1,1
BAHARAICH,C2312381,810.0,1,1
DIST BIKANER,C1728529,810.0,1,1
KALIGIRI,C1219131,810.0,1,1
JHANDUTA,C3017338,809.2,1,1
SUBURBAN MUMBAI,C4039684,809.2,1,1
PAREDE MUMBAI COLABA,C2531934,809.0,1,1
DINDIGUL DISTRICT,C5122968,808.0,1,1
MANDIR HATIARA NORTH 24 PARGANAS,C7213425,807.93,1,1
SAIDPUR,C4934977,807.5,1,1
KARIMNAGAR DT,C5920678,807.0,1,1
NEYYOOR POST,C6425288,805.9,1,1
ARACKULAM,C4927226,805.0,1,1
TILAKNAGAR,C2129918,804.3,1,1
AL AIN,C1919486,803.0,1,1
GARHWAL TEHRI,C2642936,803.0,1,1
SARAGADA,C7530162,803.0,1,1
EXTN-2 SHAKARPUR  DELHI,C8926476,801.0,1,1
NEAR SRIYA SQUARE BHUBANESHWAR,C6217311,801.0,1,1
OPP LAKE CITY MALL (W) THANE,C8528160,801.0,1,1
283984 DUBAI UAE DUBAI,C2133728,800.0,1,1
A TEMPLE HYDERABAD,C1833461,800.0,1,1
BELATHUR,C7849541,800.0,1,1
BHAWANIPATNA,C7616773,800.0,1,1
BHAYANDER,C9019319,800.0,1,1
CHIMBLI PHATA PUNE,C3819530,800.0,1,1
COMPLEX PUNE,C6633152,800.0,1,1
INDIA BANGALORE,C5780875,800.0,1,1
JHAYESI,C6820884,800.0,1,1
KARANTHNAGAR BANGALORE,C8533888,800.0,1,1
KATEMANIVALI THANE KALYAN THANE,C3515727,800.0,1,1
KHAR KHAR DELIVERY MUMBAI,C6713429,800.0,1,1
MEDAVAKKAM CHENNAI,C2930926,800.0,1,1
MUMBAI HIGHWAY PUNE,C6911576,800.0,1,1
NALASOPRA EAST,C2745314,800.0,1,1
NAMASKAR APARTMENT MUMBAI,C1111551,800.0,1,1
NAVI UMBAI,C3336737,800.0,1,1
OPP NAAZ HOTEL MUMBAI,C7815377,800.0,1,1
PALAYAM COIMBATORE,C8411656,800.0,1,1
SALAI CHENNAI,C2318920,800.0,1,1
SARJAPURA OUTER RING RD BANGALORE,C8336868,800.0,1,1
SIGNAL CHENNAI,C7495887,800.0,1,1
UCHANA,C3911821,800.0,1,1
VIDYAMANDIR SOUTH 24 PARGANAS,C4247352,800.0,1,1
VILLAS PHASE 2 HYDERABAD,C3727757,800.0,1,1
YADQIR,C4239653,800.0,1,1
JAJPUR(DISTRICT),C2422618,799.65,1,1
NAGAON DIST,C2531554,799.5,1,1
(THANE),C5820291,799.08,1,1
GLENGOWRIE,C2335719,799.0,1,1
MANDAPESHWAR MUMBAI (SUBURBAN),C1636770,799.0,1,1
MANDIR  NAGPUR,C5921633,799.0,1,1
THANJVUR,C7310018,799.0,1,1
SULDUNG,C2219289,798.51,1,1
MALUGRAM SILCHAR,C1179284,796.91,1,1
VIVEKANAND STATUE DURGAPUR,C8242756,796.0,1,1
THAKURLI EAST THANE,C1814552,795.3,1,1
BAPAT MARG LOWER PAREL WORLI,C7916892,795.0,1,1
HOTEL BANER PUNE,C3332066,795.0,1,1
KANDIVALI-E MUMBAI,C5170745,795.0,1,1
KARKHANA HYDERABAD,C6729415,795.0,1,1
SURYAPET NALGONDA (DT),C2037465,795.0,1,1
SANKARANDAMPALAYAM,C7515833,794.0,1,1
ELCO MARKET BANDRA (W) MUMBAI,C3110566,792.0,1,1
KOVAIPUDUR,C9011380,792.0,1,1
MAHA RAJA HOTEL HYDERABAD,C8468771,791.0,1,1
MANDIR GOHANA,C1747770,791.0,1,1
ZADESHWAR,C1413454,791.0,1,1
GAYATRI TEMPLE SURAT,C8242157,790.0,1,1
MUNDGOD,C1523217,790.0,1,1
KASARGODE (DIST),C1530386,789.0,1,1
TATANAGAR,C7415989,789.0,1,1
KALEWADI VILL/TOWN/CITY PUNE,C6241261,788.76,1,1
DISTRICT KENDRAPARA,C6440864,787.0,1,1
KRISHNA HOTEL NAVI MUMBAI,C1822641,787.0,1,1
GUTHANISIWAN,C2014550,785.95,1,1
ICHALAKARANJI,C1315491,785.4,1,1
TALUK CHENNAI DISTRICT CHENNAI,C4725869,785.0,1,1
JUBBAL,C2128726,784.62,1,1
3RD FLR HYDERABAD,C5957944,784.0,1,1
EAST MIRA BHAYANDER MIRA ROAD THANE,C6137656,784.0,1,1
GONTUVANI PALEM,C7922165,784.0,1,1
PUMP CHAKALA ANDHERI E MUMBAI,C1510358,784.0,1,1
MANTAPAM HOSUR,C7813325,783.0,1,1
DHAMLEY,C8228629,782.0,1,1
ERNAKULAM DT,C8841789,781.0,1,1
SANGANER JAIPUR,C3339247,780.18,1,1
HAZARIBAG,C8117283,780.0,1,1
INDIA VADODARA,C8429888,780.0,1,1
MANESAR GURGAON,C4567739,780.0,1,1
RANNI,C8241615,780.0,1,1
NAVI MUMBAI NERUL NODE 3 THANE,C8534124,779.65,1,1
BASSEIN ROAD THANE,C1130325,779.64,1,1
KARVIR KOLHAPUR KOLHAPUR,C5516012,778.0,1,1
RESTARENT PUNE,C8938847,778.0,1,1
CHUNNABHATTI SIGNAL MUMBAI,C5133090,777.0,1,1
DIST UKHRUL,C7428875,777.0,1,1
BHAYA SONPUR,C6424382,776.0,1,1
VILLIPURAM DIST,C1471270,775.0,1,1
SCIENCE NAVI MUMBAI,C6136043,774.0,1,1
HERO HONDA SHOW ROOM HOSUR,C7235422,773.59,1,1
STORE GWALIOR,C2140562,773.51,1,1
RUDRAPUR DIST U S NAGAR RUDRAPUR,C6534533,772.0,1,1
PAULS HIGH SCHOOL MIRA ROAD E THANE,C1624464,771.0,1,1
RAIKOT,C7237923,770.0,1,1
SOPARA  MUMBAI,C6937335,770.0,1,1
THANE ULHASNAGAR,C2138476,770.0,1,1
VPO WAZIRABAD,C7018845,770.0,1,1
MAHUAR,C8610577,769.0,1,1
KHUSKHERA,C7496559,768.0,1,1
EXCHANGE RD ANDHERI E MUMBAI,C2619471,767.0,1,1
APPT BANGALORE NORTH BANGALORE,C6512127,764.28,1,1
BANLA DIST,C7735532,764.1,1,1
AUTO GUARAGE THANE,C3932686,763.97,1,1
MAHENDER GARH,C5818217,762.95,1,1
MEERA BAI HOSPITAL HOSUR,C5763635,762.87,1,1
KUNDAPUR,C7373737,761.0,1,1
AAREYMILK COLONY MUMBAI,C1513259,760.77,1,1
BACKSIDE HUBLI,C5131075,760.0,1,1
STATION SOUTH 24 PARGANAS,C4682233,760.0,1,1
PUNIGAM,C4131312,758.0,1,1
KOVVUR WEST GODAVARI,C2633776,757.4,1,1
SANGRUR PUNJAB DHURI,C1832368,756.0,1,1
TIRUVANNAMAI,C4515263,756.0,1,1
JOSHI RD ELPHINSTONE MUMBAI,C1459587,755.0,1,1
TEHRIGARHWAL,C8131714,755.0,1,1
MADURAI (DT),C4738714,754.45,1,1
DHUPGURI,C6937686,753.0,1,1
TALUK KANCHIPURAM DIST,C5121175,752.5,1,1
VELACHERY CHEENNAI,C1039645,750.49,1,1
BETTIAH,C6587257,750.0,1,1
BHYANDAR E THANE,C1242131,750.0,1,1
CHANANACHERRY,C6125614,750.0,1,1
CHOWKI BAVDHAN PUNE,C2939457,750.0,1,1
DEPALPUR,C7242063,750.0,1,1
DISTT PANIPAT PANIPAT,C4342116,750.0,1,1
ELPHINSTON (W),C5635218,750.0,1,1
KOLHAPUR RANGOLI,C5330154,750.0,1,1
MALAD(W) MUMBAI,C8323931,750.0,1,1
MORMUGAO SOUTH GOA,C7965712,750.0,1,1
NAGAR BUS STOP HYDERABAD,C5444429,750.0,1,1
RAJARAJESWARI NAGAR BANGALORE,C7729635,750.0,1,1
RATALAM,C3719461,750.0,1,1
ROAD KARELI BAUG VADODARA,C2986269,750.0,1,1
ROOM OPP AXIS BANK BRANCH MUMBAI,C6026661,750.0,1,1
TAL HAVELI DIS PUNE,C2721914,750.0,1,1
YOKOHAMA-SHI,C6726320,749.94,1,1
TA AND DIST-ANAND,C7014785,749.07,1,1
FLYOVER ROAD FARIDABAD,C7342436,749.0,1,1
ROAD BORIVALI-E MUMBAI,C6931466,749.0,1,1
DOMBIVALI (W) THANE,C1733634,748.6,1,1
HOTEL GREATER NODIA,C2530550,748.34,1,1
BALURGHAT,C7591042,748.0,1,1
DHANBAD NIRSA,C6242312,748.0,1,1
PAS BARMER BARMER,C5522018,747.68,1,1
BARODA-VADODARA,C5727049,747.0,1,1
E KALYAN TILAK NGR THANE,C8547547,747.0,1,1
KOVILPATTI,C6522358,747.0,1,1
NERUL NR POWER HOUSE NAVI MUMBAI,C8936641,746.9,1,1
KADIRI,C3317717,746.25,1,1
SONARPUR,C5417945,743.28,1,1
HOSPITAL THANE WEST,C7832472,743.0,1,1
VERSOVA ANDHERI WEST MUMBAI,C7114661,743.0,1,1
DHAKHOLI,C6530949,740.0,1,1
HOSPITAL ERNAKULAM,C1631274,740.0,1,1
RINGROAD VARTHUR HOBLI BANGALORE,C8231437,740.0,1,1
MAHIM,C5317644,737.0,1,1
EDARAPALLI,C2770615,736.0,1,1
MANDAWALI,C3040292,736.0,1,1
VIHAR THANE WEST,C5763918,735.9,1,1
LAUBANJ,C1029252,735.02,1,1
CENTRAL CAMERA BUILDING MUMBAI,C4094750,735.0,1,1
EAST MIRA BHAYANDER THANE,C1320560,735.0,1,1
INTERNATIONAL SCHOOL PUNE,C5226571,735.0,1,1
CO-OPERATIVE BANK DELHI,C4677856,734.0,1,1
KARODU,C2538264,733.0,1,1
NOKRA,C3133625,733.0,1,1
ELECTRIC VASAI,C1624884,731.95,1,1
VODAFONE MUMBAI,C1841143,731.0,1,1
DISTT MUMBAI MUMBAI,C5642668,730.0,1,1
GUIRIM BARDEZ,C7937675,730.0,1,1
JAMUL,C8439130,730.0,1,1
MEGHPAR BORICHI,C2830889,730.0,1,1
MUNICIPALITY KOLKATA,C6620861,730.0,1,1
MUMBAI CHINCHBUNDER MUMBAI,C4531716,727.0,1,1
SHANIMAHATHMA TEMPLE BANGALORE,C5731965,727.0,1,1
J P NGR 3RD PHASE BANGALORE,C1183365,726.0,1,1
NR ST JOSEPHS HIGH SCHOOL HYDERABAD,C8839845,726.0,1,1
DOMBVALI,C3683186,725.0,1,1
JB NAGAR CHAKALA ANDHERI E MUMBAI,C1427723,725.0,1,1
CHERUPUZHA,C8715566,724.0,1,1
NALLASOPARA EAST PALGHAR,C4327865,723.8,1,1
PUNKUNNU,C4029482,723.77,1,1
NANDIVALI KALYAN EST,C6342779,723.1,1,1
GWALIOR RESIDENCY,C5457216,723.0,1,1
BHOGPUR,C9024518,722.0,1,1
SUB URBAN MUMBAI,C8172816,720.4,1,1
AMBEWADI ANDHERI EAST MUMBAI,C3836170,720.0,1,1
AMBUR VELLORE,C3445916,720.0,1,1
BURARI NEAR NALA DELHI,C1015958,720.0,1,1
COLLEGE CHENNAI,C2632418,720.0,1,1
NR SANTOSHI MATA MANDIR DOMBIVALI W,C7226853,720.0,1,1
SALAI PUDUCHERRY,C4510143,720.0,1,1
TANUKU,C2127333,720.0,1,1
ZIRA,C7848946,720.0,1,1
PANIAPT,C6992792,718.0,1,1
TECHNO SCHOOL BANGALORE,C2724690,718.0,1,1
SHARMA GENERAL STORE GHAZIABAD,C7023141,717.0,1,1
NEYVELI TS,C4122954,715.0,1,1
QUTHBULLAPUR,C6837555,715.0,1,1
SAHAR RD ANDHERI (E) MUMBAI,C1914768,715.0,1,1
SHAHAR PUNE,C3316822,715.0,1,1
SRINGERI,C1434262,715.0,1,1
JUHU MUMBAI,C3532120,714.24,1,1
DODDAKALLASANDRA BANGALORE,C7539977,713.0,1,1
NIETAN PUBLIC SCHOOL DELHI,C8415426,712.0,1,1
MANI DAMAN,C1021428,711.3,1,1
ARUVAPPULAM,C1431929,711.0,1,1
GHODBUNDER ROAD THANE,C6787472,711.0,1,1
HEALTHCARE BACK VISAKHAPATNAM,C8155720,711.0,1,1
BUDAPEST,C6441784,710.75,1,1
CANACONA SOUTH GOA,C8516873,710.65,1,1
TAL DIST PALGHAR,C1235147,710.0,1,1
RENAPUR,C4535476,708.2,1,1
TALAKAVERI BANGALORE,C7637229,708.0,1,1
AMBAWADI,C8418290,705.0,1,1
JOYPUR,C4113071,705.0,1,1
TARAPORE GARDEN OSHIWARA MUMBAI,C7718566,704.0,1,1
MINTO BRIDGE NEW DELHI,C3125539,701.0,1,1
SAHIPURI,C8434471,701.0,1,1
CHICHWAD PUNE,C8727237,700.3,1,1
27B FARIDABAD,C8610234,700.0,1,1
BANK MUMBAI,C5626044,700.0,1,1
BEHIND SANGEETA MOBILES BANGALORE,C6727873,700.0,1,1
BHUNA,C2712451,700.0,1,1
BISALPUR,C7928291,700.0,1,1
CHANDRAPUR (MH) CHANDRAPUR,C6436638,700.0,1,1
DIDWANA,C8411286,700.0,1,1
DIST NAVSARI,C7223565,700.0,1,1
"DOMBIVALI -WEST,THANE",C6611233,700.0,1,1
HALL YAPRAL JAWAHANGR KV RANGAREDDY,C4067542,700.0,1,1
HOSAKEREHALLI BANGALORE,C7037365,700.0,1,1
ISLAMPUR NALANDA,C8378432,700.0,1,1
JALANDHAR CITY,C3942415,700.0,1,1
KOSAMBA,C8220092,700.0,1,1
MALAD WEST DELY WEST MUMBAI,C3433921,700.0,1,1
MUMBRA THANE,C8333926,700.0,1,1
NALASOPARA ( E ) THANE,C6328612,700.0,1,1
NASHIK 3,C7427328,700.0,1,1
NAVI KOPAR KHAIRANE,C3895490,700.0,1,1
NR UNITY HOSPITAL BANGALORE,C5634113,700.0,1,1
PALLIPALAYAM,C3023667,700.0,1,1
PATHANKOT PATHANKOT,C6117628,700.0,1,1
RAJKOT MAVDI,C4252859,700.0,1,1
SRIGANAGAR,C7032552,700.0,1,1
THIRUPATHI CHITTOOR,C5722686,700.0,1,1
UDAWADA,C2622826,700.0,1,1
PYDHONIE MUMBAI MUMBAI MANDVIMUMBAI,C5413633,699.3,1,1
BUNK PURVA VANTAGE APT BANGALORE,C4139531,699.0,1,1
GOVERDHAN CHOWK RAJKOT,C5932912,699.0,1,1
MARKET NASHIK,C1515140,699.0,1,1
SUPRE STORE BANGALORE,C3362225,699.0,1,1
SIVAGIRI,C4128574,698.0,1,1
TELANAGANA,C6534523,697.5,1,1
DISTT PUNE,C7536751,697.0,1,1
GROSSERY SHOP MEDINIPUR,C6413531,697.0,1,1
BARIGADE ROAD AREA BANGALORE,C5627139,696.95,1,1
ACANTT,C6490789,696.0,1,1
HUZUR,C3931118,696.0,1,1
KADAVUR TALUK,C6457232,695.0,1,1
N H NO 8 VAPI VAPI,C1617724,695.0,1,1
SHAMA,C2016869,695.0,1,1
UTHUKOTTA I,C4974954,695.0,1,1
YELLUKUNTE BANGALORE,C7137311,695.0,1,1
DAIRY DEPO HAORA,C1119188,693.0,1,1
BAHARACHHAT TEH MARIHAN MIRZAPUR,C1717073,692.0,1,1
KHORDA,C1021221,692.0,1,1
DHOOL SIRAS NEW DELHI,C1942232,691.0,1,1
BEHIND BIRLA TEXTILE BADDI,C6441618,690.0,1,1
KHAGUL PATNA,C6110775,690.0,1,1
PALANWA,C7320318,690.0,1,1
ROAD DELHI,C4668854,690.0,1,1
SHAHADA,C1712639,690.0,1,1
VILLAGE ROAD BANGLORE,C6139084,689.01,1,1
AMBARNATH EAST,C6031591,689.0,1,1
GOBARDANGA,C4240413,689.0,1,1
KAKHERI,C6959745,688.0,1,1
VILL K R PURAM HOBLI BANGALORE,C3312077,688.0,1,1
KANJURMARG W MUMBAI,C2641978,686.0,1,1
THANE KALYAN D C THANE,C8534029,686.0,1,1
CHOWK MOTA VARACHHA SURAT,C1720579,685.0,1,1
9 HOTEL PUNE,C5130324,683.0,1,1
PARK HYDERABAD,C3415375,683.0,1,1
BANGALORE DIST,C3012551,680.0,1,1
BHIMPUR,C2220932,680.0,1,1
KIDWAI NAGAR,C4639658,680.0,1,1
KANPUR DEHAT,C2140087,679.0,1,1
NAMAKKAL TK DT,C1231434,679.0,1,1
ABOVE YES BANK BANGALROE,C7166748,678.0,1,1
PO BHADRAKALI,C8824930,678.0,1,1
SATTUR,C4230954,678.0,1,1
RASIPURAM,C6727263,676.0,1,1
NARDIGANJ NAWADA,C3733125,675.75,1,1
BAHRAIN,C8736172,675.71,1,1
DADAR WEST MUMBAI,C8224274,675.0,1,1
KARANTH NAGAR BANGALORE,C1735962,675.0,1,1
NILAYAM HYDERABAD,C7615021,675.0,1,1
RANGA REDDY DIST,C7423591,675.0,1,1
DHARAVI EAST MUMBAI,C6923362,674.87,1,1
MAHALPAT KANGRA,C2016447,673.0,1,1
TECHNO SCHOOL VISAKHAPATNAM,C7420952,673.0,1,1
BACKSIDE TIRUPUR,C1125568,670.0,1,1
HOSPITAL VISAKHAPATNAM,C7020718,670.0,1,1
SHAHDARA S O EAST DELHI,C6818460,670.0,1,1
THE ACRCE CLUB CHEMBUR MUMBAI,C7285945,670.0,1,1
VELACHERY CHENNAI,C2334341,670.0,1,1
MAIN NAJAFGARH RD NEW DELHI,C6613533,669.0,1,1
NAMBOL,C7034371,668.0,1,1
NAZAFGARD,C1323442,668.0,1,1
KHOKHARA AHMEDABAD,C8128550,667.0,1,1
MATHURA ROAD FARIDABAD,C7839346,667.0,1,1
PARK BHAYANDAR EAST THANE,C4715429,667.0,1,1
HAVELI SOUTH OF MUTHA RIVER PUNE,C3534750,666.68,1,1
JC RESIDENCY MADURAI,C4717577,666.0,1,1
AMBARNATH THANE THANE,C3821019,665.0,1,1
TIRUVAURR,C1323541,664.0,1,1
CINEMA KIRTI NAGAR NEW DELHI,C1319477,663.09,1,1
VIRAR THANE,C3620724,662.44,1,1
(WEST) DIST PALGHAR PALGHAR,C5013523,662.31,1,1
CHIKKAMANGALORE,C2536530,662.0,1,1
NODE 3 NAVI MUMBAI,C6741070,662.0,1,1
PANNA,C1339732,662.0,1,1
GAON AIROLI NAVI MUMBAI,C8610254,661.29,1,1
(METRO) NR RAM MANDIR KAMRUP(METRO),C1023655,661.0,1,1
ERODE DT,C2023284,660.26,1,1
GREATOR NOIDA WEST,C7945832,660.0,1,1
IT SOLUTIONS BANASWADI BENGALURU,C3940037,660.0,1,1
RESIDENCY HOTEL BANGALORE,C6392622,660.0,1,1
BAMBOLIA,C1312236,659.0,1,1
KATEMANIVALI KALYAN THANE,C9024884,659.0,1,1
CHOMO JAIPUR,C2081611,658.39,1,1
B LORE NORTH BANGALORE,C7039719,658.0,1,1
MYSORE BANGALORE,C6560455,658.0,1,1
RADPURA,C1420332,658.0,1,1
JAFRABAD,C1314213,657.0,1,1
NALLOSOPARA E THANE,C4839325,655.61,1,1
CHOONDAL PANCHAYATH,C3721829,655.0,1,1
PRAKASAM DIST,C8839837,655.0,1,1
ALLOOR,C6724677,654.0,1,1
ESANTHIMANGALAM,C1815686,653.75,1,1
ICHALKARANJI,C7742989,653.6,1,1
RAMANGARAM,C3820077,653.0,1,1
SALEM RURAL,C5038915,653.0,1,1
CITY AHMEDABAD,C3025562,652.57,1,1
BAHADUR GARH,C8622186,652.0,1,1
OPP HDFC BANGALORE,C1340570,652.0,1,1
DERABASSI ZIRAKPURI,C8724387,651.0,1,1
MAZHAVANTHANGAL VILLAGE,C5214025,651.0,1,1
ROAD OPP FUN CINEMA NEW DELHI,C3625261,650.34,1,1
ADARSH NAGAR PUNE,C6925357,650.0,1,1
DANDELI,C4717484,650.0,1,1
KORMANGALA 1ST BLOCK BANGLORE,C8410238,650.0,1,1
MHOLEL,C4311533,650.0,1,1
MOTILAL NAGAR MUMBAI,C4523814,650.0,1,1
MUNCIPALCORPORATIONVIRARVASAI THANE,C3630928,650.0,1,1
MUNDAKAYAM,C6827435,650.0,1,1
NR SPARSHA HOSPITAL BANGALORE,C3641066,650.0,1,1
PAREL VILLAGE PAREL MUMBAI,C3834055,650.0,1,1
PUDUKKOTTAI DT,C4323974,650.0,1,1
RAMACHANDRAPURAM HE  MEDAK,C1487274,650.0,1,1
TARAORI,C7931055,650.0,1,1
KAVERI PATTINAM,C4312778,649.0,1,1
RAJAPALAYAM TALUK,C1823737,649.0,1,1
SATAVNAGAR HADAPSAR PUNE,C8540929,648.72,1,1
TALUK KANCHIPURAM DISTRICT,C4927168,648.14,1,1
KHETRI NAGAR,C8728059,647.0,1,1
RAMANAGARAM DIST,C9013144,645.45,1,1
PALLIPPATU,C5814884,645.0,1,1
PAREL WEST MUMBAI,C8433050,645.0,1,1
WORKOUT GYM MUMBAI,C6437054,645.0,1,1
BHUANESWAR,C8713873,644.0,1,1
OPPOSIETE PUNE,C7737573,644.0,1,1
VILLAGE SIRIFORT ROAD NEW DELHI,C6434985,644.0,1,1
EAST AAREYMILK COLONY MUMBAI,C7633620,643.0,1,1
SCHOOL MOSHI PUNE,C3114257,642.1,1,1
DIVA THANE E,C2717640,641.0,1,1
ZION SCHOOL CHENNAI,C7513342,641.0,1,1
1600806 BANGALORE,C4640790,640.0,1,1
SHEOPUR,C3311415,640.0,1,1
BORIVLI (WEST) MUMBAI,C1727390,639.0,1,1
CHICKABALLAPUR,C7441552,638.0,1,1
NAGASANDRA BANGALORE,C7860545,638.0,1,1
AIRTEL BLDG GURGAON,C7111026,637.39,1,1
VPM DIST,C5111323,637.0,1,1
KHAMMAM DT,C2986123,636.84,1,1
DIYUN,C5150124,636.0,1,1
JAMBULKARWADI ROAD PUNE PUNE,C6140127,635.0,1,1
MANDIR THANE,C2424637,635.0,1,1
PRABHADEVI  KHED GULLY MUMBAI,C3666159,635.0,1,1
THANE (M CORP),C7414364,635.0,1,1
RESTURANT JAIPUR,C1939014,633.0,1,1
K R PURAM HOBLI BANGALORE,C1610880,631.0,1,1
KUSHALNAGAR,C8513748,630.0,1,1
OP ROAD VADODARA,C8381177,630.0,1,1
OPP MODERN HIGH SCHOOL PUNE,C7124419,630.0,1,1
THARAMANGALAM BUS STAND SALEM,C8240021,630.0,1,1
TILAK NAGAR CHEMBUR,C3512326,630.0,1,1
H S S ALUVA ERNAKULAM,C8016454,628.96,1,1
KANNAMANGALA BANGALORE,C2332756,627.2,1,1
KARIAPATTI,C3118634,627.0,1,1
VIDHYALAY KOLKATA,C4115646,625.0,1,1
FOUNDATION SCHOOL MUMBAI,C4220673,624.83,1,1
HHI BHUBANESWAR,C7399123,624.0,1,1
JAITALA NAGPUR,C3315318,623.38,1,1
TIRUPATHI URBAN,C8711020,623.0,1,1
COLLEGE HYDERABAD,C6524724,622.63,1,1
NAGA PATTINAM,C3428640,622.0,1,1
NALLASOPARA (EAST),C3626378,621.0,1,1
BALASAUR,C3594556,620.36,1,1
AGILA COMPANY BACK SIDE HOSUR,C5815750,620.0,1,1
BEHIND CHENNAI,C1628237,620.0,1,1
CHARKHI DADRI,C8213883,620.0,1,1
JANU PADA MUMBAI,C4710847,620.0,1,1
KARANJ SURAT,C1414389,620.0,1,1
MARKET BANDRA (W) MUMBAI,C2726056,620.0,1,1
PANTI,C7438630,620.0,1,1
SINGHBUM,C3321343,618.12,1,1
AMALAPURAM,C4519153,618.0,1,1
DENKANNIKOTTAI,C1431051,617.0,1,1
MALKANGIRI,C3773939,617.0,1,1
DOMBIVALI EAST KALYAN THANE,C3416056,615.0,1,1
ROAD KALOOR POST,C2416934,615.0,1,1
TAMBARAM TALUK CHENNAI,C4136690,615.0,1,1
STEEL CTM AMARAIWADI AHMEDABAD,C5295344,612.0,1,1
WILLOUGHBY,C6782571,612.0,1,1
CHAMAPAWAT,C4421451,610.0,1,1
CUMBALLA HILL MUMBAI,C5537623,610.0,1,1
DIST-RAIGAD,C5557416,610.0,1,1
DIVA EAST THANE,C2256662,610.0,1,1
KALYAN E THANE,C3022921,610.0,1,1
KURNOOL DT,C4428686,610.0,1,1
PERAMBAKKAM,C2622912,610.0,1,1
WAKAD PUNE,C6337160,610.0,1,1
FAMILY CHURCH CHAKALA MUMBAI,C2830589,609.52,1,1
CLEAR WATER,C7292074,608.0,1,1
MIRABHAYANDER THANE MIRA ROAD,C2437483,607.19,1,1
24 PGS,C4423220,607.0,1,1
DHARMANAGAR,C7428923,607.0,1,1
400012,C1016441,606.9,1,1
BANSULA,C4834212,606.9,1,1
BATHINDA CANTT,C5610873,606.9,1,1
BORIVALI(E) MUMBAI,C2884067,606.9,1,1
BUDH NAGAR,C2342372,606.9,1,1
CHANGANACHERRY,C7171157,606.9,1,1
CIRCLE UDAIPUR,C4021583,606.9,1,1
FATEHNAGAR,C3532465,606.9,1,1
GHANDHINAGAR,C1127681,606.9,1,1
ISTAGE IST BLOCK BANGALORE,C1729584,606.9,1,1
KOTDWARA PAURI GARHWAL,C4171356,606.9,1,1
KUNDAPURA,C1330221,606.9,1,1
MILES MANALI,C3626386,606.9,1,1
MURLIGANJ,C8126882,606.9,1,1
NURPUR,C1520665,606.9,1,1
PATNI,C1789431,606.9,1,1
RAJASTHAN NEEM KA THANA,C3223764,606.9,1,1
RANGAREEDI P AND T CLY RANGAREDDI,C1419171,606.9,1,1
SBI BANK KOLKATA,C5110266,606.9,1,1
SINGHWARA,C6536557,606.9,1,1
THANE W THANE,C6441749,606.9,1,1
THRUVANNAMALAI,C6956046,606.9,1,1
THURAVOOR,C2572732,606.9,1,1
TIRUCHIRAPALLI DISTRICT,C6325848,606.9,1,1
UDWADA,C8140935,606.9,1,1
VARLADEVI MANDIR BHIWANDI,C2335077,606.9,1,1
VELIM SALCETE,C5421123,606.9,1,1
VIDYAGIRI,C2318251,606.9,1,1
VINAYAGAR KOIL SALEM,C8813968,606.9,1,1
GORAMATI,C4912868,605.0,1,1
KAPPUR PANCHAYATH,C9041179,605.0,1,1
SONAPUR,C8226972,604.9,1,1
PO DAKPATHAR DIST DEHRADUN DEHRADUN,C5917811,604.5,1,1
BUNGLOW TELEPHONE EXCHANGE MUMBAI,C2215235,604.12,1,1
PANCH SHEEL SOC MUMBAI,C5911876,604.12,1,1
MANGATTIDAM,C3729423,604.0,1,1
PETROL BUNK VISAKHAPATNAM,C9010455,604.0,1,1
THANE SHRI ARIHAT COMPOUND THANE,C7213083,604.0,1,1
GOKUL NAGAR MUMBAI,C3825390,602.0,1,1
AMBARNATH EAST THANE,C3328321,600.0,1,1
ANTA,C6916360,600.0,1,1
ARAKUZHA,C6916274,600.0,1,1
B/H SOMANI HOSPITAL JAIPUR,C7427238,600.0,1,1
BADHERI CHANDIGARH,C2729891,600.0,1,1
BAKERY RD HYDERABAD,C4340557,600.0,1,1
BANAHATTI,C8437167,600.0,1,1
BANGARPET,C8521221,600.0,1,1
BOMMANAHALLI BEGUR HOBALI BANGALORE,C3422843,600.0,1,1
BONGAON,C6122772,600.0,1,1
CHOPDA,C7115587,600.0,1,1
CITY DELHI,C4433582,600.0,1,1
DASAJ,C8415935,600.0,1,1
DHE KAHA ANSH,C6116333,600.0,1,1
DIST BHOJPUR,C8942262,600.0,1,1
DOMBIVLI EAST THANE,C7919050,600.0,1,1
EDMONTON AB,C3245874,600.0,1,1
FARRAKHABAD,C2522882,600.0,1,1
GHODBUNDER ROAD THANE WEST THANE,C4618119,600.0,1,1
IMPERIA THANE WEST,C1138541,600.0,1,1
KALYAN EAST KATEMANIVALI THANE,C4812149,600.0,1,1
KHAR W MUMBAI,C7891077,600.0,1,1
KOTRI,C7124328,600.0,1,1
LAKE CITY MALL W THANE,C1024474,600.0,1,1
MOSABANI,C5410842,600.0,1,1
NAGAR PATNA,C6952024,600.0,1,1
NAINA DEVI,C1220642,600.0,1,1
NARIMAN POINT MUMBAI,C5141763,600.0,1,1
PAKARPUR,C3235039,600.0,1,1
PARK -III GREATER NOIDA,C6673975,600.0,1,1
"PARK, THANE W",C2211557,600.0,1,1
RANIKHET,C5921428,600.0,1,1
ROAD EMP ID P11246 BANGALORE,C1510689,600.0,1,1
ROAD WAKAD PUNE,C4634518,600.0,1,1
SANTKABIR NAGAR,C2335589,600.0,1,1
SINGHBHUM KALI MANDIR TATANAGAR,C4078189,600.0,1,1
TEHSIL VASAI DISTT THANE,C3812387,600.0,1,1
TIKRIKILLA,C2278971,600.0,1,1
VARKALA,C8726579,600.0,1,1
VILLAGE SOUTH WEST DELHI DELHI,C7238235,600.0,1,1
WORKS AHMEDABAD,C1130070,600.0,1,1
J V HOSPITAL CHENNAI,C6139217,599.48,1,1
BHAVANAGAR,C6714117,599.47,1,1
BEHIND THE ACRE CLUB CHEMBUR MUMBAI,C7111051,599.0,1,1
CUNCOLIM SALCETE,C4625477,599.0,1,1
HARIPAD,C7333919,599.0,1,1
HOUSE NEW DELHI,C1735465,599.0,1,1
KANCHEEPURAM TK AND DT,C4727781,599.0,1,1
MARKET CHENNAI,C4722281,599.0,1,1
SOHNA ROAD GURGAON,C2410491,599.0,1,1
BORAWAR,C3629121,598.0,1,1
OLD GOA,C5830159,598.0,1,1
TEMPLE STREET BANGALORE,C1716575,598.0,1,1
VASIND E,C3437130,598.0,1,1
MOTA VARACHHA SURAT,C5412854,597.74,1,1
DINAJPUR,C6639973,597.0,1,1
ANGADY,C3030653,595.0,1,1
SAFDARJUNG ENCLAVE NEW DELHI,C3752563,595.0,1,1
STATION MUMBRA THANE,C5542051,595.0,1,1
MUMBAI GIRGAON MUMBAI,C7917575,594.64,1,1
(EAST) DAHISAR MUMBAI,C8789091,594.0,1,1
DHERADUN,C3831369,594.0,1,1
ABUROAD SIROHI,C8174248,593.0,1,1
TALAULIM,C1624622,593.0,1,1
554/4 MODERN COLLEGE RD PUNE,C1732961,592.0,1,1
SHIVAGANGA,C6031336,591.0,1,1
THANE WEST WAGLE I E THANE,C7537413,591.0,1,1
DUNGARAPUR,C8636819,590.0,1,1
G R GAUR MUMBAI,C8023859,590.0,1,1
JAKASANDRA BANGALORE,C3045077,590.0,1,1
KHARSIA,C5426525,590.0,1,1
NERUL NAVI MUMBAI,C3233567,590.0,1,1
SHIVGANJ,C2729022,590.0,1,1
YEDITHA,C5328417,590.0,1,1
PAVRIGARWAL,C4737467,589.5,1,1
GAJRAULA,C1232549,589.04,1,1
MEZHUVELY PANCHAYATH,C7526332,588.51,1,1
AKRUTI TRADE CENTRE MUMBAI,C8611618,588.25,1,1
MOTIHARI,C5040930,588.0,1,1
SHOWROOM 150 FT RING ROAD RAJKOT,C5121823,588.0,1,1
MUNICIPAL CORPORATION THANE,C2728047,587.16,1,1
PAHADA UDAIPUR,C7444735,587.0,1,1
SHIRPUR,C4128940,586.0,1,1
PERUMBAKKAM CHENNAI,C3689315,585.0,1,1
DONGARGAON,C5321768,584.0,1,1
DHANBAD DIST,C8682434,583.5,1,1
VASHI NAKA CHEMBUR FCI MUMBAI,C8729916,582.81,1,1
COLLEGE KEMPAPURA HEBBAL BANGALORE,C3582566,581.0,1,1
VILLAGE ATHAL,C9023217,581.0,1,1
KATEMANIVALI KALYAN THANE KALYAN,C4332283,580.0,1,1
MUMBAI VILE PARLE EAST,C6239077,580.0,1,1
NAGAR PADA NO 4 THANE WEST THANE,C3337884,580.0,1,1
SURYA BHAWAN BHOPAL,C4836265,580.0,1,1
TATADOCOMO TOWER SAFIDON,C7725745,580.0,1,1
BANK PATASPUR BRANCH PURBOMEDINIPUR,C5330311,578.46,1,1
UDYAN MUMBAI,C3626666,578.4,1,1
OPP SBI NELLORE,C6127983,578.0,1,1
HADAPSAR POST OFFICE PUNE,C7114017,576.15,1,1
NEAR GUEST HOUSE ASWAPURAM,C5683812,576.05,1,1
BESIDE HYDERABAD,C6537658,576.0,1,1
GODOWN TRICHY DIST,C3432115,576.0,1,1
NATNAVL,C9040544,576.0,1,1
MUNNAR PANCHAYATH,C5234573,575.0,1,1
SAKINAKA NR GULSHAN HOTEL MUMBAI,C2735815,575.0,1,1
NEW LINK ROAD ANDHERI WEST MUMBAI,C2233969,574.0,1,1
RD ABOVE SUZUKI SHOWROOM BANGALORE,C6171192,573.0,1,1
DISTT UDHAM SINGH NAGAR RUDRAPUR,C6511112,570.0,1,1
FLOOR ROOM NO 1 NAVI MUMBAI,C4632653,570.0,1,1
KALYAN THANE THANE,C8026741,570.0,1,1
MEHERPUR SILCHAR,C6021618,570.0,1,1
SIKANDRABAD,C1969456,570.0,1,1
KATHOLI,C3918642,569.65,1,1
ACADEMY SAMASTIPUR,C5314885,569.0,1,1
GOVT SCHOOL SHIMLA,C5841384,568.0,1,1
MADHYA PRADESH,C6614033,567.0,1,1
DELOITTE DRIVE HYDERABAD,C3632755,566.27,1,1
CHICKMAGALORE,C9015948,566.0,1,1
VELAHANKA BANGALORE,C3936922,566.0,1,1
THISUNG GUMPA MANGAN,C5422171,564.0,1,1
GAR ALI JORHAT,C2112760,563.0,1,1
DGL,C7528418,562.5,1,1
KHED RAJGURUNAGAR,C5413540,560.48,1,1
OPP ROSE GEMS SURAT,C8725540,560.0,1,1
SCHOOL KANDIVALI E MUMBAI,C2046678,560.0,1,1
WEST SO MUMBAI,C3028329,560.0,1,1
KALYAN (WEST) THANE,C1633956,559.25,1,1
BOLARUM HYDERABAD,C2834837,559.1,1,1
VILLAGE KANDIVALI E MUMBAI,C2649659,559.0,1,1
AMRITSAR- 1,C2420560,557.0,1,1
BHANDARKAR MARG LOWER PAREL MUMBAI,C3968164,555.0,1,1
D MART KANJURMARG (W) MUMBAI,C8114325,555.0,1,1
ADITYAPUR,C4640720,554.39,1,1
GOPALPURI TALUKA -ANJAR GANDHIDHAM,C6242369,554.01,1,1
KESHIYA,C3625812,554.0,1,1
OFFICE KALYAN WEST KALYAN,C4463655,553.0,1,1
GOLDSMITH SCHOOL SOUTH 24 PARGANAS,C4841122,552.0,1,1
RETAIL INDIA LTD BANGALORE,C5725475,552.0,1,1
BRIGADE ALTAMONT BANGALORE,C2626022,551.1,1,1
GHATKESAR,C6535358,551.0,1,1
GUDIYATTAM,C5612044,551.0,1,1
RD PUNE,C8625511,551.0,1,1
AMBERNATH WEST,C3733355,550.0,1,1
ARUMBAKKAM,C6141636,550.0,1,1
BALANAGAR RANGAREDDY,C4017667,550.0,1,1
BHADRA HANUMANGARH,C4631374,550.0,1,1
BIRIYANI POINT BANGALORE,C5314458,550.0,1,1
BURLI,C4353662,550.0,1,1
CHOWKY MUMBAI,C8638154,550.0,1,1
COLA MUMBAI,C5658175,550.0,1,1
KHARAR ROAD MOHALI MOHALI,C3137018,550.0,1,1
KHATIMA UDHAM SINGH NAGAR,C4819792,550.0,1,1
LTD ANDHERI WEST MUMBAI,C5712214,550.0,1,1
NABARANGPUR,C2927162,550.0,1,1
NR BIG BAZAR NASHIK,C3762476,550.0,1,1
NR BUDHA MANDIR MUMBAI,C6945340,550.0,1,1
NR SANT NIRANKARI  BHAVAN MUMBAI,C2218187,550.0,1,1
OXFORD COLLEGE OF ENGG BANGALORE,C3540314,550.0,1,1
PATTUKOTTAI,C8631848,550.0,1,1
RAJIYAWAS,C6934261,550.0,1,1
SARAHAN,C7727223,550.0,1,1
SHOWROOM WAKAD PUNE,C2333926,550.0,1,1
SRIKALAHASTI,C7298184,550.0,1,1
SRK NAGAR POST BANGALORE,C8629334,550.0,1,1
TALUKA-ANJAR  GANDHIDHAM,C1015042,550.0,1,1
TAMLUK TAMLUK,C2112330,550.0,1,1
TUMKUR DISTRICT,C3027674,550.0,1,1
VERNA CITY,C8617038,550.0,1,1
"WORLI, MUMBAI",C8629113,550.0,1,1
SANDESAR,C3627560,549.6,1,1
MASJID BUNDER (W) MUMBAI,C8318137,548.0,1,1
MUMBAI PAREL MUMBAI,C2112877,547.0,1,1
RAYA SOUTH WEST DELHI NEW DELHI,C5312316,547.0,1,1
NIRMAL NAGAR BANDRA (E) S O MUMBAI,C1625889,545.0,1,1
TELEPHONE EXCHANGE SION E MUMBAI,C1139680,544.0,1,1
POONAM CHAMBERS WORLI MUMBAI,C3330621,543.0,1,1
ROSHANBAGH,C1821148,543.0,1,1
TO J P PARK BANGALORE,C8229634,543.0,1,1
LOWERPAREL W MUMBAI,C5023763,542.0,1,1
PAYAL,C4216443,540.51,1,1
FLYOVER KHARADI BYPASS PUNE,C2531182,540.0,1,1
KHAR (WEST) MUMBAI,C1117980,540.0,1,1
KUKATPALLY HYDEABAD,C3623324,540.0,1,1
MANAVADAR,C5618630,540.0,1,1
RAGHUNATHAPUR,C4531741,540.0,1,1
STAGE NEAR VIJAYA BANK BANGALORE,C5917138,540.0,1,1
VADAR PADA KANDIVALI EAST MUMBAI,C3336519,540.0,1,1
3RD STAGE BANGALORE,C8824052,539.52,1,1
MANTAPA BANGALORE,C7036279,539.52,1,1
HUGLY,C8132351,539.0,1,1
VATAKARA,C2318777,539.0,1,1
MATUNGA (E) MUMBAI,C5699060,537.2,1,1
NO 54 VIJAYNAGAR A B ROAD INDORE,C4634146,534.46,1,1
BAGDOGRA,C8227088,533.0,1,1
C P NEW DELHI,C6839489,533.0,1,1
NAGAR ANDHERI (W) MUMBAI,C4839418,533.0,1,1
DHIGI PUNE,C8216387,532.0,1,1
12 DWARKA NEW DELHI,C7821759,530.0,1,1
BEWAR,C6323676,530.0,1,1
HINGANGHAT DIST WARDHA,C4728166,530.0,1,1
KALNA,C4160612,530.0,1,1
MADITAKKAM KANCHEEPURAM,C4127642,530.0,1,1
NAGAR KANPUR,C7239518,530.0,1,1
SAMTRA,C7941620,530.0,1,1
SOHANA,C2336684,530.0,1,1
TAGORE NAGAR MUMBAI,C6621121,530.0,1,1
TIRUCHANUR,C1313663,530.0,1,1
FAIDABAD,C4826256,529.9,1,1
CHAK DANAPUR CANTT PATNA,C4079519,529.0,1,1
RD BHAYANDAR (E) THANE,C3922414,527.3,1,1
KANDIVLI W MUMBAI,C6710463,526.97,1,1
SIKANDRI SARAI BHOPAL,C7837077,526.0,1,1
KANDIKUPPA EAST GODAVARI,C5223125,525.0,1,1
MALAD (W) KHARODI MUMBAI,C6436337,525.0,1,1
OPP CRPF BANGALORE,C2069868,525.0,1,1
GUJARAT PALANPUR,C1420220,524.0,1,1
WARD NO 75 NAGPUR,C7624915,524.0,1,1
KARNAVATI PARK AHMEDABAD,C2134859,523.0,1,1
PARK PHASE-1 HINJEWADI PUNE,C5444870,522.65,1,1
MOHINDERGARH,C1624137,522.22,1,1
BAHADORGARH,C7127338,522.0,1,1
HOSHANGABAD PIPARIYA,C8429933,522.0,1,1
THANE(WEST),C7936331,522.0,1,1
CO OP HOU SOCIETY KURLA EAST MUMBAI,C6823987,520.0,1,1
MUDICHUR CHENNAI,C1521119,520.0,1,1
PATTI,C2711466,520.0,1,1
STN WOC RD RAJAJINAGAR BANGALORE,C8128631,520.0,1,1
SUBHASH NAGAR II,C8318978,520.0,1,1
THOOTHUKUDI DISTRICT,C3924933,520.0,1,1
UP HANDLOOMS HYDERABAD,C2030020,517.0,1,1
BUNGLOW ROAD BODAKDEV AHMEDABAD,C3437236,516.0,1,1
SITE DELHI,C7814819,516.0,1,1
MARINE LINE E,C1726918,515.48,1,1
CHOWK SHIMPOLI MUMBAI,C3837258,515.0,1,1
WADGAONIHERI PUNE,C4231538,514.0,1,1
BHAWANI CHAWK THANE,C5717849,510.0,1,1
CHOMU,C1535241,510.0,1,1
KADUR,C1413736,510.0,1,1
POST KANDRA JAMSHEDPUR,C6167956,510.0,1,1
SADESATRANALI HADAPSAR PUNE,C2769637,510.0,1,1
SATPURA,C4223248,510.0,1,1
SAUDI ARABIA SAUDI ARABIA,C1120837,510.0,1,1
ZIRAKHPUR,C1025361,510.0,1,1
SARDAR CHOWK SURAT,C5337049,509.04,1,1
AMBAD NASHIK,C2294129,509.0,1,1
DAHISAR MUMBAI,C1629815,509.0,1,1
PILLAR-335 NEW DELHI,C5041743,508.63,1,1
ROOP NAGAR,C2340279,508.0,1,1
SULEMAN NAGAR,C8738444,507.5,1,1
VIEW NURSING HOME SILCHAR,C9034035,507.2,1,1
ASHOK NAGAR DHANSAR,C4132180,507.0,1,1
BEGU ROAD SIRSA,C2824912,507.0,1,1
ROAD KALOOR POST KOCHI,C7740275,506.73,1,1
NAMAKKAL (TK) (DT),C4420948,506.41,1,1
APTS BANGALORE,C1624855,506.0,1,1
H A L II STAGE BANGALORE,C7912225,505.0,1,1
MALVANI MUMBAI,C8517354,505.0,1,1
NEAR SIVAGANGAI DIST,C2722711,505.0,1,1
KURLA ROAD SAKINAKA MUMBAI,C3621330,504.78,1,1
RAJAWADI MUMBAI,C3935411,504.59,1,1
OFFICE VAPI,C3926849,504.31,1,1
TALAB DHANBAD,C5437730,504.31,1,1
WADALA E MUMBAI,C6913759,504.31,1,1
YELLADGUNDI,C4932870,504.31,1,1
WELL SHAHWADI NAROL AHMEDABAD,C7127347,504.3,1,1
GANGNAPUR,C1299083,504.0,1,1
KOPAR KHAIRANE,C4027168,504.0,1,1
CHUTNEYS HOTEL VISAKHAPATNAM,C1623767,503.56,1,1
BANGARUPALEM,C8326678,502.0,1,1
SILIGURU,C2417150,502.0,1,1
THALAYOLAPARAMBU,C5475122,501.0,1,1
1601203 BANGALORE,C2045827,500.0,1,1
9A MALLESHWARAM BANGALORE,C7573662,500.0,1,1
ADYAR,C1227328,500.0,1,1
AIROLI TEHSIL THANE THANE,C7442916,500.0,1,1
AKURDI PUNE,C2310284,500.0,1,1
ALLAHABAD ALLAHABAD,C6819485,500.0,1,1
ANCHOR POWER GYM CHENNAI,C6131088,500.0,1,1
ATM BANGALORE,C7236333,500.0,1,1
AUL,C4011517,500.0,1,1
BADGAM,C3915729,500.0,1,1
BARAMATI BARAMATI,C4441919,500.0,1,1
BARODA VADODARA,C3281080,500.0,1,1
BASSI PATHANA,C6027313,500.0,1,1
BAZAR HYDERABAD,C4736069,500.0,1,1
BDA COMPLEX BANGALORE,C4139375,500.0,1,1
BEGUSRAI,C3178991,500.0,1,1
BENAULIM SALCETE,C1240579,500.0,1,1
BHD SPLENDER HALL NASHIK,C7615435,500.0,1,1
BHUNNA,C3369815,500.0,1,1
BIZPUR,C7234971,500.0,1,1
BUVAPADA AMBERNATH W,C4435371,500.0,1,1
CENTER BANGALORE,C7039571,500.0,1,1
CHALA VAPI,C7341414,500.0,1,1
CHANDAN HOSPITAL MUMBAI,C7530240,500.0,1,1
CHANDAPURA BANGALORE,C8917620,500.0,1,1
CHHAPRA,C2054629,500.0,1,1
CHOPAL NEW DELHI,C8442845,500.0,1,1
CONNAUGHT PLACE NEW DELHI,C5239687,500.0,1,1
COURT BANGALORE RURAL,C5935545,500.0,1,1
CROSS BANGALORE,C4815883,500.0,1,1
CUTTAK,C5317976,500.0,1,1
DESAI RD MUMBAI,C7321335,500.0,1,1
DEVBHUMI DWARKA,C5638124,500.0,1,1
DILSUKHNAGAR HYDERABAD,C7518651,500.0,1,1
DISTT-THANE THANE,C3910046,500.0,1,1
DIVA E,C4790034,500.0,1,1
ELPHINSTONE RD MUMBAI,C5628040,500.0,1,1
EXTENSION MUMBAI,C3241250,500.0,1,1
FOUNDATION BHOSARI PUNE,C7752374,500.0,1,1
FRESH HYDERABAD,C5528950,500.0,1,1
G.B. NAGAR,C5035418,500.0,1,1
GARDENS NAVI MUMBAI,C3133568,500.0,1,1
GAYESHPUR,C1715467,500.0,1,1
GAYZING,C3126162,500.0,1,1
GHARAUNDA,C1739927,500.0,1,1
GHATKOPAR W,C1628847,500.0,1,1
GHAZIABAD GHAZIBAD,C8738920,500.0,1,1
GREATER KAILASH I,C6536626,500.0,1,1
GREATOR NOIDA,C1228882,500.0,1,1
GURGAON-1 TEH GURGAON GURGAON,C2230634,500.0,1,1
HAJARIBAG HAJARIBAG,C5441249,500.0,1,1
"HANAMKONDA,WARANGAL",C7089834,500.0,1,1
HARI NAGAR BUS STAND DELHI,C8327277,500.0,1,1
HE NR POCHAMMA TEMPLE MEDAK,C8218360,500.0,1,1
HOHIARPUR,C4179016,500.0,1,1
HOSAKEREHALLI POST BANGALORE,C6822347,500.0,1,1
HOSPITAL MIRAROAD EAST THANE,C2615683,500.0,1,1
HOSPITAL RANCHI,C6317378,500.0,1,1
HOSPITAL SURATHKAL IDDYA SURATHKAL,C8290262,500.0,1,1
JAGDALPUR,C8422532,500.0,1,1
JEWELLER SURAT,C6160821,500.0,1,1
KARORA,C2365660,500.0,1,1
KAYLA,C6526688,500.0,1,1
KID ZEE SCHOOL SILHAR,C1920931,500.0,1,1
KUTCH GANDHIDHAM,C5436057,500.0,1,1
KUTTANAD,C5340360,500.0,1,1
LAKKAVARAM,C8932883,500.0,1,1
LAWNS NASHIK,C7210092,500.0,1,1
LLI OUTER RING RD BANGALORE,C1130575,500.0,1,1
M N RD SECUNDERABAD,C6112726,500.0,1,1
MANDIR NEEMRANA,C5240780,500.0,1,1
MANDIR SAMALKHA,C5317514,500.0,1,1
MARG ELPHINSTONE MUMBAI,C6075516,500.0,1,1
MARKET KIRIT NAGAR NEW DELHI,C5511475,500.0,1,1
MAUR MANDI,C3622660,500.0,1,1
MIRA ROAD-E THANE,C3816824,500.0,1,1
MOBARA,C8738570,500.0,1,1
MORIA,C4419048,500.0,1,1
MUNDI KHARAR,C5022657,500.0,1,1
NAGAR RUDRAPUR,C4723842,500.0,1,1
NALBARI,C4513727,500.0,1,1
NEHRU GARDEN COLONY KAITHAL,C8187492,500.0,1,1
NEXT TO ASHOK AUTO GARAGE MUMBAI,C7119016,500.0,1,1
NIDIGONDA,C2418085,500.0,1,1
OFFICE KHORDHA,C2032976,500.0,1,1
PANVEL JCI KAMOTHE RAIGARH,C6117285,500.0,1,1
PARK MUMBAI,C3016287,500.0,1,1
PARK RAJKOT,C5620672,500.0,1,1
PONDA SOUTH,C1231137,500.0,1,1
POYIL,C7031021,500.0,1,1
PUNE CITY NIBM PUNE CITY PUNE,C8220016,500.0,1,1
RAJENDRA NAGAR HYDERABAD,C8614123,500.0,1,1
RAJKOT HIGHWAY AHMEDABAD,C2333724,500.0,1,1
RAMANATHAPURAM (DT),C1318425,500.0,1,1
REVDER,C7511149,500.0,1,1
RI BHOI,C4415472,500.0,1,1
ROADSHYDERABAD,C7931044,500.0,1,1
RUDARPUR,C4035363,500.0,1,1
SAFEDPOOL ANDHERI (E) MUMBAI,C1629891,500.0,1,1
SAKHANDRA,C3532822,500.0,1,1
SANGELI,C2828857,500.0,1,1
SANTACRUZ (EAST) MUMBAI,C2323527,500.0,1,1
SCHOOL CHAKALA ANDHERI EAST MUMBAI,C2842726,500.0,1,1
SCHOOL GHAZIABAD,C6112664,500.0,1,1
SCHOOL NAGPUR,C1615254,500.0,1,1
SCHOOL STREET RAJAHMUNDRY,C2977487,500.0,1,1
SEMORE,C1430917,500.0,1,1
SHIKRAPUR,C6356058,500.0,1,1
SIDDHARTH NAGAR,C4814921,500.0,1,1
SINGH NAGAR NO 2 GOREGAON W MUMBAI,C1413860,500.0,1,1
SINGHBHUM JAMSHEDPUR,C5599189,500.0,1,1
SIRSALA,C2134365,500.0,1,1
SOLAN  BADDI,C2640687,500.0,1,1
SOMALI REGION,C4170785,500.0,1,1
SOUTH INDIA SHOPPING MALL HYDERABAD,C9040024,500.0,1,1
SRI HARGOBINDPUR,C6228512,500.0,1,1
STELLA VASAI THANE BASSEIN ROAD,C5811428,500.0,1,1
SUNABEDA,C2341992,500.0,1,1
SWEETS BANGALORE,C2714325,500.0,1,1
T V MALAI DIST,C7027783,500.0,1,1
TAKIJ INDORE,C5518477,500.0,1,1
THRISSUR DISTRICT,C8036390,500.0,1,1
TUNI EAST GODAVARI,C7911689,500.0,1,1
UDEYPUR (RAJ),C8177971,500.0,1,1
UNAKOTI,C1042422,500.0,1,1
UTTAM NAGAR DELHI,C2142973,500.0,1,1
VALLABH VIDHYANAGAR,C5916554,500.0,1,1
VALPARAI,C8210512,500.0,1,1
VANGNI W,C3712687,500.0,1,1
VASANT KUNJ SOUTH WEST DELHI,C4732329,500.0,1,1
VASANTKUNJ NEW DELHI,C2717945,500.0,1,1
VIKAS NAGAR,C5827868,500.0,1,1
VIL GURGAON 1 TEH GURGAON,C7639468,500.0,1,1
VILLAGE SAKINAKA  MUMBAI,C8730585,500.0,1,1
PICHHORE,C4821070,499.52,1,1
ASHRAM HOOGHLY,C2032820,499.0,1,1
KOLAGHAT,C5434822,499.0,1,1
MARGAO SOUTH,C3434575,499.0,1,1
MUCHINTALA KRISHNA,C8719069,499.0,1,1
PHULBANI,C6137148,499.0,1,1
PONDA TISCA,C6534625,499.0,1,1
STATUE SECUNDERABAD,C2982752,499.0,1,1
TOWNSHIP KOLKATA,C6828879,499.0,1,1
WATERLOO,C1812828,499.0,1,1
SANT RAVIDASNAGAR,C7812118,498.64,1,1
PRAKASHAM,C6931645,498.0,1,1
R T NAGAR BANGALORE,C1321046,498.0,1,1
RAGA MUMBAI,C2120345,498.0,1,1
ROUTA PURNEA,C3231669,498.0,1,1
BALLABGHAR,C1615640,497.0,1,1
CHUNABHATTI MUMBAI,C8125543,497.0,1,1
MANPURA,C7893321,497.0,1,1
CACORA,C1510326,496.0,1,1
ANDHERI RAIL WAY STN MUMBAI,C1811530,495.0,1,1
BABA TEMPLE BANGALORE,C3232679,495.0,1,1
KUDAVOOR,C9036335,495.0,1,1
THANE  VIRAR EAST,C6427864,495.0,1,1
TIMBANA,C3733376,495.0,1,1
NIMAR,C7628750,494.0,1,1
PATNA SADAR PATNA,C6038137,494.0,1,1
CORTALIM,C5338087,491.0,1,1
MALAKAPUR,C8832623,491.0,1,1
JAVAL THANE EAST DIST THANE THANE,C5913554,490.7,1,1
ANDHERI (E ) MUMBAI,C4238576,490.0,1,1
CHAKALA ANDHERI (EAST) MUMBAI,C5540979,490.0,1,1
DUNGRA,C2241280,490.0,1,1
KANGAYAM TK,C6611357,489.0,1,1
EAST GODAVARI (DISTRICT),C3260044,487.0,1,1
HILLSIDE VADDY SIOLIM SIOLIM,C7599719,485.74,1,1
BUDDHA NAGAR GREATER NOIDA,C2712642,485.0,1,1
SAHIBJADAAJIT SINGH NAGAR,C6023934,485.0,1,1
MARIHAN,C1326937,483.92,1,1
GURGAON ROAD DUNBAHERA GURGAON,C1832192,482.0,1,1
J B NGR ANDHERI E MUMBAI,C6838187,481.0,1,1
CHETTY GARDENS BANGALORE,C7010227,480.0,1,1
COLLAGE RAJKOT,C8750173,480.0,1,1
NAGEERCOIL,C5015189,480.0,1,1
ROAD EMP ID P11671 BANGALORE,C2814016,480.0,1,1
SCHOOL PANVEL RAIGARH NAVI MUMBAI,C2933347,480.0,1,1
TULSIWADI MUMBAI MUMBAI,C3620492,480.0,1,1
VALLABH-VIDYA NAGAR,C5018181,480.0,1,1
WAZIRABAD GURGAON,C3210671,480.0,1,1
BISHESHARGANJ,C4322273,479.0,1,1
SOLAPUR RD HADAPSAR,C8911839,478.4,1,1
KODOM,C5022836,476.95,1,1
VASUNDRI MANDA KALYAN THANE,C1312060,475.0,1,1
PANVEL NAVI MUMBAI,C2224628,472.65,1,1
DAVANGERE (DT),C3937378,472.0,1,1
EAST TAMBARAM,C8899318,472.0,1,1
NEHRUNAGAR HYDERABAD,C5722444,472.0,1,1
SAIPUR,C6012529,471.9,1,1
CHUVANNAMANNU,C8738592,471.0,1,1
DHARAPURAM TK,C1613026,470.0,1,1
RATANPUR,C8451443,468.0,1,1
UXBRIDGE,C5117519,467.0,1,1
VIHAR SOUTH DELHI,C2024917,467.0,1,1
SHIBIRA JAVAL MUMBAI,C6115520,465.0,1,1
STAGE BANGALORE SOUTH BANGALORE,C7344553,465.0,1,1
DIST PALGHAR BOISAR,C2419214,464.0,1,1
OPP SHREE RESIDENCY SURAT,C4224040,463.0,1,1
SCHOOL LANE HYDERABAD,C3816473,463.0,1,1
SANGHA CLUB NORTH 24 PARGANAS,C5631774,462.0,1,1
BHADRAKALI,C4815821,461.55,1,1
MANDYA DT,C7420285,461.27,1,1
PUMP HINJEWADI PUNE,C6427042,461.0,1,1
SITHAURA,C7194689,461.0,1,1
BANK ANDHERI (E) MUMBAI,C5476841,460.0,1,1
BHAVANI SHANKAR ROAD MUMBAI,C3528551,460.0,1,1
CHORAO,C6527350,460.0,1,1
COLLEGE JALANDHAR,C5722913,460.0,1,1
CUPERTINO,C5920087,460.0,1,1
OZAR(MIG) TAL NIPHAD,C5232242,460.0,1,1
KANNIYA KUMARI,C3733884,459.0,1,1
KRISHNAGIRI-TK AND DT,C4228991,459.0,1,1
PUMP MAHAPE NAVI MUMBAI,C9017913,459.0,1,1
QUTUBULLAPUR,C3021466,459.0,1,1
BENGALOORE,C3729840,458.0,1,1
BORHAT,C4733325,458.0,1,1
WHITEFIELD MAIN ROAD BANGALORE,C1513559,458.0,1,1
BUNK KANCHIPURAM-DISTRICT,C5140067,456.0,1,1
BADALAPUR W,C5439529,455.0,1,1
KOLKATA NEAR LINDSAY KOLKATA,C6432538,455.0,1,1
P AND T COLONY (VM) VISAKHAPATNAM,C8822478,455.0,1,1
PHASE III GURGAON,C8821083,454.2,1,1
SLG DARJEELING,C4027258,454.0,1,1
AMIRCHAND HIGHSCHOOL MUMBAI,C5124833,453.0,1,1
NOIDA EXPRESSWAY NOIDA,C9029880,451.0,1,1
DIST SENAPATI,C5139366,450.0,1,1
HARI PETHE JWELLS THANE,C6616348,450.0,1,1
JOGESHWARI PURV MUMBAI,C5627132,450.0,1,1
KANDIVALI W,C1636684,450.0,1,1
MARKET MUMBAI,C8027457,450.0,1,1
NAGAPATTINAM (TK) (P),C6319575,450.0,1,1
NOIDA UP,C3292238,450.0,1,1
PO JAJARDEWAL PITHORAGARH,C4079634,450.0,1,1
S B MARG LOWER PAREL (W) MUMBAI,C4923325,450.0,1,1
TALUKA MAVAL PUNE,C4624531,450.0,1,1
W G DT,C1525430,450.0,1,1
OPP TO VAISHNAVI THEATRE BANGALORE,C7915968,449.77,1,1
PACHORE,C1993533,449.0,1,1
TALEIGAO TISWADI,C5832345,449.0,1,1
CHAKALA MIDC MUMBAI MUMBAI,C9010828,448.0,1,1
KV RANGAREDDY,C2837649,448.0,1,1
SHIVAJI NAGAR MUMBAI,C1125928,448.0,1,1
TAMAKARI SCHOOL WEST TRIPURA,C8823892,448.0,1,1
KULATHOOR,C3250040,447.0,1,1
MOZI SCHOOL TRIDHAL NAGAR PUNE,C6214540,446.4,1,1
DISTRICT GWALIOR,C1217242,445.6,1,1
KADROLLI,C7629973,445.0,1,1
PHARMA BANGALORE,C6340570,445.0,1,1
SHYAM DHAM MANDIR KATHODRA RD SURAT,C5826934,445.0,1,1
BAVLA  AHMEDABAD,C4826867,444.0,1,1
PALIKA VAPI,C1617338,444.0,1,1
HOSTEL GOVT COLONY MUMBAI,C4042458,443.0,1,1
KIDNEY CENTER COIMBATORE,C3834370,443.0,1,1
OLIVIA BLDG HYDERABAD,C6164150,443.0,1,1
RR DIST,C1940652,442.4,1,1
DIVISION ELPHINSTONE  MUMBAI,C2114133,440.0,1,1
HASIMARA,C5320367,440.0,1,1
"POINTS HOTEL VADGAONSHERI,PUNE",C7834938,440.0,1,1
SHAKA MUMBAI,C1135946,440.0,1,1
TIRTHOL,C4337948,440.0,1,1
COMPANY THANE,C8726080,439.0,1,1
OPP VASHI RLY STN VASHI NAVI MUMBAI,C4522925,438.0,1,1
GIDDERBAHA,C3025673,437.0,1,1
SAHIB FATEHGARH SAHIB,C4036952,437.0,1,1
NAGAR BANGALORE SOUTH,C6641591,436.0,1,1
KURLA (EAST) MUMBAI,C6515713,435.0,1,1
RAJENDRA NGR MANDAL RD-5 HYDERABAD,C1238431,435.0,1,1
ROAD MUMBAI CHAKALA MIDC MUMBAI,C8118421,435.0,1,1
THOLICODE,C5726843,435.0,1,1
SANAWAD,C2916662,434.88,1,1
ARCH BANGALORE,C6416950,434.0,1,1
KULTI,C5136874,434.0,1,1
THAKUR COMPLEX KANDIVALI(E) MUMBAI,C5518813,433.7,1,1
DARABHANGA,C8033189,433.0,1,1
SHAHBAD (M),C8927886,433.0,1,1
ILOL,C7817189,432.0,1,1
SAI MANDIR BHOPAL,C6915584,431.19,1,1
DATTAPADA ROAD BORIVALI-EAST MUMBAI,C8639832,431.0,1,1
FLYING CLUB ADJACENT KOLKATTA,C1549842,431.0,1,1
KANJIRAPPALLY,C7733926,430.0,1,1
PURVICHAMPARAN,C2742490,430.0,1,1
MANDAWA,C2224914,429.0,1,1
ANIKKADU,C4377385,428.0,1,1
UPPALAPADU,C1611390,428.0,1,1
KHUNDIAN,C1988537,426.0,1,1
KOLKATA PO GARIA,C5381423,426.0,1,1
NO 2 SECTOR 17 ROHINI NEW DELHI,C6918215,425.0,1,1
JUNAGAOH,C1337574,423.0,1,1
MILLERGANJ,C7019074,423.0,1,1
PRODDATUR,C8516748,421.0,1,1
IIND STAGE BANGALORE,C8625613,420.0,1,1
JAITARAN,C2221276,420.0,1,1
NAGPUR-1 NAGPUR,C1642426,420.0,1,1
OPP AGARWAL HOS PUNE,C5316737,420.0,1,1
PAT ANCHERU,C4312128,420.0,1,1
ANGAMALI,C3237837,419.58,1,1
MALAD WEST-MUMBAI,C5829064,419.52,1,1
GURDASPUR GURDASPUR,C4517663,418.0,1,1
ROAD CIRCLE ODHAV AHMEDABAD,C8513960,417.0,1,1
J B NAGAR MUMBAI,C4438618,416.0,1,1
ROAD (E) THANE,C1811213,415.49,1,1
SARJAPURA MIAN RD BANGALORE,C3528087,415.0,1,1
IVY ESTATE WAGHOLI PUNE,C5436044,414.0,1,1
(E) THANE SECTOR 3,C4921278,410.0,1,1
CHOWKI KAJUPADA JARIMARI MUMBAI,C7632262,410.0,1,1
GHANSOLI THANE,C7141513,410.0,1,1
GURUNANAK DHARMASHALA INDORE,C2925824,410.0,1,1
MASHACHA PADA DIST -THANE,C6526913,410.0,1,1
NAKA CHARKOP KANDIVALI (W) MUMBAI,C3021253,410.0,1,1
PUNE HAVELI PUNE,C3979214,410.0,1,1
VIKHROLI WEST MUMBAI,C8410051,410.0,1,1
MADHURANAGAR,C1941879,406.06,1,1
MILL MUMBAI,C7713861,405.0,1,1
PILKHI,C8027224,405.0,1,1
RAVINUTHALA PRAKASAM,C7328819,404.0,1,1
V.V.NAGAR,C7832778,401.0,1,1
LAKE CITY MALL THANE WEST THANE,C3535976,400.24,1,1
1601360 BANGALORE,C8028964,400.0,1,1
AMBARNATH KALYAN EAST THANE,C8639578,400.0,1,1
ASHOK NAGAR BANGALORE,C3826414,400.0,1,1
BHAINDER EAST,C6327577,400.0,1,1
BSNL OFFICE WEST TRIPURA,C2463878,400.0,1,1
CHAR RISTA KATARGAM SURAT,C6046360,400.0,1,1
CHOWNK LUDHIANA,C1815180,400.0,1,1
CHURU RATANGARH,C6718274,400.0,1,1
DRIVING SCHOOL BANGALORE,C2242630,400.0,1,1
GORAKPUR,C6468038,400.0,1,1
HIGH SCHOOL JOGESHWARI E SO MUMBAI,C1580453,400.0,1,1
KALA CHOWKI MUMBAI,C3124464,400.0,1,1
MSRIT CAMPUS BANGALORE,C7015458,400.0,1,1
NAGAR GURGAON,C5922963,400.0,1,1
NASIRDA,C8718347,400.0,1,1
NEAR BHAYANDER FLYOVE THANE,C3927988,400.0,1,1
NURPUR BEDI,C6939425,400.0,1,1
P O GOPALPURI TAL ANJAR GANDHIDHAM,C3721019,400.0,1,1
PARVAT PATIA SURAT,C2638182,400.0,1,1
PATRATUR,C3123690,400.0,1,1
PATTAN,C3816988,400.0,1,1
PETROLEUM BUNK COIMBATORE,C4310237,400.0,1,1
RAMNAD,C7936517,400.0,1,1
RLY ST VASHI NAVI MUMBAI,C8229519,400.0,1,1
ROAD EMPID P11430 BANGALORE,C5527843,400.0,1,1
SAIDULJAB NEW DELHI,C5530163,400.0,1,1
TAMILNADU MADURAI,C6618582,400.0,1,1
TECH PARK BANGALORE,C6018517,400.0,1,1
THAKURDWARA,C7130070,400.0,1,1
UDUMBANCHOLA UDUMBANCHOLA,C2236724,400.0,1,1
VIKHROLI (EAST),C5623925,400.0,1,1
FUNCINEMA NEW DELHI,C4518469,399.6,1,1
BANASHANKARI III STAGE BANGALORE,C5539963,399.0,1,1
BETWEEN 10TH TO 11TH BANGALORE,C6025142,399.0,1,1
BLDG NO 11 MUMBAI,C1041424,399.0,1,1
DIST DURG,C4632421,399.0,1,1
GORGAON,C3914433,399.0,1,1
ROAD ANDHERI (EAST) MUMBAI,C7013350,399.0,1,1
SAHIBJADA AJIT SINGH NAGAR MOHALI,C6433734,399.0,1,1
TO ELLO MARKET BANDRA W MUMBAI,C6716717,399.0,1,1
VIDYARANYAPURA BANGALORE,C3533642,399.0,1,1
MAHABUBNGAR,C2715987,398.78,1,1
NADAVAYAL,C3427816,398.0,1,1
RD NO 4 HYDERABAD,C3341260,398.0,1,1
SV ROAD KANDIVALI WEST MUMBAI,C2598090,397.95,1,1
UNCHAHAR,C7425142,397.0,1,1
LOUTOLIM SALCETE,C5438616,395.69,1,1
ROAD ELECTRONIC CITY PO BANGALORE,C3741466,395.54,1,1
KADLAS,C5164453,394.0,1,1
LOHARADAGA,C5718692,394.0,1,1
ROAD NAVI MUMBAI,C9012221,393.0,1,1
BERAMPUR,C1224477,390.0,1,1
TOONGABBIE,C2233523,390.0,1,1
PASSPORT OFFICE PUNE,C6378361,388.29,1,1
COMISSIONER OFFICE MUMBAI,C8832558,387.0,1,1
KUMBHARIYA ROAD MAGUB SURAT,C5522054,386.96,1,1
TO SBM BANGALORE,C6029843,386.84,1,1
ALWAR RAJ,C5540930,386.0,1,1
COLONY THANE EAST THANE,C7044488,385.0,1,1
EKHJAULI MADHUBANI,C6536143,385.0,1,1
RAILWAY STN ELPHINSTONE ROAD MUMBAI,C9028254,385.0,1,1
RATNAGIRI PALI,C2819547,385.0,1,1
TIRUMALAGIRI HYDERABAD,C6532042,385.0,1,1
MUMBAI ANDHERI W,C2336931,382.0,1,1
SHERGHATI,C4837785,381.75,1,1
SIKANDAR SOLAPUR,C2219061,381.5,1,1
AIRPORT RD EMP IN P11875 BANGAORE,C5615936,380.0,1,1
BALOD,C5367335,380.0,1,1
CHINCHWAD  PUNE,C3617623,380.0,1,1
DHARAPURAH TK,C2313168,380.0,1,1
DOMBIVALI (WEST),C6916287,380.0,1,1
RAHATNI PUNE,C2383070,380.0,1,1
UDYOG VIHAR PH 1 GURGAON,C3513967,380.0,1,1
VIII (8) BHAYANDER EAST THANE,C8862034,380.0,1,1
BOKO,C8521713,379.0,1,1
VEREM,C6734279,378.0,1,1
MOHAMADPUR,C6233684,377.9,1,1
SAROVAR PUNE,C2023174,376.6,1,1
NIRMAL,C9037959,376.0,1,1
COLOUR CITY BOISAR W,C1521822,375.0,1,1
DISTT-REWARI,C3941566,375.0,1,1
PHARMACY HYDERABAD,C5540735,375.0,1,1
SAFEDPOOL ANDHERI E MUMBAI,C4820337,375.0,1,1
BHAJAN PURA,C5220241,374.0,1,1
OSHIWARA ANDHERI WEST MUMBAI,C5710428,372.0,1,1
EAST THANE THANE,C5836825,370.0,1,1
KUDAL,C2613465,370.0,1,1
TODAMPARA,C6339915,370.0,1,1
GADHINGLAJ,C1219551,369.0,1,1
JOGESHWARI EAST MUMBAI,C5141714,369.0,1,1
LALGUDI,C3484711,368.0,1,1
ARUPPUKOTTAI,C7529222,367.0,1,1
KARYALAY PUNE,C4728157,367.0,1,1
LACKNOW,C5276587,367.0,1,1
DONGARI GOREGAON WEST MUMBAI,C3832253,366.5,1,1
BENGALURU DAKSHIN,C3315141,366.0,1,1
BHAVANI,C5360855,366.0,1,1
RAIBAREILLY,C5927441,365.0,1,1
PUKHURIA,C7836013,364.68,1,1
RAEBARELY,C7316928,364.0,1,1
AIROL AIROLI THANE,C6616314,362.0,1,1
MAWANA (MEERUT),C5366262,362.0,1,1
CUDDALORE DISTRICT,C2527891,361.0,1,1
RAILWAY STN MUMBAI MUMBAI MUMBAI,C2824048,360.91,1,1
KOCHIIN,C1834033,360.28,1,1
AMBARNATH WEST,C6232534,360.0,1,1
BANK CIVIL LINE NAGPUR,C5512592,360.0,1,1
CHIKKAMAGALUR,C8431525,360.0,1,1
DEHGAM,C5532822,360.0,1,1
KANCHGHAR JABALPUR JABALPUR,C5237792,360.0,1,1
KANJIRAKODE,C5018743,360.0,1,1
NABHA DISTT  PATIALA,C4955634,360.0,1,1
NAGAL CHOUDHARY,C6842247,360.0,1,1
PAURIGARHWAL,C5860972,360.0,1,1
RAIGARH SUDHAGAD RAIGARH,C2031613,360.0,1,1
RLY STATION ELPHISTONE ROAD MUMBAI,C6424338,360.0,1,1
TRIPURA TELIAMURA,C4535637,360.0,1,1
CHAVARA,C2824915,359.0,1,1
CHITTATTUKARA,C8520557,359.0,1,1
MEDINIPUR WEST,C5616070,359.0,1,1
NAGAI,C1456670,359.0,1,1
CHAMRAJANAGAR,C1828612,358.0,1,1
CHUNNABHATTI SIGNAL SION (E),C2234817,358.0,1,1
SHOW ROOM LBS MARG,C5232258,357.1,1,1
CHEENAI,C7138964,357.0,1,1
DIST KANCHEEPURAM,C4911174,357.0,1,1
SARAN PATNA,C4739274,357.0,1,1
THANE SANDUZBAUGH,C8650343,357.0,1,1
PLOT NO 9/10/11/12 SURAT,C7840914,356.0,1,1
PUNJAB GURDASPUR,C5484074,356.0,1,1
13-5-431/A/1 HYDERABAD,C8222335,355.0,1,1
ALAM ROZA AHMEDABAD,C6716015,355.0,1,1
DIST AMRITSAR AMRITSAR,C6736544,355.0,1,1
LAXMANGARH,C7733659,355.0,1,1
MAHINDER GARH,C1715288,355.0,1,1
TAL KHED DIST PUNE,C5432920,352.0,1,1
AGENCY GREATER NOIDA,C2990812,350.0,1,1
BHATAPARA,C8812972,350.0,1,1
BHIWADHI,C8321790,350.0,1,1
BORAWAR NAGAUR,C8927560,350.0,1,1
KANDESHWAR STATION NAVI MUMBAI,C3519138,350.0,1,1
KASHGANJ,C6929838,350.0,1,1
NAROLI NAROLI,C8823957,350.0,1,1
OKHALDHUNGA,C8272174,350.0,1,1
OPP ALANKAR CINEMA MUMBAI,C4856576,350.0,1,1
PCMC PIMPRI PUNE,C5029049,350.0,1,1
SAMSTIPUR DIST,C7551037,350.0,1,1
SASARAN ROHTAS,C2534631,350.0,1,1
SECUDERABAD,C2031424,350.0,1,1
SEEPZ ANDHERI (E) MUMBAI,C4412291,350.0,1,1
SILIGURI SILIGURI,C6512753,350.0,1,1
YENAMALAKUDURU VIJAYAWADA,C5049172,350.0,1,1
BONIYAR,C8213290,349.0,1,1
ETUMANOOR,C2425539,349.0,1,1
MIRZA,C7733965,349.0,1,1
HAILY HANDI,C9047124,348.0,1,1
RANOLI,C6817337,348.0,1,1
NERUL BARDEZ,C7524876,347.0,1,1
PETROL PUMP BHANDUP W MUMBAI,C4131438,346.0,1,1
BHIWADI DIST ALWAR,C7742354,345.0,1,1
CHAKRADHARPUR,C2832943,345.0,1,1
KUNDHA,C4720148,345.0,1,1
PARK PHASE-01 HINJEWADI PUNE,C2617044,345.0,1,1
TIRUCHIRAPPALLY,C8238924,345.0,1,1
CITY FEROZEPUR,C6139519,344.0,1,1
MUDPAR,C5739637,344.0,1,1
SARBERIA,C2839156,344.0,1,1
NAGDA,C4311322,343.81,1,1
NADUVIL PANCHAYATH,C2318380,341.0,1,1
PUNE OPP IDBI BANK PUNE,C2838266,340.6,1,1
GOHARGANJ,C5039789,340.0,1,1
NR EKTA POLICE STATION BHANDUP W,C2013538,340.0,1,1
OPPOSITE YES BANK DELHI,C6940861,340.0,1,1
THAKURDWAR MUMBAI,C2954221,340.0,1,1
TIRUVARUR,C7823031,340.0,1,1
MEGHPAR,C2426322,338.15,1,1
PALAKKAD (DT),C3994130,338.0,1,1
ROADANDHERI WEST MUMBAI,C8431826,338.0,1,1
SCHOOL GUWAHATI,C5924140,338.0,1,1
SUPAUL DARBHANGA,C5617072,337.5,1,1
"BORIVALI, MUMBAI",C2519790,335.0,1,1
BUDDHA NAGAR,C7737582,335.0,1,1
COMPLEX BORIVALI (E) MUMBAI,C2427053,335.0,1,1
FORTIS HOSPITAL BANDUP W MUMBAI,C4322081,335.0,1,1
MAHINDRA TOWERS MUMBAI,C2820981,335.0,1,1
UNIVERSITY CHENNAI,C5869914,335.0,1,1
NALLOSAPARA E THANE THANE,C5627992,334.0,1,1
THIRTHALLI,C2127745,334.0,1,1
SCHOOL HABRA,C2961117,333.0,1,1
DESAI RD ANDHERI EAST MUMBAI,C8268192,332.0,1,1
LESRIWAL,C7532317,331.69,1,1
MONALI,C5817818,331.0,1,1
BHAVANI TK ERODE,C5625752,330.0,1,1
HIGH SCHOOL AURANGABAD,C2022283,330.0,1,1
JALGON,C1925434,330.0,1,1
KOPAR KHAIRANE NAVI MUMBAI,C2727025,330.0,1,1
MARINE LINES MUMBAI,C4711671,330.0,1,1
NARAYANAPUR,C8540375,330.0,1,1
SCHOOL LANE SECUNDERABAD,C1316458,329.35,1,1
PUNE CHINCHWAD,C3024858,329.0,1,1
TAURU TAORU MEWAT,C2716880,329.0,1,1
APARTMENTS CHENNAI,C3324123,328.0,1,1
REDDIYUR SALEM,C5669828,327.0,1,1
SOUTH DINAJPUR,C5364374,326.0,1,1
BHOJ PUR,C6477962,325.0,1,1
SURAT B/H PATEL SAMAJ VADI SURAT,C5832729,325.0,1,1
KARJAN,C5640538,322.7,1,1
HATIARA PURBACHAL HOU SOC KOLKATA,C8414629,321.0,1,1
MULUND W,C5125848,321.0,1,1
NAGAR KALYAN THANE,C7875730,320.78,1,1
AZITNAGAR,C8310940,320.0,1,1
COLONY BAGDOLA SOUTH WEST DELHI,C2835375,320.0,1,1
DISTT JHAJJAR,C4329833,320.0,1,1
KANDIWALI EAST,C5739678,320.0,1,1
NR VIVEKANANDTHA COLG CHENNAI,C1533460,320.0,1,1
PAMOL,C2374964,320.0,1,1
POST YELAHANKA HOBLI BANGALORE,C1210963,320.0,1,1
RLY STATION CHENNAI,C5726789,320.0,1,1
ROMPICHERLA,C3235261,320.0,1,1
VELPUR,C8437787,318.0,1,1
CHUNABHATTI (E) MUMBAI,C5625031,317.0,1,1
VASANT VIHAR DELHI,C8157048,317.0,1,1
LEEDS,C6114555,315.69,1,1
BURAKOTA ALMORA,C5240391,315.0,1,1
WANDER BEKARY KOLKATA,C7636262,315.0,1,1
SEVA SADAN ROAD GHATKOPAR W MUMBAI,C3123341,314.0,1,1
TUENSANG,C5419943,314.0,1,1
BADAUN BADAUN,C4620773,313.0,1,1
KHARDAH,C7717445,313.0,1,1
CENTRAL BANK KASUMPTI SHIMLA,C2436227,312.65,1,1
SERVICEMAN COLONY PUNE,C3012635,312.2,1,1
BARIPADA,C1828421,312.0,1,1
PIMPALGAON (BASWANT),C8639319,311.0,1,1
TANJAVORE,C2532364,311.0,1,1
BALAJI MANDIR MUMBAI,C2439182,310.0,1,1
BEMETARA,C5831623,310.0,1,1
BHIMRANA,C1127518,310.0,1,1
CHEMBUR FCI MUMABI,C4525119,310.0,1,1
MADHOPUR,C2893568,310.0,1,1
NEAR BLUE RIGDE SEZ PUNE,C5738574,310.0,1,1
PIMPLE GURAV PUNE,C6720513,310.0,1,1
STATION VARACHHA,C4310135,310.0,1,1
ULHASNAGAR W THANE,C6920057,310.0,1,1
PERIYAR NAOTER,C4312423,309.18,1,1
(PIGEN) BANGALORE,C6526730,309.0,1,1
BYCULLA MUMABI (MUMBAI CENTRAL),C1510036,309.0,1,1
COURIER OFFICE BANGALORE,C8019733,309.0,1,1
MOGRI,C8560753,309.0,1,1
NAGAI DT,C1312359,309.0,1,1
SRIPRUMBUDUR TK KANCHEEPURAM DIST,C5331643,309.0,1,1
MAHBOOBNAGAR,C6135027,308.15,1,1
NAGAR AZAD NAGAR MUMBAI MUMBAI,C5312162,308.0,1,1
OSHIWARA ANDHERI(W) MUMBAI,C2262517,306.36,1,1
GANDHI NAGAR NASHIK,C8526630,306.21,1,1
KURUSHETRA,C1129682,305.18,1,1
SECTOR-11 MATRO STATION NEW DELHI,C2124854,305.18,1,1
BEHIND BALAJI ANDHERI (W)MUMBAI,C7019115,305.0,1,1
UTTARSANDA,C4226256,305.0,1,1
B/H TOTAL CAR MALL NAVI MUMBAI,C1015032,304.97,1,1
KOLAR-DIST,C7413355,304.0,1,1
TANAJI NAGAR MALAD E MUMBAI,C4734186,302.59,1,1
2ND FLOOR HYDERABAD,C6912387,300.0,1,1
ADDA SONIPAT,C2629953,300.0,1,1
AREA TAL KHED CHAKAN PUNE PUNE,C3441660,300.0,1,1
BAUG CIRCLE SURAT,C1926659,300.0,1,1
BAURIPADA,C7030556,300.0,1,1
BOOTHGARH,C5441856,300.0,1,1
CHANDIWALA ESTATE KALKAJI,C3527314,300.0,1,1
CHURCH DADAR MUMBAI MUMBAI,C7532643,300.0,1,1
COURIER BHIWANDI,C7523227,300.0,1,1
DAMDAMA,C4934723,300.0,1,1
DARGA THANE WEST,C2542949,300.0,1,1
DARWAJA SURAT,C7720771,300.0,1,1
DISTT-AMRITSAR AMRITSAR,C4258171,300.0,1,1
DOUBLE RD BANGLORE,C3114786,300.0,1,1
DT-UDHAM SINGH NGR RUDRAPUR,C8336371,300.0,1,1
GALLERY BORIVALI (W) MUMBAI,C6929630,300.0,1,1
GANDHI STACHE NASHIK,C2416684,300.0,1,1
GARDEN WEST DELHI,C2143258,300.0,1,1
GHATKESAR K V RANGAREDDY,C6738744,300.0,1,1
GURGAOPN,C3224034,300.0,1,1
HAL 2ND STAGE INDIRANAGAR BANGALORE,C3014819,300.0,1,1
INDIRA NAGAR BANGALORE,C8426192,300.0,1,1
KALEWADI BRANCH PUNE,C6180991,300.0,1,1
KAMOTHE MUMBAI,C2020623,300.0,1,1
KANAYANNUR,C6710176,300.0,1,1
KANGEYAM,C7316069,300.0,1,1
KANKROLI RAJSAMAND,C4814333,300.0,1,1
KHANPUR,C5822023,300.0,1,1
KHATAV SATARA,C8622420,300.0,1,1
KNOWLEDGE PARK-III GREATER NOIDA,C1331532,300.0,1,1
KOLAR DIST,C7731424,300.0,1,1
KONDHWA BUDRUK PUNE,C6028764,300.0,1,1
KUMARANELLOOR,C6733019,300.0,1,1
MADANPLLI,C7121151,300.0,1,1
MAHARASHTRA NAGAR MUMBAI,C2524855,300.0,1,1
MALLAPPALLY,C3937920,300.0,1,1
MARYS SCHOOL BANGALORE,C5449852,300.0,1,1
MONTESORRI BENGALURU,C3615226,300.0,1,1
MORE MKT VISAKHAPATNAM,C1640544,300.0,1,1
MUMBAI AGRA ROAD NASHIK,C1314073,300.0,1,1
NAIGAON DADAR MUMBAI MUMBAI,C9023292,300.0,1,1
NATIONAL BANK HYDERABAD,C1216226,300.0,1,1
NEAR DURGA CHAWK NEW DELHI,C1839979,300.0,1,1
NEAR PASSPORT OFFICE PUNE,C7187491,300.0,1,1
OFF HOSUR ROAD BANGALORE,C3430047,300.0,1,1
PALDA INDORE,C4311383,300.0,1,1
PARK MIRA BHAYANDER ROAD THANE,C7930646,300.0,1,1
PASCHIM VIHAR DELHI,C1731355,300.0,1,1
PETROL PUMP KOLKATA,C8439642,300.0,1,1
PETROL PUMP SURAT,C5663591,300.0,1,1
POLY CLINIC BANGALORE,C4861667,300.0,1,1
PUMP SURAT,C1726071,300.0,1,1
PUNJAB NAVI MUMBAI,C6747571,300.0,1,1
PURBA JADAUPUR,C3215485,300.0,1,1
RAJASTHAN,C8317456,300.0,1,1
RD SANPADA NAVI MUMBAI,C4922461,300.0,1,1
ROAD MUMBAI MUMBAI,C3837483,300.0,1,1
SAANTACRUZ,C6540614,300.0,1,1
SAHEED BHAGAT SINGH NAGAR,C8016127,300.0,1,1
SEC-18 NOIDA,C1222067,300.0,1,1
SHOW ROOM RAJKOT,C1833154,300.0,1,1
SPAZE GURGAON,C8817244,300.0,1,1
TANK MUMBAI,C2335168,300.0,1,1
TIRUPUR DISTRICT,C7678244,300.0,1,1
UTTARA HALLI LAKE BEHIND BANGALORE,C6711112,300.0,1,1
VAGHASI,C5532133,300.0,1,1
VASCO DA GAMA SOUTH,C1929020,300.0,1,1
VIKHARNI NASHIK,C5811439,300.0,1,1
(NEAR AUDI SHOWROOM) BANGALORE,C5433650,299.86,1,1
PIRAVOM,C8629025,299.2,1,1
MASA BILIMORA,C1433828,299.0,1,1
PANOHAYATH,C4238770,299.0,1,1
TAORU/MEWAT,C5725773,299.0,1,1
VERSOWA MUMBAI ANDHERI (W),C5520343,299.0,1,1
PAJIFOND MARGAO,C3637185,298.25,1,1
157/4 NEELKANTH NAGAR MUMBAI,C1154983,298.0,1,1
AMBEGAON BK,C3816430,298.0,1,1
HIGH SCHOOL MAYURBHANJ,C6810816,298.0,1,1
SHAHIBABAD,C1716188,298.0,1,1
DIVA EAST,C6314811,297.0,1,1
KUBER NAGAR,C3414060,297.0,1,1
SINDHUDURGA,C8419585,297.0,1,1
VERTICA AHMEDABAD,C8966045,297.0,1,1
BADAYOAYO,C4932513,296.0,1,1
BHAYANDER (E) THANE,C3720936,296.0,1,1
MEENACHIL,C1726592,296.0,1,1
NEKNAM,C5914680,296.0,1,1
VAISHALI NAGAR RANGAREDDI,C7629156,296.0,1,1
WEST MUMBAI SAKINAKA,C4523646,296.0,1,1
YANBU AL BAHAR,C5135788,296.0,1,1
CHANDIGARH CHANDIGARH,C7160078,295.07,1,1
ADUGODI ADUGODI BANGALORE,C4770680,295.0,1,1
ANDHRI E MUMBAI,C8340345,295.0,1,1
BADLAPUR KULGAON AMBARNATH THANE,C8520655,295.0,1,1
CHIKBALLAPUR,C2830583,295.0,1,1
GADWAL,C6715119,295.0,1,1
MALL MALAD W MUMBAI,C5124872,295.0,1,1
ROAD PUNAGAM SURAT,C1841064,295.0,1,1
SHANIVARASANTHE,C1324591,295.0,1,1
THIRSSUR,C8039190,294.0,1,1
BALBADDA,C5137920,293.92,1,1
BADAGARA,C8642226,293.0,1,1
CHUNABATTI E MUMBAI,C6032024,293.0,1,1
NAGAR AJMER,C1838062,293.0,1,1
PHAPHUNO,C3820047,293.0,1,1
KOPAR KHAIRNE SO NAVIMUMBAI,C3738583,292.0,1,1
BANERGHATTA ROAD BANGALORE,C5179688,290.0,1,1
DAS HOSPITAL MUMBAI,C1219388,290.0,1,1
DEVELOPERS BHIWADI,C4191624,290.0,1,1
NAVI MUMBAI NERUL (W),C8917215,290.0,1,1
OF INDIA MUMBAI,C2829525,290.0,1,1
MADIPAKKAM,C1928627,289.0,1,1
TANAKPUR CHAMPAWAT,C7932831,289.0,1,1
BESIDE AXIS BANK HYDERABAD,C6552048,288.0,1,1
ELAMBAL,C7817682,287.0,1,1
MITHAKHALI ELLES BRIDGE AHMEDABAD,C4711385,287.0,1,1
MANER,C5449827,284.0,1,1
MUSICAL STORES HYDERABAD,C1722961,283.88,1,1
SALEM DISTRICT,C7514287,283.0,1,1
MUNUGODE,C4776841,282.96,1,1
CITY MUMBAI,C3738980,282.82,1,1
DIST JAUNPUR,C7375172,281.0,1,1
CHHAPARA,C1537561,280.7,1,1
CHEMMUMIAPET,C2823871,280.0,1,1
KHUTWAD NGR NASHIK,C4639753,280.0,1,1
KUTHA,C2129977,280.0,1,1
NAGAR THANE,C5542087,280.0,1,1
PERUMALLAPALLI,C2428433,280.0,1,1
THANE KOPRI EAST,C7948855,280.0,1,1
THOTHUKUDI DIST,C8416831,280.0,1,1
RIVERSIDE,C3831746,278.0,1,1
KOLHATI MIDC WALUJ AURANGABAD,C2912766,277.14,1,1
SRIPERUMBUDUR TALUK KANCHIPURAM DT,C7011688,277.0,1,1
OPP IIITCAMPUS HYDERABAD,C4529419,276.0,1,1
PANANGAD,C7728272,276.0,1,1
PANVEL HIGHWAY MUMBAI,C4226514,276.0,1,1
THE DANGS,C7014545,275.0,1,1
TRIMURTY,C7825216,275.0,1,1
UDAYARPALAYAM,C2624170,275.0,1,1
VASSI,C1913439,274.48,1,1
SUPERMARKET HYDERABAD,C6229326,273.2,1,1
BHAWANIGARH,C7025188,273.0,1,1
NO 2 WAGLE I E THANE,C4742125,272.0,1,1
TUTIKURIN,C6723572,271.0,1,1
AMORHA,C7113519,270.0,1,1
ASKAGANJAM,C7434015,270.0,1,1
CIRCLE (CHOWK) VAPI,C5057215,270.0,1,1
DEVALI,C6315254,270.0,1,1
GOPALPURI TALUKA-ANJAR GANDHIDHAM,C2841877,270.0,1,1
KARVE RD ERANDWANE PUNE,C1620856,270.0,1,1
MANDA KALYAN THANE,C6041811,270.0,1,1
PATHARDI PHATA NASIK,C4212781,270.0,1,1
RAMANAGARA,C4027470,270.0,1,1
SAMAYAN-AURAIYA,C7838852,270.0,1,1
SOUTH COIMBATORE,C4414420,270.0,1,1
SAHA GANG,C2126873,269.0,1,1
PAZHAVARICKAL,C2131580,268.31,1,1
SALEMPUR,C8931131,268.0,1,1
KUPPAM KILVAYATHINANKUPPAM VELLORE,C6118942,267.0,1,1
RD AIROLI NAVIMUMBAI,C2922977,267.0,1,1
NANDGAON,C7230858,265.05,1,1
ANKIESHWAR,C1012288,265.0,1,1
BRIDGE NEW DELHI,C4841531,265.0,1,1
GRTR MUM CORP TALUKA MUMBAI,C6513729,265.0,1,1
ANDAL,C2037272,263.0,1,1
TRICHY (DT),C2321831,263.0,1,1
VILLUPURAM DIST,C7641542,262.0,1,1
KORMANGALA 4TH BLOCK BANGALORE,C2918691,261.68,1,1
DHOVI GHAAT ITARSI,C6132155,261.0,1,1
"ASHOK NAGAR,MADHYA PRADESH",C5934459,260.0,1,1
CHITRAKOOT MARG JAIPUR,C5217427,260.0,1,1
EZHAMKULAM,C6512336,260.0,1,1
HOBLI HOSA ROAD BANGALORE,C2624986,260.0,1,1
KHERI FARIDABAD,C8731835,260.0,1,1
MADHUGORA,C6155855,260.0,1,1
NR PRIYADARSHNI BLDG MUMBAI,C2423282,260.0,1,1
PEDNEM,C2417385,260.0,1,1
PHARMACY THANE WEST THANE,C5743166,260.0,1,1
TELEPHONE EXCHANGE SION-E MUMBAI,C6320949,260.0,1,1
KOLATHUR CHENNAI,C1424567,259.0,1,1
TEMPLE PRAKASAM,C2243149,258.0,1,1
EXT NEW DELHI,C7327584,255.0,1,1
MAGRODA,C4914121,255.0,1,1
MINJUR,C8840046,255.0,1,1
ROAD EMP ID P10514 BANGALORE,C8115691,255.0,1,1
WEST KALYAN THANE,C8229168,255.0,1,1
AMBERNATH W,C3315627,253.0,1,1
INDIA,C6232161,253.0,1,1
KHUSKHERA BHIWADI ALWAR RD ALWAR,C5394643,253.0,1,1
NALHAR NUH MEWAT,C1843841,253.0,1,1
SONPETH,C7132261,253.0,1,1
KUCHAMAN CITY,C8825126,252.0,1,1
STATION CHENNAI,C3039412,252.0,1,1
DEORIA DISTRICT-DEORIA DEORIA,C1111192,251.87,1,1
ARMUR,C7813482,251.73,2,1
INDL ESTATE NR BUSSTOP COIMBATORE,C8230347,251.0,1,1
PATIALA PATIALA,C3474691,251.0,1,1
SRI GOFWARA,C6027238,251.0,1,1
111 BLOCK BANGALORE BANGALORE,C1817514,250.0,1,1
ATMAKUR,C8932826,250.0,1,1
BHADESAR,C5532731,250.0,1,1
CHARKOP KANDIVALI (W) MUMBAI,C8220256,250.0,1,1
CLARKSBURG M MD,C1633661,250.0,1,1
CR OFFICE BANGALORE,C5119382,250.0,1,1
CURCHOREM SOUTTH GOA,C8935737,250.0,1,1
GODAVARI WEST,C1541632,250.0,1,1
ISLAND MUNDRA,C6096283,250.0,1,1
MAHABIRSTHAN SILIGURI,C4217729,250.0,1,1
METRO MALL DELHI,C3429164,250.0,1,1
NAGTHAT,C2636857,250.0,1,1
NANGLOI NEW DELHI,C2742187,250.0,1,1
NILUPPURAM,C5129634,250.0,1,1
OMAN,C1714734,250.0,1,1
PANDURANGAPURAM VISAKHAPATNAM,C6315335,250.0,1,1
RESTAURANT HYDERABAD,C6443569,250.0,1,1
ROAD ASHOKNAGAR POST MANGALORE,C3028168,250.0,1,1
ROAD UNJHA,C7723346,250.0,1,1
SHASTRINAGAR SAKINAKA MUMBAI,C4939929,250.0,1,1
SHIVAJI NGR PUNE,C5640147,250.0,1,1
SINGH SABHA NAGPUR,C5838149,250.0,1,1
SUBURB 2ND STAGE BANGALORE,C6320263,250.0,1,1
TANK TADBUND HYDERABAD,C7811624,250.0,1,1
UDHAM SINGHNAGAR,C8733829,250.0,1,1
VAIKOM,C5028132,250.0,1,1
KAMAN HYDERABAD,C6020339,249.75,1,1
WAGLE ESTATE THANE WEST THANE,C5151322,249.28,1,1
ALAPUZHA DT,C7371214,249.0,1,1
ARMULA,C5017487,249.0,1,1
DEHRARUN,C7134248,249.0,1,1
ICHAPUR,C8712711,249.0,1,1
KASOR,C4669746,249.0,1,1
MAZAGAON-MUMBAI,C3940530,249.0,1,1
MOHAN HOTEL LUCKNOW,C6714885,249.0,1,1
SHIMOGA  DIST,C7733146,249.0,1,1
SUNDARPUR,C5521847,249.0,1,1
SURAT CITY SURAT,C6638448,249.0,1,1
DIST RATNAGIRI,C1539283,248.0,1,1
KENDRAPARA KENDRAPARA,C7441050,248.0,1,1
NAKHATRANA,C1610573,248.0,1,1
ALER,C5328863,246.23,1,1
BANGARAPET KOLAR,C1540750,246.0,1,1
BIHAEYND KANDE TABELA MUMBAI,C6995712,246.0,1,1
CHANDOR SOUTH,C3136140,246.0,1,1
UTHIRAMERUR,C1931826,245.46,1,1
LUNAWADA,C1813712,245.0,1,1
OMALUR,C7239969,245.0,1,1
PUTPUTIA,C1431132,244.0,1,1
VASUNDHARA GZB,C4732488,241.55,1,1
UJHANI,C5527532,241.0,1,1
PRAKASAM DISTT,C2410183,240.79,1,1
LAKHTAR,C6524383,240.4,1,1
BEAVERTON,C5437658,240.0,1,1
BLDG PRABHADEVI MUMBAI,C6030046,240.0,1,1
LANE EKSAR RD BORIVALI MUMBAI,C8319434,240.0,1,1
ROAD KATARGAM SURAT,C1939229,240.0,1,1
SANYUKTA NAGAR NALLASOPARA EAST,C8522328,240.0,1,1
SHAHBAD M,C1412035,240.0,1,1
SOSUR MAIN ROAD BANGALORE,C1582655,240.0,1,1
SUBBAL,C2125728,240.0,1,1
KARANJIA,C2146349,238.0,1,1
MANPURI,C5911965,238.0,1,1
MUMBAI CITY (MH) MUMBAI,C1432077,237.42,1,1
INDANE GAS DEALER BANGALORE,C2531152,237.0,1,1
RAIGARH C G RAIGARH,C4228617,236.52,1,1
EDAPPADI,C5138527,236.0,1,1
SIVAKASI-TK,C3415556,235.44,1,1
GHIKARA,C7022978,235.0,1,1
JETALSAR,C2813014,235.0,1,1
SWAMYROAD RSPURAM COIMBATORE,C4661043,235.0,1,1
PALA,C1447360,234.0,1,1
BHUVAN NALLASOPARA EAST THANE,C5933283,233.0,1,1
BHAWAN NEW DELHI,C4742671,232.0,1,1
RAI SONEPAT,C1230589,232.0,1,1
"STAGE INDIRANAGAR,BANGALORE",C4722287,231.87,1,1
KALYAN E MUMBAI,C1075786,231.6,1,1
NASIK ROAD NASIK,C2732631,231.06,1,1
LOWER PAREL ( WEST ) MUMBAI,C4227177,230.0,1,1
NR SARADA MATH NORTH 24 PARGANAS,C4837691,230.0,1,1
YORK,C7132628,230.0,1,1
KALLAKURICHI,C8432785,228.4,1,1
INSTA AC,C4111844,227.0,1,1
THAKURLI,C4919462,227.0,1,1
IRRUNGATTUKOTTAI IRRUNGATTUKUTTAI,C4058263,226.0,1,1
HANUMAN JUNCTION,C3011371,225.0,1,1
HARSAN,C8820011,225.0,1,1
PUMP CHAKALA ANDHERI EAST MUMBAI,C3438353,225.0,1,1
SAI GANGA NAGAR,C6139566,225.0,1,1
SANGUR,C7822547,225.0,1,1
ULUNDURPETTAI,C1232945,225.0,1,1
SONATIKARI,C2529679,224.0,1,1
KHAMAM,C2546972,222.38,1,1
SONEPUR,C6331617,221.89,1,1
VIDHYABHAVAN SURAT,C4210280,221.0,1,1
APT NR SAVE BAZAR BANGALORE,C6619371,220.5,1,1
CHALAKKUDI,C6717633,220.0,1,1
DADRA AND NAGAR HAVELI,C8436129,220.0,1,1
DIST-KANGRA,C2039523,220.0,1,1
GANESH TEMPLE MUMBAI,C5415554,220.0,1,1
GAUTTAM BUDDA NAGAR,C6814528,220.0,1,1
KOTHAPUR,C5814520,220.0,1,1
LALAGUDA SECUNDERABAD HYDERABAD,C3532847,220.0,1,1
MAGARPATTA RD HADAPSAR PUNE,C8626389,220.0,1,1
MATUNGA MUMBAI,C2530251,220.0,1,1
PARK CHURCH RD COIMBATORE,C4937778,220.0,1,1
RD AMROLI NR GAUTAM TRADING SURAT,C8632181,220.0,1,1
SOCIETY PUNE,C6010921,220.0,1,1
TANIYA TOWN THA THANE,C4710876,220.0,1,1
KAMALI,C5714285,219.13,1,1
SCHOOL WEST TRIPURA,C5140751,218.5,1,1
RAJARHAT KOLKATA,C3634941,218.0,1,1
NAWALPARASI,C6137126,216.0,2,1
BASAVESHWAR NAGAR BANGALORE,C2416378,215.0,1,1
NETIVALI KALYAN (E) THANE,C3442432,215.0,1,1
MISSISSAUGA,C5636669,213.0,1,1
NAGAR DELHI,C5440728,213.0,1,1
HAJAPSAR PUNE,C4368534,212.15,1,1
VILLAGE MALAD (WEST) MUMBAI,C2887682,212.0,1,1
BIDADA,C5722043,210.0,1,1
CENTRAL  DELHI NEW DELHI,C2595973,210.0,1,1
DIST BHOPAL,C8363891,210.0,1,1
KALYANI NAGAR VADAGAON SHERI PUNE,C3538037,210.0,1,1
KORAMAGALA 1ST BLOCK BANGALORE,C1140989,210.0,1,1
MARGAON,C2252962,210.0,1,1
PAKHADI KANDIVALI WEST MUMBAI,C7035625,210.0,1,1
SALGAON,C4423770,210.0,1,1
SERVICE MUMBAI,C1069333,210.0,1,1
DEPOT K V RANGAREDDY,C1712052,209.06,1,1
DEPOT BORIVALI EAST MUMBAI,C3327863,209.0,1,1
ASHRAM MUMBAI,C4522958,208.67,1,1
SCHOOL DOMBIVALI EAST,C4636091,207.0,1,1
AMRUTHA BAKERY BANGALORE,C6424559,206.0,1,1
SWEET JUNCTION NASHIK,C5726157,205.33,1,1
FACTORY ANDHERI-E MUMBAI,C7924052,205.0,1,1
BAROTHA,C4237583,203.45,1,1
DHATRI BAR AND RESTAURANT HYDERABAD,C1878885,203.0,1,1
SENAI,C5237750,202.0,1,1
UDUPI MANIPAL,C3433629,201.78,1,1
SANGAREDDY,C2433554,201.73,1,1
JUBILEE HILLS HYDERABAD,C3329429,201.0,1,1
KALABURAGI,C2340014,201.0,1,1
RANGAREDDY DIST HYDERABAD,C6910030,201.0,1,1
THIRUVANMIYUR CHENNAI,C5729364,201.0,1,1
(W) S V RD MUMBAI,C6816270,200.0,1,1
ABHIJATRI CLUB KHARAGPUR,C3842780,200.0,1,1
AMGRON,C5712256,200.0,1,1
APPARTMENT KOLKATA,C1123834,200.0,1,1
BALODA,C6422675,200.0,1,1
BANARISI PAN BHANDAR MUMBAI,C3115561,200.0,1,1
BANASHANKARI BANGALORE,C5140347,200.0,1,1
BELKHADU JABALPUR,C5565616,200.0,1,1
BHALUHI,C5248144,200.0,1,1
BHAWN CHHINDWARA,C6715618,200.0,1,1
BRANCH KONDAPUR HYDERABAD,C8550816,200.0,1,1
CHANDRAPURNAGAR NO 01 RAMNAGAR,C3413174,200.0,1,1
CHATRA,C8135218,200.0,1,1
CHINGLEPUT,C2328585,200.0,1,1
CHIREMIRI,C7151061,200.0,1,1
CHUNCHURA HOOGHLY,C7551137,200.0,1,1
CINEMA HALL ASANSOL,C8135674,200.0,1,1
CINEMA PUR NEW DELHI,C7638536,200.0,1,1
DEVAS,C1375787,200.0,1,1
DHAYRI PUNE,C4122032,200.0,1,1
DIST AURANGABAD,C8828292,200.0,1,1
DIST SOLPAUR,C1920941,200.0,1,1
DISTT MEWAT,C6725346,200.0,1,1
EAST KALYAN KATEMANIVALI THANE,C5040462,200.0,1,1
EMP NO 61645 BANGALORE,C1439124,200.0,1,1
FLOOR PUNE,C8913637,200.0,1,1
FURSUNGI PHURSUNGI PUNE HAVELI,C2216950,200.0,1,1
G P O AHMEDABAD,C2799276,200.0,1,1
GARDEN COIMBATORE,C7936446,200.0,1,1
GARDEN RD NR JEHANGIR HOSPITAL PUNE,C2115641,200.0,1,1
GEORAI BEED,C2314039,200.0,1,1
HALLI BANGALORE,C6735989,200.0,1,1
HIMACHAL PRADESH BILASPUR,C2133513,200.0,1,1
HOME MUMBAI,C1034229,200.0,1,1
JAWALAMUKHI,C7439476,200.0,1,1
KANNAD AURANGABAD,C9040322,200.0,1,1
KHAMBHAT,C3110563,200.0,1,1
KHANDAVALLI WEST GODAVARI,C1326765,200.0,1,1
KHATAULI,C3521084,200.0,1,1
KHOIJUMAN,C2719119,200.0,1,1
KHONGOM,C8513553,200.0,1,1
KHURD NASHIK,C3632314,200.0,1,1
"KONDHWA KHURD, PUNE",C6639377,200.0,1,1
KOTHRUD PUNE,C3428313,200.0,1,1
LAKHANI KIRANA ITARSI,C6257419,200.0,1,1
LAL HOSPITAL NEW DELHI,C6697281,200.0,1,1
LANE GANDHI NGR BORING RD PATNA,C6524119,200.0,1,1
LINES K V RANGAREDDY,C3736690,200.0,1,1
MADHYA VIDYALAYA DHANBAD,C8412848,200.0,1,1
MAHADEVAPURA BANGALORE,C8017490,200.0,1,1
MASJID MAAKHIWALA CMPD AHMEDABAD,C7243222,200.0,1,1
MAYILDUTHURAI NAGAI DIST,C5135578,200.0,1,1
MOTA KAPRA,C3973484,200.0,1,1
MOTHERSON COMPANY FARIDABAD,C4634379,200.0,1,1
MUNIRKA,C3040862,200.0,1,1
MURAD NAGAR,C6236353,200.0,1,1
NALAPPURAM,C1428074,200.0,1,1
NALLOSPARE E THANE,C5341476,200.0,1,1
NILOKHERI,C3827458,200.0,1,1
NR RANI KUTHI SOUTH 24 PARGANAS,C8428815,200.0,1,1
OFFICE INDRAYANINAGAR PUNE,C7944535,200.0,1,1
OZAR,C7570680,200.0,1,1
PEDAGANTYADA BHPV VISAKHAPATNAM,C4442824,200.0,1,1
PETROL PUMP CHIKHLI,C4525341,200.0,1,1
PH III GURGAON,C5939225,200.0,1,1
PUMP OPP RAKESH TRA CO JODHPUR,C2931646,200.0,1,1
PUNE MUMBAI HIGHWAY PUNE,C4159837,200.0,1,1
PUTHUR,C7412536,200.0,1,1
R R DISTRICT,C1337386,200.0,1,1
RAJASTHAN JHALAWAR,C4681138,200.0,1,1
RANGAREDDY LB NAGAR K V RANGAREDDY,C8333469,200.0,1,1
RUDRAPUR DISTT U S N RUDRAPUR,C7122289,200.0,1,1
RUDRAVARAM,C6090587,200.0,1,1
RUPBAS,C1532324,200.0,1,1
"SAFEDPOOL ANDHERI-E, MUMBAI",C3233869,200.0,1,1
SAHARASA,C1816227,200.0,1,1
SALODARIYA,C7275147,200.0,1,1
SAVITRI APARTMENT KALYAN,C5532053,200.0,1,1
SEATTLE,C2737758,200.0,1,1
SEKMAI,C1517166,200.0,1,1
SHIBPUR HOWRAH,C5829715,200.0,1,1
SHOWROOM) ELECTRONIC BANGALORE,C4935929,200.0,1,1
STORE NEEM KA THANA,C1937023,200.0,1,1
STREET TEH HAVELI PUNE,C3127966,200.0,1,1
SUNDARNA,C2641866,200.0,1,1
SWEILEH,C6635883,200.0,1,1
T V M DT,C2324555,200.0,1,1
TALEGAUN DABHADE,C3169792,200.0,1,1
TEHSIL BHIVAPUR,C1772430,200.0,1,1
THANE (W) JEKEIRAM,C2023187,200.0,1,1
THANE- EAST,C5312351,200.0,1,1
THANI,C1122174,200.0,1,1
THIRUVIDANTHAI,C3228314,200.0,1,1
TIRUCHY,C4417741,200.0,1,1
UDALA,C3750283,200.0,1,1
UDGIR LATUR,C7920911,200.0,1,1
ULHASNAGAR ULHASNAGAR,C1291958,200.0,1,1
UMRETH,C4621853,200.0,1,1
VAPHGAON,C8090836,200.0,1,1
VILL TOWN CITY KALYAN THANE,C1930184,200.0,1,1
VYARA,C7936962,200.0,1,1
YANBU-41912,C2514284,200.0,1,1
ZAMEEN PALLAVARAM,C1787060,200.0,1,1
BEHALA COLLAGE KOLKATA,C1327369,199.0,1,1
CHOWK AURANGABAD,C6323790,199.0,1,1
GOKARN,C2211375,199.0,1,1
HOSHIYARPUR,C1935740,199.0,1,1
HUSKUR CIRCEL BANGALORE,C8817350,199.0,1,1
KYOTO,C7435459,199.0,1,1
MUNDAWAR,C3234942,199.0,1,1
NIPANI AMRAVATI,C7859148,199.0,1,1
POR,C4732048,199.0,1,1
RADHANPUR,C1522818,199.0,1,1
THALAPPALLY,C4668725,199.0,1,1
VADAPURI,C1428016,199.0,1,1
VILLA BUNGLOWS ANAND,C2540288,199.0,1,1
VILLOONNI,C1342479,199.0,1,1
JAMATKHANA BHUJ,C3019172,198.0,1,1
KADOD KALAN,C7837149,198.0,1,1
KALMEGHA,C1289674,198.0,1,1
PADA MUMBAI,C3135211,198.0,1,1
UDAYARPALAIYAM,C1295087,198.0,1,1
BAIPAS JAIPUR,C8134779,197.0,1,1
BHAVANI GEMS SURAT,C6234429,197.0,1,1
OPP KPHB KUKATPALLY HYDERABAD,C5711985,197.0,1,1
SHIRGAON BADLAPUR,C2040682,197.0,1,1
SWAR,C4335542,197.0,1,1
EVARADD NAGAR SION E MUMBAI,C2426111,196.0,1,1
OFFICE SION KOLIWADA MUMBAI,C6014170,196.0,1,1
SIGHWAL,C4120752,196.0,1,1
AIRPORT BANGALORE,C6840724,194.07,1,1
TAPIDARSHAN SOC NANAVARACHHA SURAT,C7333443,193.7,1,1
SABARKANTHA MEGHRAJ,C8925924,193.0,1,1
SRIPERUMBUDUR TK,C4720536,193.0,1,1
KAKKANADU ERNAKULAM,C4914347,192.0,1,1
KAMALPUR,C4761929,190.0,1,1
MUMBAI WORLI COLONY MUMBAI,C3829362,190.0,1,1
NAVANARODA AHMEDABAD,C5234645,190.0,1,1
NEAR BALAJI TEMPLE NAVI MUMBAI,C6314220,190.0,1,1
PEEDAL,C8014868,190.0,1,1
NXT TO APNA BAZAAR MUMBAI,C6022027,189.5,1,1
K V RANGARDDEY,C4341971,189.0,1,1
RADHAMADHAV PATHIA SILCHAR,C1637784,188.0,1,1
KANNYAKUMARI,C7218754,185.0,1,1
TIRUPPUR DIST,C1956142,185.0,1,1
WEST MUMBAI WADALA MUMBAI,C3599713,184.0,1,1
POST OFFICE ZIRAKPUR,C5820068,183.0,1,1
MALOUT (PUNJAB),C7728779,180.45,1,1
BANSUR ALWAR,C1613370,180.0,1,1
GOAL MAIDAN ULHASNAGAR,C2925166,180.0,1,1
JODHPURIA 210 PO JODHPURIA SIRSA,C4740880,180.0,1,1
SAGARESWAR,C2326562,180.0,1,1
BELGAVI,C4339712,179.0,1,1
NEELAMANGALAM,C8117385,179.0,1,1
RAIGANJ,C2994447,179.0,1,1
BHAYANDER W,C5931759,178.0,1,1
BISINGHBHUM JAMSHEDPUR,C5130754,178.0,1,1
CITY CENTRE 2 NORTH 24 PARGANAS,C3435534,178.0,1,1
PANCHLULA,C5034550,178.0,1,1
CAFE 1730 PUNE,C7132425,177.27,1,1
AMALSADA,C8235186,177.0,1,1
HATHRAS M M NAGAR,C4240483,176.0,1,1
NANDIA,C2521446,175.51,1,1
VARDHAMAN NAGAR NAGPUR,C6010052,175.3,1,1
BERHAMPORE,C5838519,175.0,1,1
DIST MOHALI,C7831464,175.0,1,1
GHATAMPUR,C2627532,175.0,1,1
MAJARI,C8219826,175.0,1,1
MALAD  W MUMBAI,C4835266,175.0,1,1
MUMBAI B/H BEAUMONDE TOWER MUMBAI,C6010864,175.0,1,1
SRIPERUMBUDUR TALUK KANCHIPURAM,C9022613,175.0,1,1
YADAVA STRT ATMAKURU NELLORE,C5126183,173.0,1,1
GHAIZABAD,C6035669,170.0,1,1
KALAMBOLI NAVI MUMBAI,C6426571,170.0,1,1
NR DELL OFFICE HYDERABAD,C2819816,170.0,1,1
OFF NO 26 27 AND 28 PAUD ROAD PUNE,C5136283,170.0,1,1
SARRANG,C8941383,170.0,1,1
THOOTHOKUDI,C7356839,170.0,1,1
NOUGAWAN,C4633860,169.0,1,1
MUMBAI GOREGAON WEST,C3510331,167.77,1,1
ABHANPUR,C8532370,165.0,1,1
STOP VASHINAKA CHEMBUR MUMBAI,C1760840,165.0,1,1
DINHATA,C5711613,164.0,1,1
TK KANCHEEPURAM DIST,C2929684,164.0,1,1
DARWANDO,C1410575,162.65,1,1
RATNMANI SURAT,C7829931,161.0,1,1
AMBERNATH  E THANE,C2094130,160.0,1,1
DAYANATPUR,C8216174,160.0,1,1
KANCHEEPURAM DIST,C3627866,160.0,1,1
LADNUN,C6531688,160.0,1,1
SUPER MARKET UPPAL HYDERABAD,C6437585,160.0,1,1
WORK PIMPRI PUNE,C3518867,160.0,1,1
IQBALGADH,C2627316,159.0,1,1
KOTTOPPADAM PO,C6831278,159.0,1,1
HALL GHAZIABAD,C6536983,156.0,1,1
NEEMTAL,C1241191,156.0,1,1
SANTA KABEERNAGAR,C4010077,156.0,1,1
SAWAIMADHOPUR,C2887471,156.0,1,1
COACH BUS STOP MUMBAI,C7715145,155.0,1,1
STUDIO ANDHERI WEST MUMBAI MUMBAI,C5225040,155.0,1,1
ERUMATHALA,C3413365,151.79,1,1
NR CHHAYA PUBLIC SCHOOL GHAZIABAD,C2231538,151.0,1,1
KUZHIMATTOM,C8312926,150.41,1,1
AFZALGARH,C3651038,150.0,1,1
BRIDGE KHARADI PUNE,C5638167,150.0,1,1
GHATKOPAR EAST MUMBAI,C7828491,150.0,1,1
HASANPUR,C8418745,150.0,1,1
HILL ANTOP HILL MUMBAI MUMBAI,C7919051,150.0,1,1
KOKRAJHAR,C5020185,150.0,1,1
LINGASUGUR HQ,C3074523,150.0,1,1
MAHARASHTRA CHIPLUN,C2021570,150.0,1,1
MAO,C7347872,150.0,1,1
MEDCHAL,C9024133,150.0,1,1
MUMBAI SUBURBAN DIST (MH) MUMBAI,C7535832,150.0,1,1
NAKA VADODARA,C2731634,150.0,1,1
OJHAR MIG,C1677976,150.0,1,1
ROAD EMP ID P11217 BANGALORE,C7314530,150.0,1,1
STOP KOLKATA,C8221368,150.0,1,1
TRIUPPUR,C8437529,150.0,1,1
UMKDAIT,C8812649,150.0,1,1
VANUR TK,C6524854,150.0,1,1
WADACHINWADI ROAD PUNE,C6532116,150.0,1,1
WANKANER,C7228740,150.0,1,1
GOHNA,C5940640,149.0,1,1
SARDHANA,C2626638,149.0,1,1
TAL BHIWANDI,C3220544,149.0,1,1
MOTILAL NAGAR GOREGAON WEST MUMBAI,C5132372,148.0,1,1
SANGAM VIHAR,C4816141,148.0,1,1
TAMLUK,C8225918,148.0,1,1
CHIKKAMAGALURU,C7980152,147.0,1,1
KNOWLEDGE PARK III GREATER NOIDA,C7635614,147.0,1,1
KODIGHALII RLY STN BANGLORE,C6023529,147.0,1,1
TEEKOY,C6830039,147.0,1,1
VELIYANAD,C8835717,146.0,1,1
BENGAL DURGAPUR,C7931712,145.75,1,1
PAPUMPARE,C6018675,145.75,1,1
BIKRAMGANJ,C8535970,144.0,1,1
CENTRAL MALL BANGALORE,C5938921,144.0,1,1
THANJAVUR (DT),C5588481,144.0,1,1
ROAD CHEMBUR MUMBAI,C1335492,142.0,1,1
BADALAPUR W THANE,C4322790,141.0,1,1
SHIVSHAHI PRAKALP MUMBAI,C3388751,141.0,1,1
BHETESWAR,C4188938,140.0,1,1
DEFENCE COLONY NEW DELHI,C8210190,140.0,1,1
DIST-LAKHIMPUR,C9012982,140.0,1,1
KAILSA,C7210142,140.0,1,1
RAKASHWADI,C7514335,140.0,1,1
STATION COLABA MUMBAI,C5313911,140.0,1,1
WAGLE L E THANE,C5440773,139.18,1,1
NANDURABAR,C7531922,139.0,1,1
KAMBARASAPURAM,C8323986,138.0,1,1
PALLADAM,C2223939,137.0,1,1
BANOUR,C4145268,135.0,1,1
KANHA RESTURANT JAIPUR,C4367915,135.0,1,1
RAIBARELI,C1416675,135.0,1,1
PO BOX 33060 DUBAI DUBAI,C1227156,133.36,1,1
DISTT-PUNE PUNE,C1322766,133.0,1,1
KANDIWALI  MUMBAI,C8011278,130.0,1,1
KHANUSA,C7425679,130.0,1,1
MAKARPURA BARODA,C1726532,130.0,1,1
MANDIR JM ROAD PUNE,C8122360,130.0,1,1
TALUK KANCHEEPURAM,C7040111,130.0,1,1
THANE BHIWANDI,C5320589,130.0,1,1
GANDHI NAGR,C2818670,129.52,1,1
VADTAL,C4321543,129.2,1,1
AHAMEDNAGAR,C1520665,129.0,1,1
PURNA VILL THANE BHIWANDI RD THANE,C6210320,129.0,1,1
BAPULAPADU,C3538184,128.0,1,1
HYEDERABAD,C5437166,128.0,1,1
MALLAPURAM DT,C7494914,128.0,1,1
TAL-MORMUGAO,C3816461,128.0,1,1
JAGANNATHPUR,C8820220,127.0,1,1
FATIMA NAGAR PUNE,C2588677,125.6,1,1
ADALAJ,C7619844,125.0,1,1
BARDHAMAN AT GORAI MANSION ASANSOL,C3537846,125.0,1,1
BHAYANDER EAST THANE,C2713734,125.0,1,1
SAHIB STREET BANGALORE,C3040478,125.0,1,1
SRIKAKUKLAM DT,C5664086,125.0,1,1
ASHRAM SOCIETY MUMBAI,C1634760,124.42,1,1
HOTEL ASHWIN MUMBAI,C1032824,124.42,1,1
SURYAPETNALGONDA(DIST),C5345464,124.0,1,1
ANDRWARI,C3712976,123.0,1,1
S K AHIRE MARG WORLI MUMBAI,C1339586,123.0,1,1
GORWA ROAD VADODARA,C1488431,120.0,1,1
MADURAI DISTRICT,C2615771,120.0,1,1
THIRVVANNAMALAI,C3617728,120.0,1,1
VIRUDHUNAGAR (TK),C3510848,120.0,1,1
AGONDA,C6817723,119.8,1,1
SAHEBGANJ,C5322128,118.0,1,1
VILE PARLE E MUMBAI,C3840733,117.0,1,1
VIJAYAWADA RURAL,C3219148,115.2,1,1
ARIYALUR (DT),C7522245,115.0,1,1
KUMBAKONAM,C7121252,115.0,1,1
BAER GREATER NOIDA,C8827233,113.0,1,1
BELAPUR ROAD NAVI MUMBAI,C4381556,112.0,1,1
MADURAI DIST,C8930514,112.0,1,1
ROAD MAHALAXMI MUMBAI,C5825817,112.0,1,1
SHAHDARI,C1838430,112.0,1,1
NARIYANGANAM P O,C6431480,111.0,1,1
IRAGAVARAM,C6510360,110.0,1,1
KALYANPUR LUCKNOW,C4653565,110.0,1,1
KOTPUTLI,C1412540,110.0,1,1
NARSAPUR,C5217612,110.0,1,1
NAVGHAR VASAI E,C1727817,110.0,1,1
NEAR LALAPET FLYOVER SECUNDERABAD,C8924833,110.0,1,1
PREMISES KALYANI NAGAR PUNE,C3611468,110.0,1,1
RAMASWAMY FUNCTION HALL HYDERABAD,C5833219,110.0,1,1
SHAMIKPET HYDERABAD,C1312132,110.0,1,1
THANE OPP GRAMPANCHAYAT TARAPUR,C6768360,110.0,1,1
THANE WAGLE IE THANE,C3728938,110.0,1,1
THOTTHUKUDI,C4421934,110.0,1,1
TRITOL,C2914354,110.0,1,1
AKSHAR CMPL SURAT,C8319841,109.8,1,1
GOREGAON E AREY MILK COLONY MUMBAI,C7136178,108.0,1,1
NEAR KALYANI BANGLOW PUNE,C3921622,108.0,1,1
HINJEWADI PHASE 3,C3524826,104.0,1,1
(RLY) NAGPUR,C7018278,103.0,1,1
DODDABALLAPURA,C5597145,102.05,1,1
SAMLETI,C1933522,101.5,1,1
BUST STOP MIDC RD ANDHERI(E) MUMBAI,C7819111,101.15,1,1
HAJO,C8913631,101.15,1,1
JUNNAR,C4818011,101.15,1,1
BHIMTAL,C1826955,101.0,1,1
EDOGAWA KU,C7944514,100.86,1,1
MANDAL MUMBAI,C1789561,100.86,1,1
RD THANE,C3933256,100.37,1,1
1601967 BANGALORE,C1517115,100.0,1,1
AMBUR TK VLR DT,C8434850,100.0,1,1
AMLI SILVASSA,C4888259,100.0,1,1
ANDHERI EAST SAKINAKA MUMBAI,C4934743,100.0,1,1
ANDHERI EAST SURATAHMADABAD TRNSPT,C4736316,100.0,1,1
BACKSIDE LANE HYDERABAD,C3310330,100.0,1,1
BADLAPUR (W),C6216819,100.0,1,1
BAGDAH,C7723712,100.0,1,1
"BANDRA EAST, MUMBAI",C4211560,100.0,1,1
BANK GWALIOR,C8811248,100.0,1,1
BASDEHRA,C8419317,100.0,1,1
BEAKERY BANGALORE,C4126636,100.0,1,1
BHARATI AGARTALA,C4219683,100.0,1,1
BHARMOUR,C6676616,100.0,1,1
BISSAR,C6111838,100.0,1,1
CBD-BELAPUR,C4249633,100.0,1,1
DANGWALGAON JAKHOLI RUDRAPRAYAG,C2414191,100.0,1,1
DARADP ROAD MUMBAI,C4716748,100.0,1,1
DODDATHAGUR BANGLORE,C2693660,100.0,1,1
EKANGARSARAI,C2531932,100.0,1,1
ERNAKULAM KOCHI,C4963777,100.0,1,1
GAVIOPURAM EXTENSION BANGALORE,C2230645,100.0,1,1
GHAMBHAT,C2212675,100.0,1,1
GREATER MUMBAI MCOPRP MUMBAI,C3229918,100.0,1,1
HADAPASAR MOHAMADWADI PUNE,C4517431,100.0,1,1
HANAMANTKHEDSIM,C7419141,100.0,1,1
HIRPURA,C2666127,100.0,1,1
HOSUR TALUK,C6438364,100.0,1,1
HYDERNAGAR KUKATPALLY HYDERABAD,C2524533,100.0,1,1
JAGATPUR,C2212186,100.0,1,1
JAIPUR 13,C5911546,100.0,1,1
KADAVUR,C7123668,100.0,1,1
KALAYANI,C3180845,100.0,1,1
KHERANI ROAD ANDHERI (EAST) MUMBAI,C8942188,100.0,1,1
KHURD TAL MULSHI  PUNE,C2736486,100.0,1,1
KOCHI 12,C6840658,100.0,1,1
KUSUNDA,C6521479,100.0,1,1
MALLAPUR,C1613567,100.0,1,1
MARY SCHOOL MIRAROAD (E) THANE,C8125463,100.0,1,1
NAGPUR NAGAPUR,C4117150,100.0,1,1
NALAGONDA,C2960528,100.0,1,1
NEAR MURLI SOMOSE WALA NEW DELHI,C3534465,100.0,1,1
NEAR OM SAI APPARTMENT GURGAON,C4911161,100.0,1,1
OFFICE HUGLI,C7239766,100.0,1,1
OPP BUDH VIHAR DELHI,C4333841,100.0,1,1
PASWADA GHAZIABAD,C2451434,100.0,1,1
PRABHANI,C5190979,100.0,1,1
PUDUSSERY,C1817757,100.0,1,1
RANGAREDDY DISTRICT,C7812215,100.0,1,1
ROAD HADAPSAR PUNE,C8239750,100.0,1,1
ROAD MANIPAL UDUPI UDUPI,C1513084,100.0,1,1
ROAD NEAR NANGLOI NEW DELHI,C6232712,100.0,1,1
SECTOR BANGALORE,C8615256,100.0,1,1
SEPAHIJALA,C4722382,100.0,1,1
SHOP BAGHPAT,C3941981,100.0,1,1
STATION WOC RD RAJAJINGR BANGALORE,C1032977,100.0,1,1
SUAR,C5923567,100.0,1,1
THIRUVULLORE,C4311084,100.0,1,1
THRICKODITHANAM,C6935168,100.0,1,1
ULHASNAGAR-3 ULHASNAGAR,C5219412,100.0,1,1
VIJAY NAGAR,C6334882,100.0,1,1
VIJAYA NGR OPP WATER TANK BANGALORE,C3237030,100.0,1,1
VIJAYARAI,C4065969,100.0,1,1
VIKHROLI MUMBAI,C8566235,100.0,1,1
WEST MOTILAL NAGAR MUMBAI MUMBAI,C3733440,100.0,1,1
YASHASHRI HOSPITAL PUNE,C2993638,100.0,1,1
NEW YORK,C3833051,99.21,1,1
CHARKOP KANDIVALIWEST MUMBAI,C1023716,98.97,1,1
VIVEKANANDA BANGALORE,C2140451,98.38,1,1
BANURI PALAMPUR,C8012570,98.0,1,1
JAINTA,C3221288,98.0,1,1
NANI DAMAN DAMAN,C6236831,98.0,1,1
PLAZA NAVI MUMBAI,C5420446,98.0,1,1
PURVI,C3814727,98.0,1,1
QTR ALIMUDDIN KOLKATA,C5760916,98.0,1,1
ASPUR,C3034817,97.0,1,1
JEWELLERS VASHI NAVI MUMBAI,C8526027,96.0,1,1
"WHITEFIELD, BANGALORE",C2614117,96.0,1,1
KARKUDALPATTI,C5917841,95.0,1,1
NAGO THANE,C8874926,95.0,1,1
NEEMKATHANA,C3432978,95.0,1,1
NORTH DELHI DELHI,C2662658,92.0,1,1
RAILWAY STN NAVI MUMBAI,C3923514,91.0,1,1
ALORE,C4020042,90.0,1,1
INSTITUTE BURDWAN,C6129984,90.0,1,1
LIKABALI,C4335231,90.0,1,1
PAPE JEANS PATNA,C4131048,90.0,1,1
PARK LALBAUG MUMBAI,C6921479,90.0,1,1
PATNA PATNA CITY PATNA,C1338719,90.0,1,1
PHASE-III GURGAON,C2118517,90.0,1,1
WEST CHINCHBUNDER MUMBAI,C7317117,90.0,1,1
BARPETA,C4735488,89.0,1,1
III BLOCK BANGALORE,C4335435,88.0,1,1
KHURDA BHUBANESWAR,C4499871,88.0,1,1
LINE MUNGER,C1738518,88.0,1,1
TIRUCHANOOR,C7383857,87.8,1,1
PARK BANGALORE,C1222525,82.5,1,1
COLONY VASHINAKA CHEMBUR MUMBAI,C6624666,80.0,1,1
CSM NAGAR,C6711513,80.0,1,1
DHARVHERA REWARI,C4826242,80.0,1,1
KHARAGPUR(M),C1239219,80.0,1,1
OPP TO KRISHNA TEMPLE BANGALORE,C7312445,80.0,1,1
PARBAT,C4519688,80.0,1,1
RABURURA,C6031389,80.0,1,1
SOUTH TWENTY FOUR PARAGANAS,C7825224,80.0,1,1
HAMPSHIRE,C2331162,79.5,1,1
ARPORA CHAPEL ARPORA,C5099444,79.0,1,1
BLOCK JAKKASANDRA BANGALORE,C4525049,78.0,1,1
FINOLEX CABLES WORK PIMPRI PUNE,C2430139,77.9,1,1
MAHATMA GANDHI STATUE HYDERABAD,C7187149,77.0,1,1
NO 2 SUBHASH NAGAR THANE THANE,C1076288,77.0,1,1
BAREGARH,C4142263,76.0,1,1
PONNERI TK,C8132790,75.64,1,1
THANJAUR,C1918730,75.64,1,1
NORTH CAROLINA,C2527428,75.46,1,1
DIST DARBHANGA,C4312850,75.0,1,1
FOCAL POINT LUDHIANA,C3911212,75.0,1,1
TIGHARA,C3519988,75.0,1,1
WEST MIDNAPORE KHARAGPUR,C5993270,75.0,1,1
BUS STOP HYDERABAD,C3151659,72.8,1,1
DABHAN,C2440222,72.5,1,1
SUDPUR,C6092069,72.0,1,1
PASHCHIM CHAMPARAN,C1338583,71.0,1,1
CHAMPARAM,C6321751,70.0,1,1
COLVALE BARDEZ,C4134211,70.0,1,1
JABALPUR JABALPUR,C8799616,70.0,1,1
MARG MUMBAI ANDHERI E,C4026489,70.0,1,1
VAJEDA,C7616833,70.0,1,1
VANIYAMBADI CIRLLE,C6236388,70.0,1,1
WEST WING MARISOFT IT PARK PUNE,C8420044,70.0,1,1
ARCHID BANGALORE,C3230987,68.0,1,1
VELOOR,C3761437,68.0,1,1
MANDSAVR,C4312147,67.64,1,1
AUBURN,C4128962,67.0,1,1
BADWANI,C7322115,67.0,1,1
NAME EAST KHASI HILLS SHILLONG,C1610131,67.0,1,1
FOURTH TANK KOLKATA,C6617732,66.47,1,1
NALLASOPARA WEST,C6142491,66.0,1,1
SINGHANA,C5914965,66.0,1,1
BUKSAR,C5933883,65.0,1,1
DUKIRKLINE PUNE,C4213070,65.0,1,1
GANGOLIHAT,C1228227,65.0,1,1
JASWAN KOTLA,C6721248,65.0,1,1
MARYGANJ,C4923874,62.0,1,1
HIGH SCHOOL THANE,C5910339,61.43,1,1
NEW TAIPEI CITY,C3536465,60.61,1,1
1601530 BANGALORE,C4424238,60.0,1,1
6TH STAGE BTM LAYOUT BANGALORE,C1679587,60.0,1,1
ARCH TIRUPATI,C1833174,60.0,1,1
BAKSAR,C3616165,60.0,1,1
BANDRA (W) MUMBAI,C8147062,60.0,1,1
COLLEGE GUNTUR,C3817784,60.0,1,1
COMMUNITY HALL SURAT,C1132060,60.0,1,1
COMPLEX KALYAN WEST THANE,C3116550,60.0,1,1
DELISLE ROAD DELISLE RD MUMBAI,C2710180,60.0,1,1
DIST VALSAD,C2520314,60.0,1,1
KHARAL,C2134782,60.0,1,1
KORAJJUR CHENNAI,C6515411,60.0,1,1
MUMBAI THANE NAVI MUMBAI,C6728351,60.0,1,1
MUNICIPAL HOWRAH,C9014740,60.0,1,1
OPP CHALLA HOSPITAL HYDERABAD,C4039331,60.0,1,1
PUTHUKKAD,C3516864,60.0,1,1
RAJSAMAND RAJSAMAND,C7035444,60.0,1,1
TIRUNELVELI DIST,C1034246,60.0,1,1
UPPER BAZAR RANCHI,C3231339,60.0,1,1
BHEEM NAGAR,C4730283,59.0,1,1
KPM DT,C3117983,59.0,1,1
LORETO COLLEGE DARJEELING,C8960317,59.0,1,1
QUIRLAPALE,C2316958,59.0,1,1
THRIUVALLUR,C2323491,59.0,1,1
PARLE EAST BAMANWADA MUMBAI,C4927726,57.88,1,1
STATION THANE,C6721411,57.54,1,1
TIRUNELVLI,C6125581,57.05,1,1
HIRAPURA,C7539258,56.0,1,1
24 PARGANS (S),C5012489,55.0,1,1
TIRUCHENDUR TALUK,C6237032,55.0,1,1
KHARAUNDHA,C1124412,54.0,1,1
NEAR BHIWADI ALWAR,C5731466,53.0,1,1
HATKANANGLE,C8532340,52.0,1,1
AJWA ROAD BARODA,C1729491,50.0,1,1
AMBAK,C4213418,50.0,1,1
BALLABHGARH,C2135829,50.0,1,1
BANK LANE MUMBAI,C1727960,50.0,1,1
BARUARI,C3619376,50.0,1,1
BELAN GANJ AGRA,C8929760,50.0,1,1
BHATNI,C5814030,50.0,1,1
BIKANER EAST,C7599724,50.0,1,1
BOISAR WEST,C8565276,50.0,1,1
BOMBAY CINEMA WEST MINDAPORE,C7533068,50.0,1,1
CIRCLE GANDHINAGAR,C2212453,50.0,1,1
COMPLEX HYDERABAD,C2121077,50.0,1,1
DENAP,C2933817,50.0,1,1
EAST S O MUMBAI,C1216736,50.0,1,1
GANDHIDHAM-KUTCH,C8733935,50.0,1,1
GIDDALUR PRAKASAM DISTIC,C3421812,50.0,1,1
GORAUL,C1915137,50.0,1,1
GUHAGAR,C8113365,50.0,1,1
GUPTA PATHOLOGY ALLAHABAD,C7614781,50.0,1,1
INDRI,C3630590,50.0,1,1
KACHCHH BHUJ,C5124246,50.0,1,1
KAKNPUR,C3427468,50.0,1,1
KANDIVLI WEST MUMBAI,C5628983,50.0,1,1
KARVE ROAD THANE,C8812917,50.0,1,1
KHARODI KHARODI MUMBAI MUMBAI,C1883286,50.0,1,1
KICHHA UDHAM SINGH NAGAR,C2423666,50.0,1,1
KODAIKANAL,C2140646,50.0,1,1
KUNDA PRATAPGARH,C1819849,50.0,1,1
KUSHMANDI,C5812521,50.0,1,1
LABOUR CHOWK DELHI,C4529879,50.0,1,1
MATIHA,C3812627,50.0,1,1
MUMBAI ANTOPHILL,C5833469,50.0,1,1
MUMBAI CTY,C1238418,50.0,1,1
NAGAR GOREGAON (EAST) MUMBAI,C7613882,50.0,1,1
NATIONAL BANK BURDWAN,C4441662,50.0,1,1
NEAR DELHI DARBAR HOTEL MUMBAI,C5237983,50.0,1,1
OFFICER MUMBAI,C5824183,50.0,1,1
PANAJI - GOA,C4239754,50.0,1,1
PANCHAYAT OFFICE RANGAREDDI,C6434969,50.0,1,1
PANJIM NORTH GOA,C3640422,50.0,1,1
PAPANASAM THANJAVUR,C7426618,50.0,1,1
PHASE BANGLORE,C1538939,50.0,1,1
POST OFFICE MUMBAI,C6060011,50.0,1,1
PRAKASAM DISTRICT,C1035539,50.0,1,1
SAHIBGANJ,C3112925,50.0,1,1
SELAI,C2729336,50.0,1,1
SIKANDRA,C6135255,50.0,1,1
SOUTH EAST DELHI,C2119444,50.0,1,1
TEMPLE BHUBANESWAR,C2227541,50.0,1,1
THAN MAHALUNGE INGALE PUNE,C3111491,50.0,1,1
THANE AMBERNATH,C6822291,50.0,1,1
UMARGAM,C6717254,50.0,1,1
WEST THANE THANE,C1027671,50.0,1,1
YARD PUNE PUNE,C4417818,50.0,1,1
AHILYABAI HOLKAR RD MUMBAI,C6931930,49.0,1,1
GOREGAON EAST,C5537119,49.0,1,1
P O AND DIST BURDWAN,C7452715,49.0,1,1
SCHOOL BHIWANDI,C1141074,49.0,1,1
ROAD WAKAD PUNE PUNE,C3832982,47.5,1,1
RAIGARH RAIGARH,C1631862,47.0,1,1
SELU,C1432446,47.0,1,1
CENTER DUBAI,C3621963,46.54,1,1
OFF SRINAGAR POLICE STATION THANE,C7523177,46.0,1,1
INDIAN BANK BANGALORE,C7420936,44.0,1,1
NAGAR KATRAJ PUNE,C9037963,43.0,1,1
PO ADITYAPUR 1,C7226216,43.0,1,1
BUXI BAZAR CUTTACK,C2630822,42.0,1,1
SAS NAGAR(MOHALI),C3616536,42.0,1,1
JAGDISHPUR,C8012370,41.0,1,1
GHINGHARTOLA TEH BAGESHWAR DIST,C6058483,40.0,1,1
HANDLOOM AHMEDABAD,C1727782,40.0,1,1
HATHIN,C7942472,40.0,1,1
PO DHANBAD DHANBAD,C6618621,40.0,1,1
SANDRA HOSUR ROAD BANGALORE,C1834286,40.0,1,1
SOHNA,C1632917,40.0,1,1
SONAPUKUR,C1830873,40.0,1,1
SOUTHWEST DELHI,C1929827,40.0,1,1
THANABHAWAN,C6987945,40.0,1,1
VISWANEEDAM BANGALORE NORTH,C8727142,40.0,1,1
PERIYARAMAPURAM,C4823179,39.94,1,1
FEDERAL BANK HYDERABAD,C8077888,37.13,1,1
CHEMBIKULAM,C8736161,37.0,1,1
NR BNS CLUB PUR SURAH HOOGHLY,C8014950,37.0,1,1
KALACHOWKI MUMBAI MUMBAI,C3314221,36.0,1,1
MATHERAN RD NAVI MUMBAI,C3428921,35.0,1,1
NEHRU HOSPITAL BERASIA ROAD BHOPAL,C2581837,35.0,1,1
PARNER,C3722061,33.0,1,1
THANE MUMBRA THANE,C3710019,33.0,1,1
CUDDALOURE(DT),C7781948,32.0,1,1
SAGOOR,C1025054,32.0,1,1
AJITGARH,C2435466,31.0,1,1
KHAR STATION KHAR (W) MUMBAI,C8519886,31.0,1,1
1601944 BANGALORE,C1826322,30.0,1,1
AFZLAPUR,C6330457,30.0,1,1
ARRAH,C3132323,30.0,1,1
D C KALYAN THANE,C4318773,30.0,1,1
GROUND KOLKATA,C1432345,30.0,1,1
JOGESHWARI (EAST) MUMBAI,C6731180,30.0,1,1
LBS MARG THANE,C1414565,30.0,1,1
MUMBAI SUB,C8422766,30.0,1,1
NAOPARA,C2368789,30.0,1,1
NR E AND D OFFICE KARIMGANJ,C7135339,30.0,1,1
P O PANVEL RAIGARH,C5110025,30.0,1,1
RWG RD BANGALORE,C4210275,30.0,1,1
SKIEN,C7040272,30.0,1,1
THEATER VADGAONSHERI PUNE,C6481724,30.0,1,1
TIRUVANAMALAI,C2237919,30.0,1,1
MEERTU,C4017073,28.76,1,1
COLONY GORAKHPUR,C8126645,27.0,1,1
SRIPERUMBVDUR,C1226534,27.0,1,1
GAHAMAR,C6015615,26.0,1,1
DHURI SANGRUR,C8757143,25.73,1,1
ATELI,C2940915,25.2,1,1
AMRITASAR,C1911976,25.0,1,1
BANGALOE,C4415349,25.0,1,1
CHANGNACHERRY,C2324979,25.0,1,1
CHSL NEAR D MART THANE W,C8611565,25.0,1,1
COLVALE,C3263374,25.0,1,1
DEHI,C3110558,25.0,1,1
FARWANIYA,C3126778,25.0,1,1
HAUZ RANI,C6734640,25.0,1,1
JANNUSAN,C6810365,25.0,1,1
JUNCTION CHENNAI,C8234192,25.0,1,1
MAJORDA,C2710343,25.0,1,1
MANDIR SURAT,C4541891,25.0,1,1
MANNHEIM,C7525591,25.0,1,1
MORDABAD,C1713415,25.0,1,1
NR HOOGHLY RIVER KOLKATA,C3342435,25.0,1,1
OFF CUBBON ROAD BANGALORE,C2611254,25.0,1,1
PANDRI RAIPUR,C4841549,25.0,1,1
QUAKERS HILL,C6729735,25.0,1,1
RAJIPUR,C1223215,25.0,1,1
RD MUMBAI,C8139782,25.0,1,1
SELANGOR,C7838524,25.0,1,1
SHILLONGGPO E KHASI HILLS SHILLONG,C3439524,25.0,1,1
VILE PARLE MUMBAI,C8341821,25.0,1,1
VISAKHAPATNAM (URBAN),C1742653,25.0,1,1
WHITEFIELD ROAD BANGALORE,C4937983,25.0,1,1
KALYAN EAST THANE,C7910973,24.0,1,1
SHAH RESIDENCY GANGTOK,C1333927,20.26,1,1
24 PARGANAS SOUTH 24 PARGANAS,C8529478,20.0,1,1
B NO 3 KALYANI NAGAR PUNE,C1242525,20.0,1,1
BUS DEPOT BORIVALI E MUMBAI,C6213882,20.0,1,1
CHEYYAR,C1029954,20.0,1,1
DADARI,C7822265,20.0,1,1
DONGRI MUMBAI,C4810727,20.0,1,1
GARHSHANKER,C2469729,20.0,1,1
KALOOR POST KOCHI,C2231245,20.0,1,1
KURKIHAR,C7998867,20.0,1,1
SCHOOL CHAKALA ANDHERI E MUMBAI,C4120367,20.0,1,1
TARDEO MUMBAI CENTRAL MUMBAI,C2217933,20.0,1,1
WEST MEDINIPUR,C7934043,20.0,1,1
DIGHA THANE MUMBAI,C3173078,18.0,1,1
MIDC ANDHERI EAST MUMBAI,C5936623,17.0,1,1
RANGAREDDY RANGAREDDY,C8242015,17.0,1,1
ZELEM,C7520329,16.95,1,1
JUFFAIR,C4916785,16.0,1,1
BAGARAPET KOLAR,C7270012,15.0,1,1
BANGALOR,C1119467,15.0,1,1
KHARSWAN JAMSHEDPUR,C1093160,15.0,1,1
POPHALI,C8735133,15.0,1,1
DARRANG,C6119176,14.0,1,1
ROAD GREATER NOIDA,C1812011,14.0,1,1
SHAHAPUR,C1239837,14.0,1,1
AL KHOBAR 31952,C8339840,13.26,1,1
MARRIEGE HOUSE GORAKHPUR,C3635225,12.48,1,1
NEAR BHAKTINAGAR THANA SILIGURI,C6520452,11.78,1,1
CHINTAMANI,C1010992,11.0,1,1
HARIYAS DRIM PARK MIRA RD E THANE,C7511142,10.1,1,1
AIROLI THANE DIGHA NAVI MUMBAI,C3121688,10.0,1,1
ALWAR BHIWADI,C8021049,10.0,1,1
CHINMAYA BANGALORE,C8142173,10.0,1,1
CIVIL HOSPITAL PAONTA SAHIB,C3027273,10.0,1,1
DOMBIVALI E TILAKNAGAR THANE,C7511941,10.0,1,1
EAST TEH THANE THANE,C1811391,10.0,1,1
EXCHANGE PS ROAD RANGAREDDY,C2042580,10.0,1,1
HANUMAN TEMPLE RD HYDERABAD,C3627431,10.0,1,1
HOTEL PUNE,C8724140,10.0,1,1
INDUSTRIAL AREA RABALE NAVI MUMBAI,C2515163,10.0,1,1
JARADA,C2041323,10.0,1,1
KHOWAI,C2336791,10.0,1,1
MALWAN,C2163224,10.0,1,1
MANDIR HALL NAVI MUMBAI,C7117839,10.0,1,1
NAGAR CROSS ROAD SURAT SURAT,C5328176,10.0,1,1
RT NAGAR BANGALORE,C4966450,10.0,1,1
TASGAON,C3914088,10.0,1,1
ROAD EMP P11314 BANGALORE,C1331812,9.0,1,1
GANGARDI,C1792557,8.99,1,1
KORIA,C3016766,8.58,1,1
KATARGAM  SURAT,C1834155,8.56,1,1
SRIPERUMBUDUR TALUK KANCHEEPURAM,C8125513,6.0,1,1
COLONY MOTI MAHAL DELUX PATNA,C1539812,5.0,1,1
HANUMAN TEMPLE JAJPUR,C3627720,5.0,1,1
MIRAROAD EAST,C1610960,4.89,1,1
TEH BALACHAUR,C2635081,4.52,1,1
ALMOND HOUSE HYDERABAD,C3735926,3.5,1,1
VARACHHA ROAD SURAT,C1234077,2.96,1,1
GULMANDI ROAD AURANGABAD,C7820487,2.79,1,1
BHOSARI PUNE,C3411711,2.0,1,1
CHAURAHA KANPUR,C5022985,2.0,1,1
CITY SEMBATTU AIRPORT TRICHY,C5072178,2.0,1,1
MARATHAHALLI SOUTH BANGALORE SOUTH,C5718458,2.0,1,1
DHANTURIA,C8126255,1.9,1,1
PAYAGPUR,C2221748,1.56,1,1
ANANTAPUR DIST,C2824455,1.0,1,1
ASPATAL ASHOK NAGAR MORADABAD,C1012814,1.0,1,1
ASSOCIATES SALEM,C7227879,1.0,1,1
BABU STATUE CHENNAI,C3238370,1.0,1,1
CHACHAK,C1324685,1.0,1,1
CHAPRELI,C8441340,1.0,1,1
CHURACH ANDPUR,C6916327,1.0,1,1
GURU VILL BUNGALOWS ANAND,C2736175,1.0,1,1
I BARDDHAMAN,C2130049,1.0,1,1
JAMBUSAR,C1119384,1.0,1,1
JIAGANJ,C2420865,1.0,1,1
KHARAGPUR RLY STN KHARAGPUR,C2926855,1.0,1,1
NALASOPARA W PALGHAR,C3964384,1.0,1,1
NR CANTABILL SHOWROOM SONIPAT,C2633069,1.0,1,1
PUNE PISOLI,C2332645,1.0,1,1
RAJASAMAND,C8716530,1.0,1,1
RAOTA,C4128734,1.0,1,1
STORE ROHTAK,C5642441,1.0,1,1
ULHASNAGAR 3,C5437426,1.0,1,1
VILLAGE SAKINAKA MUMBAI,C4332755,1.0,1,1
YEOLA DIST NASIK,C8540645,1.0,1,1
ZAHIRABAD,C1228246,1.0,1,1
NEGARA,C6322157,0.74,1,1
GUJARAT UDWADA,C3523153,0.0,1,1
KARUR DI,C6176685,0.0,1,1
NORTH SYDNEY,C1024147,0.0,1,1
OPP FORTUNE TOWER HYDERABAD,C7910564,0.0,1,1
